,filepath,class_name,class_idx,generator,source_split,is_ood
0,//kaggle/input/datasets/vtphatt2/genimage-glide/glide/imagenet_glide/train/ai/GLIDE_1000_200_00_059_glide_00156.png,diffusion,2,glide,train,True
1,//kaggle/input/datasets/vtphatt2/genimage-glide/glide/imagenet_glide/train/ai/GLIDE_1000_200_07_785_glide_00184.png,diffusion,2,glide,train,True
2,//kaggle/input/datasets/vtphatt2/genimage-glide/glide/imagenet_glide/train/ai/GLIDE_1000_200_06_634_glide_00141.png,diffusion,2,glide,train,True
3,//kaggle/input/datasets/vtphatt2/genimage-glide/glide/imagenet_glide/train/ai/GLIDE_1000_200_05_551_glide_00036.png,diffusion,2,glide,train,True
4,//kaggle/input/datasets/vtphatt2/genimage-glide/glide/imagenet_glide/train/ai/GLIDE_1000_200_07_795_glide_00084.png,diffusion,2,glide,train,True
5,//kaggle/input/datasets/vtphatt2/genimage-glide/glide/imagenet_glide/train/ai/GLIDE_1000_200_02_243_glide_00176.png,diffusion,2,glide,train,True
6,//kaggle/input/datasets/vtphatt2/genimage-glide/glide/imagenet_glide/train/ai/GLIDE_1000_200_08_865_glide_00006.png,diffusion,2,glide,train,True
7,//kaggle/input/datasets/vtphatt2/genimage-glide/glide/imagenet_glide/train/ai/GLIDE_1000_200_03_334_glide_00089.png,diffusion,2,glide,train,True
8,//kaggle/input/datasets/vtphatt2/genimage-glide/glide/imagenet_glide/train/ai/GLIDE_1000_200_09_968_glide_00079.png,diffusion,2,glide,train,True
9,//kaggle/input/datasets/vtphatt2/genimage-glide/glide/imagenet_glide/train/ai/GLIDE_1000_200_03_318_glide_00137.png,diffusion,2,glide,train,True
10,//kaggle/input/datasets/vtphatt2/genimage-glide/glide/imagenet_glide/train/ai/GLIDE_1000_200_03_357_glide_00119.png,diffusion,2,glide,train,True
11,//kaggle/input/datasets/vtphatt2/genimage-glide/glide/imagenet_glide/train/ai/GLIDE_1000_200_03_390_glide_00032.png,diffusion,2,glide,train,True
12,//kaggle/input/datasets/vtphatt2/genimage-glide/glide/imagenet_glide/train/ai/GLIDE_1000_200_03_326_glide_00102.png,diffusion,2,glide,train,True
13,//kaggle/input/datasets/vtphatt2/genimage-glide/glide/imagenet_glide/train/ai/GLIDE_1000_200_08_801_glide_00060.png,diffusion,2,glide,train,True
14,//kaggle/input/datasets/vtphatt2/genimage-glide/glide/imagenet_glide/train/ai/GLIDE_1000_200_01_187_glide_00085.png,diffusion,2,glide,train,True
15,//kaggle/input/datasets/vtphatt2/genimage-glide/glide/imagenet_glide/train/ai/GLIDE_1000_200_00_090_glide_00159.png,diffusion,2,glide,train,True
16,//kaggle/input/datasets/vtphatt2/genimage-glide/glide/imagenet_glide/train/ai/GLIDE_1000_200_09_911_glide_00049.png,diffusion,2,glide,train,True
17,//kaggle/input/datasets/vtphatt2/genimage-glide/glide/imagenet_glide/train/ai/GLIDE_1000_200_03_373_glide_00123.png,diffusion,2,glide,train,True
18,//kaggle/input/datasets/vtphatt2/genimage-glide/glide/imagenet_glide/train/ai/GLIDE_1000_200_02_210_glide_00094.png,diffusion,2,glide,train,True
19,//kaggle/input/datasets/vtphatt2/genimage-glide/glide/imagenet_glide/train/ai/GLIDE_1000_200_07_791_glide_00064.png,diffusion,2,glide,train,True
20,//kaggle/input/datasets/vtphatt2/genimage-glide/glide/imagenet_glide/train/ai/GLIDE_1000_200_07_729_glide_00107.png,diffusion,2,glide,train,True
21,//kaggle/input/datasets/vtphatt2/genimage-glide/glide/imagenet_glide/train/ai/GLIDE_1000_200_07_758_glide_00132.png,diffusion,2,glide,train,True
22,//kaggle/input/datasets/vtphatt2/genimage-glide/glide/imagenet_glide/train/ai/GLIDE_1000_200_07_738_glide_00117.png,diffusion,2,glide,train,True
23,//kaggle/input/datasets/vtphatt2/genimage-glide/glide/imagenet_glide/train/ai/GLIDE_1000_200_06_603_glide_00190.png,diffusion,2,glide,train,True
24,//kaggle/input/datasets/vtphatt2/genimage-glide/glide/imagenet_glide/train/ai/GLIDE_1000_200_09_971_glide_00012.png,diffusion,2,glide,train,True
25,//kaggle/input/datasets/vtphatt2/genimage-glide/glide/imagenet_glide/train/ai/GLIDE_1000_200_01_130_glide_00149.png,diffusion,2,glide,train,True
26,//kaggle/input/datasets/vtphatt2/genimage-glide/glide/imagenet_glide/train/ai/GLIDE_1000_200_07_771_glide_00198.png,diffusion,2,glide,train,True
27,//kaggle/input/datasets/vtphatt2/genimage-glide/glide/imagenet_glide/train/ai/GLIDE_1000_200_03_359_glide_00167.png,diffusion,2,glide,train,True
28,//kaggle/input/datasets/vtphatt2/genimage-glide/glide/imagenet_glide/train/ai/GLIDE_1000_200_06_674_glide_00105.png,diffusion,2,glide,train,True
29,//kaggle/input/datasets/vtphatt2/genimage-glide/glide/imagenet_glide/train/ai/GLIDE_1000_200_08_870_glide_00160.png,diffusion,2,glide,train,True
30,//kaggle/input/datasets/vtphatt2/genimage-glide/glide/imagenet_glide/train/ai/GLIDE_1000_200_04_452_glide_00032.png,diffusion,2,glide,train,True
31,//kaggle/input/datasets/vtphatt2/genimage-glide/glide/imagenet_glide/train/ai/GLIDE_1000_200_09_978_glide_00028.png,diffusion,2,glide,train,True
32,//kaggle/input/datasets/vtphatt2/genimage-glide/glide/imagenet_glide/train/ai/GLIDE_1000_200_02_204_glide_00107.png,diffusion,2,glide,train,True
33,//kaggle/input/datasets/vtphatt2/genimage-glide/glide/imagenet_glide/train/ai/GLIDE_1000_200_07_707_glide_00040.png,diffusion,2,glide,train,True
34,//kaggle/input/datasets/vtphatt2/genimage-glide/glide/imagenet_glide/train/ai/GLIDE_1000_200_01_142_glide_00057.png,diffusion,2,glide,train,True
35,//kaggle/input/datasets/vtphatt2/genimage-glide/glide/imagenet_glide/train/ai/GLIDE_1000_200_01_160_glide_00173.png,diffusion,2,glide,train,True
36,//kaggle/input/datasets/vtphatt2/genimage-glide/glide/imagenet_glide/train/ai/GLIDE_1000_200_00_041_glide_00055.png,diffusion,2,glide,train,True
37,//kaggle/input/datasets/vtphatt2/genimage-glide/glide/imagenet_glide/train/ai/GLIDE_1000_200_08_878_glide_00104.png,diffusion,2,glide,train,True
38,//kaggle/input/datasets/vtphatt2/genimage-glide/glide/imagenet_glide/train/ai/GLIDE_1000_200_01_183_glide_00095.png,diffusion,2,glide,train,True
39,//kaggle/input/datasets/vtphatt2/genimage-glide/glide/imagenet_glide/train/ai/GLIDE_1000_200_01_161_glide_00178.png,diffusion,2,glide,train,True
40,//kaggle/input/datasets/vtphatt2/genimage-glide/glide/imagenet_glide/train/ai/GLIDE_1000_200_04_458_glide_00073.png,diffusion,2,glide,train,True
41,//kaggle/input/datasets/vtphatt2/genimage-glide/glide/imagenet_glide/train/ai/GLIDE_1000_200_03_339_glide_00077.png,diffusion,2,glide,train,True
42,//kaggle/input/datasets/vtphatt2/genimage-glide/glide/imagenet_glide/train/ai/GLIDE_1000_200_02_258_glide_00186.png,diffusion,2,glide,train,True
43,//kaggle/input/datasets/vtphatt2/genimage-glide/glide/imagenet_glide/train/ai/GLIDE_1000_200_03_353_glide_00048.png,diffusion,2,glide,train,True
44,//kaggle/input/datasets/vtphatt2/genimage-glide/glide/imagenet_glide/train/ai/GLIDE_1000_200_03_332_glide_00011.png,diffusion,2,glide,train,True
45,//kaggle/input/datasets/vtphatt2/genimage-glide/glide/imagenet_glide/train/ai/GLIDE_1000_200_03_388_glide_00032.png,diffusion,2,glide,train,True
46,//kaggle/input/datasets/vtphatt2/genimage-glide/glide/imagenet_glide/train/ai/GLIDE_1000_200_06_637_glide_00154.png,diffusion,2,glide,train,True
47,//kaggle/input/datasets/vtphatt2/genimage-glide/glide/imagenet_glide/train/ai/GLIDE_1000_200_01_115_glide_00190.png,diffusion,2,glide,train,True
48,//kaggle/input/datasets/vtphatt2/genimage-glide/glide/imagenet_glide/train/ai/GLIDE_1000_200_05_548_glide_00176.png,diffusion,2,glide,train,True
49,//kaggle/input/datasets/vtphatt2/genimage-glide/glide/imagenet_glide/train/ai/GLIDE_1000_200_01_185_glide_00102.png,diffusion,2,glide,train,True
50,//kaggle/input/datasets/vtphatt2/genimage-glide/glide/imagenet_glide/train/ai/GLIDE_1000_200_05_550_glide_00037.png,diffusion,2,glide,train,True
51,//kaggle/input/datasets/vtphatt2/genimage-glide/glide/imagenet_glide/train/ai/GLIDE_1000_200_07_754_glide_00179.png,diffusion,2,glide,train,True
52,//kaggle/input/datasets/vtphatt2/genimage-glide/glide/imagenet_glide/train/ai/GLIDE_1000_200_03_340_glide_00057.png,diffusion,2,glide,train,True
53,//kaggle/input/datasets/vtphatt2/genimage-glide/glide/imagenet_glide/train/ai/GLIDE_1000_200_00_075_glide_00169.png,diffusion,2,glide,train,True
54,//kaggle/input/datasets/vtphatt2/genimage-glide/glide/imagenet_glide/train/ai/GLIDE_1000_200_09_964_glide_00012.png,diffusion,2,glide,train,True
55,//kaggle/input/datasets/vtphatt2/genimage-glide/glide/imagenet_glide/train/ai/GLIDE_1000_200_03_392_glide_00145.png,diffusion,2,glide,train,True
56,//kaggle/input/datasets/vtphatt2/genimage-glide/glide/imagenet_glide/train/ai/GLIDE_1000_200_04_458_glide_00052.png,diffusion,2,glide,train,True
57,//kaggle/input/datasets/vtphatt2/genimage-glide/glide/imagenet_glide/train/ai/GLIDE_1000_200_00_002_glide_00167.png,diffusion,2,glide,train,True
58,//kaggle/input/datasets/vtphatt2/genimage-glide/glide/imagenet_glide/train/ai/GLIDE_1000_200_09_997_glide_00066.png,diffusion,2,glide,train,True
59,//kaggle/input/datasets/vtphatt2/genimage-glide/glide/imagenet_glide/train/ai/GLIDE_1000_200_04_461_glide_00122.png,diffusion,2,glide,train,True
60,//kaggle/input/datasets/vtphatt2/genimage-glide/glide/imagenet_glide/train/ai/GLIDE_1000_200_07_727_glide_00155.png,diffusion,2,glide,train,True
61,//kaggle/input/datasets/vtphatt2/genimage-glide/glide/imagenet_glide/train/ai/GLIDE_1000_200_00_086_glide_00169.png,diffusion,2,glide,train,True
62,//kaggle/input/datasets/vtphatt2/genimage-glide/glide/imagenet_glide/train/ai/GLIDE_1000_200_03_371_glide_00172.png,diffusion,2,glide,train,True
63,//kaggle/input/datasets/vtphatt2/genimage-glide/glide/imagenet_glide/train/ai/GLIDE_1000_200_00_034_glide_00048.png,diffusion,2,glide,train,True
64,//kaggle/input/datasets/vtphatt2/genimage-glide/glide/imagenet_glide/train/ai/GLIDE_1000_200_06_689_glide_00187.png,diffusion,2,glide,train,True
65,//kaggle/input/datasets/vtphatt2/genimage-glide/glide/imagenet_glide/train/ai/GLIDE_1000_200_08_812_glide_00014.png,diffusion,2,glide,train,True
66,//kaggle/input/datasets/vtphatt2/genimage-glide/glide/imagenet_glide/train/ai/GLIDE_1000_200_03_335_glide_00142.png,diffusion,2,glide,train,True
67,//kaggle/input/datasets/vtphatt2/genimage-glide/glide/imagenet_glide/train/ai/GLIDE_1000_200_02_206_glide_00058.png,diffusion,2,glide,train,True
68,//kaggle/input/datasets/vtphatt2/genimage-glide/glide/imagenet_glide/train/ai/GLIDE_1000_200_00_053_glide_00014.png,diffusion,2,glide,train,True
69,//kaggle/input/datasets/vtphatt2/genimage-glide/glide/imagenet_glide/train/ai/GLIDE_1000_200_08_811_glide_00043.png,diffusion,2,glide,train,True
70,//kaggle/input/datasets/vtphatt2/genimage-glide/glide/imagenet_glide/train/ai/GLIDE_1000_200_09_937_glide_00173.png,diffusion,2,glide,train,True
71,//kaggle/input/datasets/vtphatt2/genimage-glide/glide/imagenet_glide/train/ai/GLIDE_1000_200_02_268_glide_00072.png,diffusion,2,glide,train,True
72,//kaggle/input/datasets/vtphatt2/genimage-glide/glide/imagenet_glide/train/ai/GLIDE_1000_200_04_434_glide_00132.png,diffusion,2,glide,train,True
73,//kaggle/input/datasets/vtphatt2/genimage-glide/glide/imagenet_glide/train/ai/GLIDE_1000_200_08_800_glide_00103.png,diffusion,2,glide,train,True
74,//kaggle/input/datasets/vtphatt2/genimage-glide/glide/imagenet_glide/train/ai/GLIDE_1000_200_04_414_glide_00103.png,diffusion,2,glide,train,True
75,//kaggle/input/datasets/vtphatt2/genimage-glide/glide/imagenet_glide/train/ai/GLIDE_1000_200_04_441_glide_00186.png,diffusion,2,glide,train,True
76,//kaggle/input/datasets/vtphatt2/genimage-glide/glide/imagenet_glide/train/ai/GLIDE_1000_200_08_830_glide_00007.png,diffusion,2,glide,train,True
77,//kaggle/input/datasets/vtphatt2/genimage-glide/glide/imagenet_glide/train/ai/GLIDE_1000_200_06_670_glide_00157.png,diffusion,2,glide,train,True
78,//kaggle/input/datasets/vtphatt2/genimage-glide/glide/imagenet_glide/train/ai/GLIDE_1000_200_07_719_glide_00153.png,diffusion,2,glide,train,True
79,//kaggle/input/datasets/vtphatt2/genimage-glide/glide/imagenet_glide/train/ai/GLIDE_1000_200_09_974_glide_00055.png,diffusion,2,glide,train,True
80,//kaggle/input/datasets/vtphatt2/genimage-glide/glide/imagenet_glide/train/ai/GLIDE_1000_200_08_809_glide_00191.png,diffusion,2,glide,train,True
81,//kaggle/input/datasets/vtphatt2/genimage-glide/glide/imagenet_glide/train/ai/GLIDE_1000_200_02_207_glide_00094.png,diffusion,2,glide,train,True
82,//kaggle/input/datasets/vtphatt2/genimage-glide/glide/imagenet_glide/train/ai/GLIDE_1000_200_06_641_glide_00026.png,diffusion,2,glide,train,True
83,//kaggle/input/datasets/vtphatt2/genimage-glide/glide/imagenet_glide/train/ai/GLIDE_1000_200_06_631_glide_00023.png,diffusion,2,glide,train,True
84,//kaggle/input/datasets/vtphatt2/genimage-glide/glide/imagenet_glide/train/ai/GLIDE_1000_200_01_106_glide_00184.png,diffusion,2,glide,train,True
85,//kaggle/input/datasets/vtphatt2/genimage-glide/glide/imagenet_glide/train/ai/GLIDE_1000_200_00_083_glide_00022.png,diffusion,2,glide,train,True
86,//kaggle/input/datasets/vtphatt2/genimage-glide/glide/imagenet_glide/train/ai/GLIDE_1000_200_07_742_glide_00136.png,diffusion,2,glide,train,True
87,//kaggle/input/datasets/vtphatt2/genimage-glide/glide/imagenet_glide/train/ai/GLIDE_1000_200_04_465_glide_00011.png,diffusion,2,glide,train,True
88,//kaggle/input/datasets/vtphatt2/genimage-glide/glide/imagenet_glide/train/ai/GLIDE_1000_200_09_981_glide_00052.png,diffusion,2,glide,train,True
89,//kaggle/input/datasets/vtphatt2/genimage-glide/glide/imagenet_glide/train/ai/GLIDE_1000_200_01_161_glide_00066.png,diffusion,2,glide,train,True
90,//kaggle/input/datasets/vtphatt2/genimage-glide/glide/imagenet_glide/train/ai/GLIDE_1000_200_06_660_glide_00182.png,diffusion,2,glide,train,True
91,//kaggle/input/datasets/vtphatt2/genimage-glide/glide/imagenet_glide/train/ai/GLIDE_1000_200_07_766_glide_00096.png,diffusion,2,glide,train,True
92,//kaggle/input/datasets/vtphatt2/genimage-glide/glide/imagenet_glide/train/ai/GLIDE_1000_200_00_017_glide_00036.png,diffusion,2,glide,train,True
93,//kaggle/input/datasets/vtphatt2/genimage-glide/glide/imagenet_glide/train/ai/GLIDE_1000_200_01_107_glide_00014.png,diffusion,2,glide,train,True
94,//kaggle/input/datasets/vtphatt2/genimage-glide/glide/imagenet_glide/train/ai/GLIDE_1000_200_03_311_glide_00134.png,diffusion,2,glide,train,True
95,//kaggle/input/datasets/vtphatt2/genimage-glide/glide/imagenet_glide/train/ai/GLIDE_1000_200_04_444_glide_00096.png,diffusion,2,glide,train,True
96,//kaggle/input/datasets/vtphatt2/genimage-glide/glide/imagenet_glide/train/ai/GLIDE_1000_200_02_269_glide_00054.png,diffusion,2,glide,train,True
97,//kaggle/input/datasets/vtphatt2/genimage-glide/glide/imagenet_glide/train/ai/GLIDE_1000_200_00_071_glide_00006.png,diffusion,2,glide,train,True
98,//kaggle/input/datasets/vtphatt2/genimage-glide/glide/imagenet_glide/train/ai/GLIDE_1000_200_03_366_glide_00172.png,diffusion,2,glide,train,True
99,//kaggle/input/datasets/vtphatt2/genimage-glide/glide/imagenet_glide/train/ai/GLIDE_1000_200_04_471_glide_00178.png,diffusion,2,glide,train,True
100,//kaggle/input/datasets/vtphatt2/genimage-glide/glide/imagenet_glide/train/ai/GLIDE_1000_200_02_248_glide_00087.png,diffusion,2,glide,train,True
101,//kaggle/input/datasets/vtphatt2/genimage-glide/glide/imagenet_glide/train/ai/GLIDE_1000_200_08_886_glide_00140.png,diffusion,2,glide,train,True
102,//kaggle/input/datasets/vtphatt2/genimage-glide/glide/imagenet_glide/train/ai/GLIDE_1000_200_09_989_glide_00030.png,diffusion,2,glide,train,True
103,//kaggle/input/datasets/vtphatt2/genimage-glide/glide/imagenet_glide/train/ai/GLIDE_1000_200_07_769_glide_00119.png,diffusion,2,glide,train,True
104,//kaggle/input/datasets/vtphatt2/genimage-glide/glide/imagenet_glide/train/ai/GLIDE_1000_200_01_160_glide_00124.png,diffusion,2,glide,train,True
105,//kaggle/input/datasets/vtphatt2/genimage-glide/glide/imagenet_glide/train/ai/GLIDE_1000_200_04_474_glide_00023.png,diffusion,2,glide,train,True
106,//kaggle/input/datasets/vtphatt2/genimage-glide/glide/imagenet_glide/train/ai/GLIDE_1000_200_07_783_glide_00186.png,diffusion,2,glide,train,True
107,//kaggle/input/datasets/vtphatt2/genimage-glide/glide/imagenet_glide/train/ai/GLIDE_1000_200_09_921_glide_00023.png,diffusion,2,glide,train,True
108,//kaggle/input/datasets/vtphatt2/genimage-glide/glide/imagenet_glide/train/ai/GLIDE_1000_200_02_231_glide_00014.png,diffusion,2,glide,train,True
109,//kaggle/input/datasets/vtphatt2/genimage-glide/glide/imagenet_glide/train/ai/GLIDE_1000_200_04_489_glide_00191.png,diffusion,2,glide,train,True
110,//kaggle/input/datasets/vtphatt2/genimage-glide/glide/imagenet_glide/train/ai/GLIDE_1000_200_00_005_glide_00076.png,diffusion,2,glide,train,True
111,//kaggle/input/datasets/vtphatt2/genimage-glide/glide/imagenet_glide/train/ai/GLIDE_1000_200_02_258_glide_00084.png,diffusion,2,glide,train,True
112,//kaggle/input/datasets/vtphatt2/genimage-glide/glide/imagenet_glide/train/ai/GLIDE_1000_200_01_192_glide_00001.png,diffusion,2,glide,train,True
113,//kaggle/input/datasets/vtphatt2/genimage-glide/glide/imagenet_glide/train/ai/GLIDE_1000_200_01_141_glide_00190.png,diffusion,2,glide,train,True
114,//kaggle/input/datasets/vtphatt2/genimage-glide/glide/imagenet_glide/train/ai/GLIDE_1000_200_05_501_glide_00063.png,diffusion,2,glide,train,True
115,//kaggle/input/datasets/vtphatt2/genimage-glide/glide/imagenet_glide/train/ai/GLIDE_1000_200_08_817_glide_00141.png,diffusion,2,glide,train,True
116,//kaggle/input/datasets/vtphatt2/genimage-glide/glide/imagenet_glide/train/ai/GLIDE_1000_200_06_602_glide_00109.png,diffusion,2,glide,train,True
117,//kaggle/input/datasets/vtphatt2/genimage-glide/glide/imagenet_glide/train/ai/GLIDE_1000_200_01_150_glide_00036.png,diffusion,2,glide,train,True
118,//kaggle/input/datasets/vtphatt2/genimage-glide/glide/imagenet_glide/train/ai/GLIDE_1000_200_07_785_glide_00142.png,diffusion,2,glide,train,True
119,//kaggle/input/datasets/vtphatt2/genimage-glide/glide/imagenet_glide/train/ai/GLIDE_1000_200_06_648_glide_00096.png,diffusion,2,glide,train,True
120,//kaggle/input/datasets/vtphatt2/genimage-glide/glide/imagenet_glide/train/ai/GLIDE_1000_200_08_890_glide_00031.png,diffusion,2,glide,train,True
121,//kaggle/input/datasets/vtphatt2/genimage-glide/glide/imagenet_glide/train/ai/GLIDE_1000_200_08_862_glide_00091.png,diffusion,2,glide,train,True
122,//kaggle/input/datasets/vtphatt2/genimage-glide/glide/imagenet_glide/train/ai/GLIDE_1000_200_09_972_glide_00017.png,diffusion,2,glide,train,True
123,//kaggle/input/datasets/vtphatt2/genimage-glide/glide/imagenet_glide/train/ai/GLIDE_1000_200_02_259_glide_00059.png,diffusion,2,glide,train,True
124,//kaggle/input/datasets/vtphatt2/genimage-glide/glide/imagenet_glide/train/ai/GLIDE_1000_200_05_511_glide_00066.png,diffusion,2,glide,train,True
125,//kaggle/input/datasets/vtphatt2/genimage-glide/glide/imagenet_glide/train/ai/GLIDE_1000_200_07_751_glide_00183.png,diffusion,2,glide,train,True
126,//kaggle/input/datasets/vtphatt2/genimage-glide/glide/imagenet_glide/train/ai/GLIDE_1000_200_06_624_glide_00154.png,diffusion,2,glide,train,True
127,//kaggle/input/datasets/vtphatt2/genimage-glide/glide/imagenet_glide/train/ai/GLIDE_1000_200_01_117_glide_00037.png,diffusion,2,glide,train,True
128,//kaggle/input/datasets/vtphatt2/genimage-glide/glide/imagenet_glide/train/ai/GLIDE_1000_200_06_688_glide_00131.png,diffusion,2,glide,train,True
129,//kaggle/input/datasets/vtphatt2/genimage-glide/glide/imagenet_glide/train/ai/GLIDE_1000_200_00_036_glide_00181.png,diffusion,2,glide,train,True
130,//kaggle/input/datasets/vtphatt2/genimage-glide/glide/imagenet_glide/train/ai/GLIDE_1000_200_09_925_glide_00028.png,diffusion,2,glide,train,True
131,//kaggle/input/datasets/vtphatt2/genimage-glide/glide/imagenet_glide/train/ai/GLIDE_1000_200_06_676_glide_00010.png,diffusion,2,glide,train,True
132,//kaggle/input/datasets/vtphatt2/genimage-glide/glide/imagenet_glide/train/ai/GLIDE_1000_200_03_370_glide_00004.png,diffusion,2,glide,train,True
133,//kaggle/input/datasets/vtphatt2/genimage-glide/glide/imagenet_glide/train/ai/GLIDE_1000_200_04_431_glide_00138.png,diffusion,2,glide,train,True
134,//kaggle/input/datasets/vtphatt2/genimage-glide/glide/imagenet_glide/train/ai/GLIDE_1000_200_09_997_glide_00004.png,diffusion,2,glide,train,True
135,//kaggle/input/datasets/vtphatt2/genimage-glide/glide/imagenet_glide/train/ai/GLIDE_1000_200_09_951_glide_00040.png,diffusion,2,glide,train,True
136,//kaggle/input/datasets/vtphatt2/genimage-glide/glide/imagenet_glide/train/ai/GLIDE_1000_200_05_533_glide_00137.png,diffusion,2,glide,train,True
137,//kaggle/input/datasets/vtphatt2/genimage-glide/glide/imagenet_glide/train/ai/GLIDE_1000_200_09_935_glide_00178.png,diffusion,2,glide,train,True
138,//kaggle/input/datasets/vtphatt2/genimage-glide/glide/imagenet_glide/train/ai/GLIDE_1000_200_00_046_glide_00185.png,diffusion,2,glide,train,True
139,//kaggle/input/datasets/vtphatt2/genimage-glide/glide/imagenet_glide/train/ai/GLIDE_1000_200_07_757_glide_00011.png,diffusion,2,glide,train,True
140,//kaggle/input/datasets/vtphatt2/genimage-glide/glide/imagenet_glide/train/ai/GLIDE_1000_200_08_818_glide_00141.png,diffusion,2,glide,train,True
141,//kaggle/input/datasets/vtphatt2/genimage-glide/glide/imagenet_glide/train/ai/GLIDE_1000_200_07_782_glide_00075.png,diffusion,2,glide,train,True
142,//kaggle/input/datasets/vtphatt2/genimage-glide/glide/imagenet_glide/train/ai/GLIDE_1000_200_02_214_glide_00185.png,diffusion,2,glide,train,True
143,//kaggle/input/datasets/vtphatt2/genimage-glide/glide/imagenet_glide/train/ai/GLIDE_1000_200_06_683_glide_00180.png,diffusion,2,glide,train,True
144,//kaggle/input/datasets/vtphatt2/genimage-glide/glide/imagenet_glide/train/ai/GLIDE_1000_200_01_152_glide_00076.png,diffusion,2,glide,train,True
145,//kaggle/input/datasets/vtphatt2/genimage-glide/glide/imagenet_glide/train/ai/GLIDE_1000_200_07_757_glide_00160.png,diffusion,2,glide,train,True
146,//kaggle/input/datasets/vtphatt2/genimage-glide/glide/imagenet_glide/train/ai/GLIDE_1000_200_07_788_glide_00096.png,diffusion,2,glide,train,True
147,//kaggle/input/datasets/vtphatt2/genimage-glide/glide/imagenet_glide/train/ai/GLIDE_1000_200_03_304_glide_00189.png,diffusion,2,glide,train,True
148,//kaggle/input/datasets/vtphatt2/genimage-glide/glide/imagenet_glide/train/ai/GLIDE_1000_200_09_913_glide_00072.png,diffusion,2,glide,train,True
149,//kaggle/input/datasets/vtphatt2/genimage-glide/glide/imagenet_glide/train/ai/GLIDE_1000_200_09_957_glide_00101.png,diffusion,2,glide,train,True
150,//kaggle/input/datasets/vtphatt2/genimage-glide/glide/imagenet_glide/train/ai/GLIDE_1000_200_02_276_glide_00095.png,diffusion,2,glide,train,True
151,//kaggle/input/datasets/vtphatt2/genimage-glide/glide/imagenet_glide/train/ai/GLIDE_1000_200_07_785_glide_00082.png,diffusion,2,glide,train,True
152,//kaggle/input/datasets/vtphatt2/genimage-glide/glide/imagenet_glide/train/ai/GLIDE_1000_200_07_798_glide_00061.png,diffusion,2,glide,train,True
153,//kaggle/input/datasets/vtphatt2/genimage-glide/glide/imagenet_glide/train/ai/GLIDE_1000_200_08_835_glide_00083.png,diffusion,2,glide,train,True
154,//kaggle/input/datasets/vtphatt2/genimage-glide/glide/imagenet_glide/train/ai/GLIDE_1000_200_08_881_glide_00175.png,diffusion,2,glide,train,True
155,//kaggle/input/datasets/vtphatt2/genimage-glide/glide/imagenet_glide/train/ai/GLIDE_1000_200_00_030_glide_00053.png,diffusion,2,glide,train,True
156,//kaggle/input/datasets/vtphatt2/genimage-glide/glide/imagenet_glide/train/ai/GLIDE_1000_200_02_203_glide_00131.png,diffusion,2,glide,train,True
157,//kaggle/input/datasets/vtphatt2/genimage-glide/glide/imagenet_glide/train/ai/GLIDE_1000_200_02_242_glide_00061.png,diffusion,2,glide,train,True
158,//kaggle/input/datasets/vtphatt2/genimage-glide/glide/imagenet_glide/train/ai/GLIDE_1000_200_07_768_glide_00179.png,diffusion,2,glide,train,True
159,//kaggle/input/datasets/vtphatt2/genimage-glide/glide/imagenet_glide/train/ai/GLIDE_1000_200_03_316_glide_00117.png,diffusion,2,glide,train,True
160,//kaggle/input/datasets/vtphatt2/genimage-glide/glide/imagenet_glide/train/ai/GLIDE_1000_200_08_862_glide_00156.png,diffusion,2,glide,train,True
161,//kaggle/input/datasets/vtphatt2/genimage-glide/glide/imagenet_glide/train/ai/GLIDE_1000_200_08_880_glide_00156.png,diffusion,2,glide,train,True
162,//kaggle/input/datasets/vtphatt2/genimage-glide/glide/imagenet_glide/train/ai/GLIDE_1000_200_06_616_glide_00091.png,diffusion,2,glide,train,True
163,//kaggle/input/datasets/vtphatt2/genimage-glide/glide/imagenet_glide/train/ai/GLIDE_1000_200_05_554_glide_00050.png,diffusion,2,glide,train,True
164,//kaggle/input/datasets/vtphatt2/genimage-glide/glide/imagenet_glide/train/ai/GLIDE_1000_200_04_494_glide_00114.png,diffusion,2,glide,train,True
165,//kaggle/input/datasets/vtphatt2/genimage-glide/glide/imagenet_glide/train/ai/GLIDE_1000_200_06_677_glide_00083.png,diffusion,2,glide,train,True
166,//kaggle/input/datasets/vtphatt2/genimage-glide/glide/imagenet_glide/train/ai/GLIDE_1000_200_00_061_glide_00068.png,diffusion,2,glide,train,True
167,//kaggle/input/datasets/vtphatt2/genimage-glide/glide/imagenet_glide/train/ai/GLIDE_1000_200_05_506_glide_00130.png,diffusion,2,glide,train,True
168,//kaggle/input/datasets/vtphatt2/genimage-glide/glide/imagenet_glide/train/ai/GLIDE_1000_200_05_572_glide_00187.png,diffusion,2,glide,train,True
169,//kaggle/input/datasets/vtphatt2/genimage-glide/glide/imagenet_glide/train/ai/GLIDE_1000_200_04_466_glide_00166.png,diffusion,2,glide,train,True
170,//kaggle/input/datasets/vtphatt2/genimage-glide/glide/imagenet_glide/train/ai/GLIDE_1000_200_08_852_glide_00007.png,diffusion,2,glide,train,True
171,//kaggle/input/datasets/vtphatt2/genimage-glide/glide/imagenet_glide/train/ai/GLIDE_1000_200_04_451_glide_00032.png,diffusion,2,glide,train,True
172,//kaggle/input/datasets/vtphatt2/genimage-glide/glide/imagenet_glide/train/ai/GLIDE_1000_200_02_289_glide_00026.png,diffusion,2,glide,train,True
173,//kaggle/input/datasets/vtphatt2/genimage-glide/glide/imagenet_glide/train/ai/GLIDE_1000_200_05_538_glide_00023.png,diffusion,2,glide,train,True
174,//kaggle/input/datasets/vtphatt2/genimage-glide/glide/imagenet_glide/train/ai/GLIDE_1000_200_02_235_glide_00176.png,diffusion,2,glide,train,True
175,//kaggle/input/datasets/vtphatt2/genimage-glide/glide/imagenet_glide/train/ai/GLIDE_1000_200_08_864_glide_00179.png,diffusion,2,glide,train,True
176,//kaggle/input/datasets/vtphatt2/genimage-glide/glide/imagenet_glide/train/ai/GLIDE_1000_200_02_242_glide_00097.png,diffusion,2,glide,train,True
177,//kaggle/input/datasets/vtphatt2/genimage-glide/glide/imagenet_glide/train/ai/GLIDE_1000_200_08_841_glide_00177.png,diffusion,2,glide,train,True
178,//kaggle/input/datasets/vtphatt2/genimage-glide/glide/imagenet_glide/train/ai/GLIDE_1000_200_02_212_glide_00096.png,diffusion,2,glide,train,True
179,//kaggle/input/datasets/vtphatt2/genimage-glide/glide/imagenet_glide/train/ai/GLIDE_1000_200_09_938_glide_00004.png,diffusion,2,glide,train,True
180,//kaggle/input/datasets/vtphatt2/genimage-glide/glide/imagenet_glide/train/ai/GLIDE_1000_200_08_864_glide_00122.png,diffusion,2,glide,train,True
181,//kaggle/input/datasets/vtphatt2/genimage-glide/glide/imagenet_glide/train/ai/GLIDE_1000_200_07_798_glide_00067.png,diffusion,2,glide,train,True
182,//kaggle/input/datasets/vtphatt2/genimage-glide/glide/imagenet_glide/train/ai/GLIDE_1000_200_05_533_glide_00079.png,diffusion,2,glide,train,True
183,//kaggle/input/datasets/vtphatt2/genimage-glide/glide/imagenet_glide/train/ai/GLIDE_1000_200_00_049_glide_00198.png,diffusion,2,glide,train,True
184,//kaggle/input/datasets/vtphatt2/genimage-glide/glide/imagenet_glide/train/ai/GLIDE_1000_200_06_655_glide_00031.png,diffusion,2,glide,train,True
185,//kaggle/input/datasets/vtphatt2/genimage-glide/glide/imagenet_glide/train/ai/GLIDE_1000_200_02_283_glide_00037.png,diffusion,2,glide,train,True
186,//kaggle/input/datasets/vtphatt2/genimage-glide/glide/imagenet_glide/train/ai/GLIDE_1000_200_06_643_glide_00152.png,diffusion,2,glide,train,True
187,//kaggle/input/datasets/vtphatt2/genimage-glide/glide/imagenet_glide/train/ai/GLIDE_1000_200_03_302_glide_00031.png,diffusion,2,glide,train,True
188,//kaggle/input/datasets/vtphatt2/genimage-glide/glide/imagenet_glide/train/ai/GLIDE_1000_200_08_803_glide_00185.png,diffusion,2,glide,train,True
189,//kaggle/input/datasets/vtphatt2/genimage-glide/glide/imagenet_glide/train/ai/GLIDE_1000_200_01_121_glide_00000.png,diffusion,2,glide,train,True
190,//kaggle/input/datasets/vtphatt2/genimage-glide/glide/imagenet_glide/train/ai/GLIDE_1000_200_03_349_glide_00023.png,diffusion,2,glide,train,True
191,//kaggle/input/datasets/vtphatt2/genimage-glide/glide/imagenet_glide/train/ai/GLIDE_1000_200_09_968_glide_00012.png,diffusion,2,glide,train,True
192,//kaggle/input/datasets/vtphatt2/genimage-glide/glide/imagenet_glide/train/ai/GLIDE_1000_200_07_774_glide_00117.png,diffusion,2,glide,train,True
193,//kaggle/input/datasets/vtphatt2/genimage-glide/glide/imagenet_glide/train/ai/GLIDE_1000_200_08_851_glide_00109.png,diffusion,2,glide,train,True
194,//kaggle/input/datasets/vtphatt2/genimage-glide/glide/imagenet_glide/train/ai/GLIDE_1000_200_01_137_glide_00137.png,diffusion,2,glide,train,True
195,//kaggle/input/datasets/vtphatt2/genimage-glide/glide/imagenet_glide/train/ai/GLIDE_1000_200_04_432_glide_00144.png,diffusion,2,glide,train,True
196,//kaggle/input/datasets/vtphatt2/genimage-glide/glide/imagenet_glide/train/ai/GLIDE_1000_200_02_228_glide_00185.png,diffusion,2,glide,train,True
197,//kaggle/input/datasets/vtphatt2/genimage-glide/glide/imagenet_glide/train/ai/GLIDE_1000_200_00_077_glide_00073.png,diffusion,2,glide,train,True
198,//kaggle/input/datasets/vtphatt2/genimage-glide/glide/imagenet_glide/train/ai/GLIDE_1000_200_07_779_glide_00190.png,diffusion,2,glide,train,True
199,//kaggle/input/datasets/vtphatt2/genimage-glide/glide/imagenet_glide/train/ai/GLIDE_1000_200_03_390_glide_00045.png,diffusion,2,glide,train,True
200,//kaggle/input/datasets/vtphatt2/genimage-glide/glide/imagenet_glide/train/ai/GLIDE_1000_200_09_954_glide_00162.png,diffusion,2,glide,train,True
201,//kaggle/input/datasets/vtphatt2/genimage-glide/glide/imagenet_glide/train/ai/GLIDE_1000_200_02_204_glide_00016.png,diffusion,2,glide,train,True
202,//kaggle/input/datasets/vtphatt2/genimage-glide/glide/imagenet_glide/train/ai/GLIDE_1000_200_03_385_glide_00124.png,diffusion,2,glide,train,True
203,//kaggle/input/datasets/vtphatt2/genimage-glide/glide/imagenet_glide/train/ai/GLIDE_1000_200_03_381_glide_00105.png,diffusion,2,glide,train,True
204,//kaggle/input/datasets/vtphatt2/genimage-glide/glide/imagenet_glide/train/ai/GLIDE_1000_200_07_754_glide_00196.png,diffusion,2,glide,train,True
205,//kaggle/input/datasets/vtphatt2/genimage-glide/glide/imagenet_glide/train/ai/GLIDE_1000_200_04_459_glide_00004.png,diffusion,2,glide,train,True
206,//kaggle/input/datasets/vtphatt2/genimage-glide/glide/imagenet_glide/train/ai/GLIDE_1000_200_08_847_glide_00156.png,diffusion,2,glide,train,True
207,//kaggle/input/datasets/vtphatt2/genimage-glide/glide/imagenet_glide/train/ai/GLIDE_1000_200_09_993_glide_00031.png,diffusion,2,glide,train,True
208,//kaggle/input/datasets/vtphatt2/genimage-glide/glide/imagenet_glide/train/ai/GLIDE_1000_200_02_224_glide_00087.png,diffusion,2,glide,train,True
209,//kaggle/input/datasets/vtphatt2/genimage-glide/glide/imagenet_glide/train/ai/GLIDE_1000_200_04_435_glide_00066.png,diffusion,2,glide,train,True
210,//kaggle/input/datasets/vtphatt2/genimage-glide/glide/imagenet_glide/train/ai/GLIDE_1000_200_02_262_glide_00049.png,diffusion,2,glide,train,True
211,//kaggle/input/datasets/vtphatt2/genimage-glide/glide/imagenet_glide/train/ai/GLIDE_1000_200_00_065_glide_00136.png,diffusion,2,glide,train,True
212,//kaggle/input/datasets/vtphatt2/genimage-glide/glide/imagenet_glide/train/ai/GLIDE_1000_200_02_253_glide_00057.png,diffusion,2,glide,train,True
213,//kaggle/input/datasets/vtphatt2/genimage-glide/glide/imagenet_glide/train/ai/GLIDE_1000_200_03_362_glide_00059.png,diffusion,2,glide,train,True
214,//kaggle/input/datasets/vtphatt2/genimage-glide/glide/imagenet_glide/train/ai/GLIDE_1000_200_06_634_glide_00129.png,diffusion,2,glide,train,True
215,//kaggle/input/datasets/vtphatt2/genimage-glide/glide/imagenet_glide/train/ai/GLIDE_1000_200_04_468_glide_00052.png,diffusion,2,glide,train,True
216,//kaggle/input/datasets/vtphatt2/genimage-glide/glide/imagenet_glide/train/ai/GLIDE_1000_200_02_252_glide_00149.png,diffusion,2,glide,train,True
217,//kaggle/input/datasets/vtphatt2/genimage-glide/glide/imagenet_glide/train/ai/GLIDE_1000_200_03_314_glide_00064.png,diffusion,2,glide,train,True
218,//kaggle/input/datasets/vtphatt2/genimage-glide/glide/imagenet_glide/train/ai/GLIDE_1000_200_00_018_glide_00010.png,diffusion,2,glide,train,True
219,//kaggle/input/datasets/vtphatt2/genimage-glide/glide/imagenet_glide/train/ai/GLIDE_1000_200_00_096_glide_00166.png,diffusion,2,glide,train,True
220,//kaggle/input/datasets/vtphatt2/genimage-glide/glide/imagenet_glide/train/ai/GLIDE_1000_200_03_336_glide_00076.png,diffusion,2,glide,train,True
221,//kaggle/input/datasets/vtphatt2/genimage-glide/glide/imagenet_glide/train/ai/GLIDE_1000_200_09_987_glide_00188.png,diffusion,2,glide,train,True
222,//kaggle/input/datasets/vtphatt2/genimage-glide/glide/imagenet_glide/train/ai/GLIDE_1000_200_06_639_glide_00190.png,diffusion,2,glide,train,True
223,//kaggle/input/datasets/vtphatt2/genimage-glide/glide/imagenet_glide/train/ai/GLIDE_1000_200_00_077_glide_00150.png,diffusion,2,glide,train,True
224,//kaggle/input/datasets/vtphatt2/genimage-glide/glide/imagenet_glide/train/ai/GLIDE_1000_200_07_719_glide_00111.png,diffusion,2,glide,train,True
225,//kaggle/input/datasets/vtphatt2/genimage-glide/glide/imagenet_glide/train/ai/GLIDE_1000_200_07_730_glide_00113.png,diffusion,2,glide,train,True
226,//kaggle/input/datasets/vtphatt2/genimage-glide/glide/imagenet_glide/train/ai/GLIDE_1000_200_04_428_glide_00033.png,diffusion,2,glide,train,True
227,//kaggle/input/datasets/vtphatt2/genimage-glide/glide/imagenet_glide/train/ai/GLIDE_1000_200_05_545_glide_00069.png,diffusion,2,glide,train,True
228,//kaggle/input/datasets/vtphatt2/genimage-glide/glide/imagenet_glide/train/ai/GLIDE_1000_200_04_429_glide_00016.png,diffusion,2,glide,train,True
229,//kaggle/input/datasets/vtphatt2/genimage-glide/glide/imagenet_glide/train/ai/GLIDE_1000_200_08_832_glide_00131.png,diffusion,2,glide,train,True
230,//kaggle/input/datasets/vtphatt2/genimage-glide/glide/imagenet_glide/train/ai/GLIDE_1000_200_04_428_glide_00001.png,diffusion,2,glide,train,True
231,//kaggle/input/datasets/vtphatt2/genimage-glide/glide/imagenet_glide/train/ai/GLIDE_1000_200_06_679_glide_00004.png,diffusion,2,glide,train,True
232,//kaggle/input/datasets/vtphatt2/genimage-glide/glide/imagenet_glide/train/ai/GLIDE_1000_200_00_022_glide_00109.png,diffusion,2,glide,train,True
233,//kaggle/input/datasets/vtphatt2/genimage-glide/glide/imagenet_glide/train/ai/GLIDE_1000_200_00_064_glide_00141.png,diffusion,2,glide,train,True
234,//kaggle/input/datasets/vtphatt2/genimage-glide/glide/imagenet_glide/train/ai/GLIDE_1000_200_01_179_glide_00186.png,diffusion,2,glide,train,True
235,//kaggle/input/datasets/vtphatt2/genimage-glide/glide/imagenet_glide/train/ai/GLIDE_1000_200_00_027_glide_00148.png,diffusion,2,glide,train,True
236,//kaggle/input/datasets/vtphatt2/genimage-glide/glide/imagenet_glide/train/ai/GLIDE_1000_200_04_481_glide_00138.png,diffusion,2,glide,train,True
237,//kaggle/input/datasets/vtphatt2/genimage-glide/glide/imagenet_glide/train/ai/GLIDE_1000_200_00_086_glide_00144.png,diffusion,2,glide,train,True
238,//kaggle/input/datasets/vtphatt2/genimage-glide/glide/imagenet_glide/train/ai/GLIDE_1000_200_06_621_glide_00005.png,diffusion,2,glide,train,True
239,//kaggle/input/datasets/vtphatt2/genimage-glide/glide/imagenet_glide/train/ai/GLIDE_1000_200_06_676_glide_00111.png,diffusion,2,glide,train,True
240,//kaggle/input/datasets/vtphatt2/genimage-glide/glide/imagenet_glide/train/ai/GLIDE_1000_200_09_924_glide_00073.png,diffusion,2,glide,train,True
241,//kaggle/input/datasets/vtphatt2/genimage-glide/glide/imagenet_glide/train/ai/GLIDE_1000_200_01_154_glide_00113.png,diffusion,2,glide,train,True
242,//kaggle/input/datasets/vtphatt2/genimage-glide/glide/imagenet_glide/train/ai/GLIDE_1000_200_07_780_glide_00140.png,diffusion,2,glide,train,True
243,//kaggle/input/datasets/vtphatt2/genimage-glide/glide/imagenet_glide/train/ai/GLIDE_1000_200_01_158_glide_00128.png,diffusion,2,glide,train,True
244,//kaggle/input/datasets/vtphatt2/genimage-glide/glide/imagenet_glide/train/ai/GLIDE_1000_200_05_556_glide_00180.png,diffusion,2,glide,train,True
245,//kaggle/input/datasets/vtphatt2/genimage-glide/glide/imagenet_glide/train/ai/GLIDE_1000_200_03_376_glide_00055.png,diffusion,2,glide,train,True
246,//kaggle/input/datasets/vtphatt2/genimage-glide/glide/imagenet_glide/train/ai/GLIDE_1000_200_01_132_glide_00196.png,diffusion,2,glide,train,True
247,//kaggle/input/datasets/vtphatt2/genimage-glide/glide/imagenet_glide/train/ai/GLIDE_1000_200_00_020_glide_00161.png,diffusion,2,glide,train,True
248,//kaggle/input/datasets/vtphatt2/genimage-glide/glide/imagenet_glide/train/ai/GLIDE_1000_200_01_121_glide_00114.png,diffusion,2,glide,train,True
249,//kaggle/input/datasets/vtphatt2/genimage-glide/glide/imagenet_glide/train/ai/GLIDE_1000_200_09_961_glide_00170.png,diffusion,2,glide,train,True
250,//kaggle/input/datasets/vtphatt2/genimage-glide/glide/imagenet_glide/train/ai/GLIDE_1000_200_04_406_glide_00050.png,diffusion,2,glide,train,True
251,//kaggle/input/datasets/vtphatt2/genimage-glide/glide/imagenet_glide/train/ai/GLIDE_1000_200_07_706_glide_00180.png,diffusion,2,glide,train,True
252,//kaggle/input/datasets/vtphatt2/genimage-glide/glide/imagenet_glide/train/ai/GLIDE_1000_200_03_367_glide_00124.png,diffusion,2,glide,train,True
253,//kaggle/input/datasets/vtphatt2/genimage-glide/glide/imagenet_glide/train/ai/GLIDE_1000_200_06_639_glide_00093.png,diffusion,2,glide,train,True
254,//kaggle/input/datasets/vtphatt2/genimage-glide/glide/imagenet_glide/train/ai/GLIDE_1000_200_03_360_glide_00016.png,diffusion,2,glide,train,True
255,//kaggle/input/datasets/vtphatt2/genimage-glide/glide/imagenet_glide/train/ai/GLIDE_1000_200_07_789_glide_00056.png,diffusion,2,glide,train,True
256,//kaggle/input/datasets/vtphatt2/genimage-glide/glide/imagenet_glide/train/ai/GLIDE_1000_200_05_513_glide_00010.png,diffusion,2,glide,train,True
257,//kaggle/input/datasets/vtphatt2/genimage-glide/glide/imagenet_glide/train/ai/GLIDE_1000_200_09_999_glide_00122.png,diffusion,2,glide,train,True
258,//kaggle/input/datasets/vtphatt2/genimage-glide/glide/imagenet_glide/train/ai/GLIDE_1000_200_01_121_glide_00123.png,diffusion,2,glide,train,True
259,//kaggle/input/datasets/vtphatt2/genimage-glide/glide/imagenet_glide/train/ai/GLIDE_1000_200_01_126_glide_00191.png,diffusion,2,glide,train,True
260,//kaggle/input/datasets/vtphatt2/genimage-glide/glide/imagenet_glide/train/ai/GLIDE_1000_200_01_155_glide_00040.png,diffusion,2,glide,train,True
261,//kaggle/input/datasets/vtphatt2/genimage-glide/glide/imagenet_glide/train/ai/GLIDE_1000_200_07_798_glide_00185.png,diffusion,2,glide,train,True
262,//kaggle/input/datasets/vtphatt2/genimage-glide/glide/imagenet_glide/train/ai/GLIDE_1000_200_00_032_glide_00056.png,diffusion,2,glide,train,True
263,//kaggle/input/datasets/vtphatt2/genimage-glide/glide/imagenet_glide/train/ai/GLIDE_1000_200_08_840_glide_00004.png,diffusion,2,glide,train,True
264,//kaggle/input/datasets/vtphatt2/genimage-glide/glide/imagenet_glide/train/ai/GLIDE_1000_200_06_677_glide_00103.png,diffusion,2,glide,train,True
265,//kaggle/input/datasets/vtphatt2/genimage-glide/glide/imagenet_glide/train/ai/GLIDE_1000_200_05_515_glide_00154.png,diffusion,2,glide,train,True
266,//kaggle/input/datasets/vtphatt2/genimage-glide/glide/imagenet_glide/train/ai/GLIDE_1000_200_00_058_glide_00170.png,diffusion,2,glide,train,True
267,//kaggle/input/datasets/vtphatt2/genimage-glide/glide/imagenet_glide/train/ai/GLIDE_1000_200_02_276_glide_00076.png,diffusion,2,glide,train,True
268,//kaggle/input/datasets/vtphatt2/genimage-glide/glide/imagenet_glide/train/ai/GLIDE_1000_200_09_939_glide_00042.png,diffusion,2,glide,train,True
269,//kaggle/input/datasets/vtphatt2/genimage-glide/glide/imagenet_glide/train/ai/GLIDE_1000_200_07_787_glide_00066.png,diffusion,2,glide,train,True
270,//kaggle/input/datasets/vtphatt2/genimage-glide/glide/imagenet_glide/train/ai/GLIDE_1000_200_09_947_glide_00114.png,diffusion,2,glide,train,True
271,//kaggle/input/datasets/vtphatt2/genimage-glide/glide/imagenet_glide/train/ai/GLIDE_1000_200_01_159_glide_00075.png,diffusion,2,glide,train,True
272,//kaggle/input/datasets/vtphatt2/genimage-glide/glide/imagenet_glide/train/ai/GLIDE_1000_200_00_042_glide_00106.png,diffusion,2,glide,train,True
273,//kaggle/input/datasets/vtphatt2/genimage-glide/glide/imagenet_glide/train/ai/GLIDE_1000_200_09_986_glide_00068.png,diffusion,2,glide,train,True
274,//kaggle/input/datasets/vtphatt2/genimage-glide/glide/imagenet_glide/train/ai/GLIDE_1000_200_08_823_glide_00129.png,diffusion,2,glide,train,True
275,//kaggle/input/datasets/vtphatt2/genimage-glide/glide/imagenet_glide/train/ai/GLIDE_1000_200_02_253_glide_00049.png,diffusion,2,glide,train,True
276,//kaggle/input/datasets/vtphatt2/genimage-glide/glide/imagenet_glide/train/ai/GLIDE_1000_200_07_768_glide_00018.png,diffusion,2,glide,train,True
277,//kaggle/input/datasets/vtphatt2/genimage-glide/glide/imagenet_glide/train/ai/GLIDE_1000_200_08_812_glide_00115.png,diffusion,2,glide,train,True
278,//kaggle/input/datasets/vtphatt2/genimage-glide/glide/imagenet_glide/train/ai/GLIDE_1000_200_07_769_glide_00087.png,diffusion,2,glide,train,True
279,//kaggle/input/datasets/vtphatt2/genimage-glide/glide/imagenet_glide/train/ai/GLIDE_1000_200_06_667_glide_00087.png,diffusion,2,glide,train,True
280,//kaggle/input/datasets/vtphatt2/genimage-glide/glide/imagenet_glide/train/ai/GLIDE_1000_200_08_872_glide_00018.png,diffusion,2,glide,train,True
281,//kaggle/input/datasets/vtphatt2/genimage-glide/glide/imagenet_glide/train/ai/GLIDE_1000_200_06_625_glide_00057.png,diffusion,2,glide,train,True
282,//kaggle/input/datasets/vtphatt2/genimage-glide/glide/imagenet_glide/train/ai/GLIDE_1000_200_00_089_glide_00183.png,diffusion,2,glide,train,True
283,//kaggle/input/datasets/vtphatt2/genimage-glide/glide/imagenet_glide/train/ai/GLIDE_1000_200_06_689_glide_00161.png,diffusion,2,glide,train,True
284,//kaggle/input/datasets/vtphatt2/genimage-glide/glide/imagenet_glide/train/ai/GLIDE_1000_200_00_038_glide_00182.png,diffusion,2,glide,train,True
285,//kaggle/input/datasets/vtphatt2/genimage-glide/glide/imagenet_glide/train/ai/GLIDE_1000_200_00_045_glide_00017.png,diffusion,2,glide,train,True
286,//kaggle/input/datasets/vtphatt2/genimage-glide/glide/imagenet_glide/train/ai/GLIDE_1000_200_00_088_glide_00010.png,diffusion,2,glide,train,True
287,//kaggle/input/datasets/vtphatt2/genimage-glide/glide/imagenet_glide/train/ai/GLIDE_1000_200_00_077_glide_00184.png,diffusion,2,glide,train,True
288,//kaggle/input/datasets/vtphatt2/genimage-glide/glide/imagenet_glide/train/ai/GLIDE_1000_200_06_600_glide_00183.png,diffusion,2,glide,train,True
289,//kaggle/input/datasets/vtphatt2/genimage-glide/glide/imagenet_glide/train/ai/GLIDE_1000_200_06_662_glide_00153.png,diffusion,2,glide,train,True
290,//kaggle/input/datasets/vtphatt2/genimage-glide/glide/imagenet_glide/train/ai/GLIDE_1000_200_00_062_glide_00120.png,diffusion,2,glide,train,True
291,//kaggle/input/datasets/vtphatt2/genimage-glide/glide/imagenet_glide/train/ai/GLIDE_1000_200_06_603_glide_00050.png,diffusion,2,glide,train,True
292,//kaggle/input/datasets/vtphatt2/genimage-glide/glide/imagenet_glide/train/ai/GLIDE_1000_200_06_642_glide_00175.png,diffusion,2,glide,train,True
293,//kaggle/input/datasets/vtphatt2/genimage-glide/glide/imagenet_glide/train/ai/GLIDE_1000_200_02_215_glide_00173.png,diffusion,2,glide,train,True
294,//kaggle/input/datasets/vtphatt2/genimage-glide/glide/imagenet_glide/train/ai/GLIDE_1000_200_03_347_glide_00165.png,diffusion,2,glide,train,True
295,//kaggle/input/datasets/vtphatt2/genimage-glide/glide/imagenet_glide/train/ai/GLIDE_1000_200_08_876_glide_00169.png,diffusion,2,glide,train,True
296,//kaggle/input/datasets/vtphatt2/genimage-glide/glide/imagenet_glide/train/ai/GLIDE_1000_200_03_369_glide_00037.png,diffusion,2,glide,train,True
297,//kaggle/input/datasets/vtphatt2/genimage-glide/glide/imagenet_glide/train/ai/GLIDE_1000_200_08_857_glide_00184.png,diffusion,2,glide,train,True
298,//kaggle/input/datasets/vtphatt2/genimage-glide/glide/imagenet_glide/train/ai/GLIDE_1000_200_06_639_glide_00082.png,diffusion,2,glide,train,True
299,//kaggle/input/datasets/vtphatt2/genimage-glide/glide/imagenet_glide/train/ai/GLIDE_1000_200_07_792_glide_00069.png,diffusion,2,glide,train,True
300,//kaggle/input/datasets/vtphatt2/genimage-glide/glide/imagenet_glide/train/ai/GLIDE_1000_200_01_162_glide_00068.png,diffusion,2,glide,train,True
301,//kaggle/input/datasets/vtphatt2/genimage-glide/glide/imagenet_glide/train/ai/GLIDE_1000_200_01_125_glide_00016.png,diffusion,2,glide,train,True
302,//kaggle/input/datasets/vtphatt2/genimage-glide/glide/imagenet_glide/train/ai/GLIDE_1000_200_06_661_glide_00186.png,diffusion,2,glide,train,True
303,//kaggle/input/datasets/vtphatt2/genimage-glide/glide/imagenet_glide/train/ai/GLIDE_1000_200_08_860_glide_00121.png,diffusion,2,glide,train,True
304,//kaggle/input/datasets/vtphatt2/genimage-glide/glide/imagenet_glide/train/ai/GLIDE_1000_200_05_501_glide_00077.png,diffusion,2,glide,train,True
305,//kaggle/input/datasets/vtphatt2/genimage-glide/glide/imagenet_glide/train/ai/GLIDE_1000_200_03_389_glide_00050.png,diffusion,2,glide,train,True
306,//kaggle/input/datasets/vtphatt2/genimage-glide/glide/imagenet_glide/train/ai/GLIDE_1000_200_02_289_glide_00068.png,diffusion,2,glide,train,True
307,//kaggle/input/datasets/vtphatt2/genimage-glide/glide/imagenet_glide/train/ai/GLIDE_1000_200_08_807_glide_00150.png,diffusion,2,glide,train,True
308,//kaggle/input/datasets/vtphatt2/genimage-glide/glide/imagenet_glide/train/ai/GLIDE_1000_200_05_500_glide_00159.png,diffusion,2,glide,train,True
309,//kaggle/input/datasets/vtphatt2/genimage-glide/glide/imagenet_glide/train/ai/GLIDE_1000_200_07_754_glide_00163.png,diffusion,2,glide,train,True
310,//kaggle/input/datasets/vtphatt2/genimage-glide/glide/imagenet_glide/train/ai/GLIDE_1000_200_03_381_glide_00142.png,diffusion,2,glide,train,True
311,//kaggle/input/datasets/vtphatt2/genimage-glide/glide/imagenet_glide/train/ai/GLIDE_1000_200_06_623_glide_00047.png,diffusion,2,glide,train,True
312,//kaggle/input/datasets/vtphatt2/genimage-glide/glide/imagenet_glide/train/ai/GLIDE_1000_200_09_907_glide_00102.png,diffusion,2,glide,train,True
313,//kaggle/input/datasets/vtphatt2/genimage-glide/glide/imagenet_glide/train/ai/GLIDE_1000_200_05_569_glide_00023.png,diffusion,2,glide,train,True
314,//kaggle/input/datasets/vtphatt2/genimage-glide/glide/imagenet_glide/train/ai/GLIDE_1000_200_02_237_glide_00104.png,diffusion,2,glide,train,True
315,//kaggle/input/datasets/vtphatt2/genimage-glide/glide/imagenet_glide/train/ai/GLIDE_1000_200_05_513_glide_00183.png,diffusion,2,glide,train,True
316,//kaggle/input/datasets/vtphatt2/genimage-glide/glide/imagenet_glide/train/ai/GLIDE_1000_200_05_565_glide_00108.png,diffusion,2,glide,train,True
317,//kaggle/input/datasets/vtphatt2/genimage-glide/glide/imagenet_glide/train/ai/GLIDE_1000_200_05_524_glide_00146.png,diffusion,2,glide,train,True
318,//kaggle/input/datasets/vtphatt2/genimage-glide/glide/imagenet_glide/train/ai/GLIDE_1000_200_08_835_glide_00173.png,diffusion,2,glide,train,True
319,//kaggle/input/datasets/vtphatt2/genimage-glide/glide/imagenet_glide/train/ai/GLIDE_1000_200_05_571_glide_00017.png,diffusion,2,glide,train,True
320,//kaggle/input/datasets/vtphatt2/genimage-glide/glide/imagenet_glide/train/ai/GLIDE_1000_200_04_491_glide_00013.png,diffusion,2,glide,train,True
321,//kaggle/input/datasets/vtphatt2/genimage-glide/glide/imagenet_glide/train/ai/GLIDE_1000_200_09_982_glide_00045.png,diffusion,2,glide,train,True
322,//kaggle/input/datasets/vtphatt2/genimage-glide/glide/imagenet_glide/train/ai/GLIDE_1000_200_03_352_glide_00148.png,diffusion,2,glide,train,True
323,//kaggle/input/datasets/vtphatt2/genimage-glide/glide/imagenet_glide/train/ai/GLIDE_1000_200_00_032_glide_00053.png,diffusion,2,glide,train,True
324,//kaggle/input/datasets/vtphatt2/genimage-glide/glide/imagenet_glide/train/ai/GLIDE_1000_200_09_960_glide_00094.png,diffusion,2,glide,train,True
325,//kaggle/input/datasets/vtphatt2/genimage-glide/glide/imagenet_glide/train/ai/GLIDE_1000_200_08_851_glide_00030.png,diffusion,2,glide,train,True
326,//kaggle/input/datasets/vtphatt2/genimage-glide/glide/imagenet_glide/train/ai/GLIDE_1000_200_06_648_glide_00013.png,diffusion,2,glide,train,True
327,//kaggle/input/datasets/vtphatt2/genimage-glide/glide/imagenet_glide/train/ai/GLIDE_1000_200_09_922_glide_00169.png,diffusion,2,glide,train,True
328,//kaggle/input/datasets/vtphatt2/genimage-glide/glide/imagenet_glide/train/ai/GLIDE_1000_200_00_070_glide_00159.png,diffusion,2,glide,train,True
329,//kaggle/input/datasets/vtphatt2/genimage-glide/glide/imagenet_glide/train/ai/GLIDE_1000_200_07_733_glide_00073.png,diffusion,2,glide,train,True
330,//kaggle/input/datasets/vtphatt2/genimage-glide/glide/imagenet_glide/train/ai/GLIDE_1000_200_00_091_glide_00142.png,diffusion,2,glide,train,True
331,//kaggle/input/datasets/vtphatt2/genimage-glide/glide/imagenet_glide/train/ai/GLIDE_1000_200_08_894_glide_00070.png,diffusion,2,glide,train,True
332,//kaggle/input/datasets/vtphatt2/genimage-glide/glide/imagenet_glide/train/ai/GLIDE_1000_200_02_291_glide_00160.png,diffusion,2,glide,train,True
333,//kaggle/input/datasets/vtphatt2/genimage-glide/glide/imagenet_glide/train/ai/GLIDE_1000_200_04_438_glide_00167.png,diffusion,2,glide,train,True
334,//kaggle/input/datasets/vtphatt2/genimage-glide/glide/imagenet_glide/train/ai/GLIDE_1000_200_03_342_glide_00031.png,diffusion,2,glide,train,True
335,//kaggle/input/datasets/vtphatt2/genimage-glide/glide/imagenet_glide/train/ai/GLIDE_1000_200_06_699_glide_00169.png,diffusion,2,glide,train,True
336,//kaggle/input/datasets/vtphatt2/genimage-glide/glide/imagenet_glide/train/ai/GLIDE_1000_200_08_823_glide_00051.png,diffusion,2,glide,train,True
337,//kaggle/input/datasets/vtphatt2/genimage-glide/glide/imagenet_glide/train/ai/GLIDE_1000_200_05_553_glide_00121.png,diffusion,2,glide,train,True
338,//kaggle/input/datasets/vtphatt2/genimage-glide/glide/imagenet_glide/train/ai/GLIDE_1000_200_00_062_glide_00188.png,diffusion,2,glide,train,True
339,//kaggle/input/datasets/vtphatt2/genimage-glide/glide/imagenet_glide/train/ai/GLIDE_1000_200_03_334_glide_00067.png,diffusion,2,glide,train,True
340,//kaggle/input/datasets/vtphatt2/genimage-glide/glide/imagenet_glide/train/ai/GLIDE_1000_200_07_769_glide_00095.png,diffusion,2,glide,train,True
341,//kaggle/input/datasets/vtphatt2/genimage-glide/glide/imagenet_glide/train/ai/GLIDE_1000_200_02_227_glide_00180.png,diffusion,2,glide,train,True
342,//kaggle/input/datasets/vtphatt2/genimage-glide/glide/imagenet_glide/train/ai/GLIDE_1000_200_02_218_glide_00108.png,diffusion,2,glide,train,True
343,//kaggle/input/datasets/vtphatt2/genimage-glide/glide/imagenet_glide/train/ai/GLIDE_1000_200_08_885_glide_00078.png,diffusion,2,glide,train,True
344,//kaggle/input/datasets/vtphatt2/genimage-glide/glide/imagenet_glide/train/ai/GLIDE_1000_200_04_424_glide_00010.png,diffusion,2,glide,train,True
345,//kaggle/input/datasets/vtphatt2/genimage-glide/glide/imagenet_glide/train/ai/GLIDE_1000_200_01_135_glide_00000.png,diffusion,2,glide,train,True
346,//kaggle/input/datasets/vtphatt2/genimage-glide/glide/imagenet_glide/train/ai/GLIDE_1000_200_06_698_glide_00180.png,diffusion,2,glide,train,True
347,//kaggle/input/datasets/vtphatt2/genimage-glide/glide/imagenet_glide/train/ai/GLIDE_1000_200_08_852_glide_00073.png,diffusion,2,glide,train,True
348,//kaggle/input/datasets/vtphatt2/genimage-glide/glide/imagenet_glide/train/ai/GLIDE_1000_200_03_311_glide_00196.png,diffusion,2,glide,train,True
349,//kaggle/input/datasets/vtphatt2/genimage-glide/glide/imagenet_glide/train/ai/GLIDE_1000_200_09_983_glide_00054.png,diffusion,2,glide,train,True
350,//kaggle/input/datasets/vtphatt2/genimage-glide/glide/imagenet_glide/train/ai/GLIDE_1000_200_05_592_glide_00002.png,diffusion,2,glide,train,True
351,//kaggle/input/datasets/vtphatt2/genimage-glide/glide/imagenet_glide/train/ai/GLIDE_1000_200_04_479_glide_00006.png,diffusion,2,glide,train,True
352,//kaggle/input/datasets/vtphatt2/genimage-glide/glide/imagenet_glide/train/ai/GLIDE_1000_200_06_673_glide_00022.png,diffusion,2,glide,train,True
353,//kaggle/input/datasets/vtphatt2/genimage-glide/glide/imagenet_glide/train/ai/GLIDE_1000_200_02_235_glide_00086.png,diffusion,2,glide,train,True
354,//kaggle/input/datasets/vtphatt2/genimage-glide/glide/imagenet_glide/train/ai/GLIDE_1000_200_05_561_glide_00036.png,diffusion,2,glide,train,True
355,//kaggle/input/datasets/vtphatt2/genimage-glide/glide/imagenet_glide/train/ai/GLIDE_1000_200_05_589_glide_00121.png,diffusion,2,glide,train,True
356,//kaggle/input/datasets/vtphatt2/genimage-glide/glide/imagenet_glide/train/ai/GLIDE_1000_200_08_830_glide_00198.png,diffusion,2,glide,train,True
357,//kaggle/input/datasets/vtphatt2/genimage-glide/glide/imagenet_glide/train/ai/GLIDE_1000_200_06_607_glide_00144.png,diffusion,2,glide,train,True
358,//kaggle/input/datasets/vtphatt2/genimage-glide/glide/imagenet_glide/train/ai/GLIDE_1000_200_01_158_glide_00086.png,diffusion,2,glide,train,True
359,//kaggle/input/datasets/vtphatt2/genimage-glide/glide/imagenet_glide/train/ai/GLIDE_1000_200_04_411_glide_00094.png,diffusion,2,glide,train,True
360,//kaggle/input/datasets/vtphatt2/genimage-glide/glide/imagenet_glide/train/ai/GLIDE_1000_200_04_405_glide_00182.png,diffusion,2,glide,train,True
361,//kaggle/input/datasets/vtphatt2/genimage-glide/glide/imagenet_glide/train/ai/GLIDE_1000_200_07_733_glide_00087.png,diffusion,2,glide,train,True
362,//kaggle/input/datasets/vtphatt2/genimage-glide/glide/imagenet_glide/train/ai/GLIDE_1000_200_08_871_glide_00005.png,diffusion,2,glide,train,True
363,//kaggle/input/datasets/vtphatt2/genimage-glide/glide/imagenet_glide/train/ai/GLIDE_1000_200_08_833_glide_00121.png,diffusion,2,glide,train,True
364,//kaggle/input/datasets/vtphatt2/genimage-glide/glide/imagenet_glide/train/ai/GLIDE_1000_200_09_998_glide_00053.png,diffusion,2,glide,train,True
365,//kaggle/input/datasets/vtphatt2/genimage-glide/glide/imagenet_glide/train/ai/GLIDE_1000_200_07_748_glide_00056.png,diffusion,2,glide,train,True
366,//kaggle/input/datasets/vtphatt2/genimage-glide/glide/imagenet_glide/train/ai/GLIDE_1000_200_01_187_glide_00097.png,diffusion,2,glide,train,True
367,//kaggle/input/datasets/vtphatt2/genimage-glide/glide/imagenet_glide/train/ai/GLIDE_1000_200_00_049_glide_00153.png,diffusion,2,glide,train,True
368,//kaggle/input/datasets/vtphatt2/genimage-glide/glide/imagenet_glide/train/ai/GLIDE_1000_200_08_838_glide_00122.png,diffusion,2,glide,train,True
369,//kaggle/input/datasets/vtphatt2/genimage-glide/glide/imagenet_glide/train/ai/GLIDE_1000_200_09_918_glide_00051.png,diffusion,2,glide,train,True
370,//kaggle/input/datasets/vtphatt2/genimage-glide/glide/imagenet_glide/train/ai/GLIDE_1000_200_05_503_glide_00122.png,diffusion,2,glide,train,True
371,//kaggle/input/datasets/vtphatt2/genimage-glide/glide/imagenet_glide/train/ai/GLIDE_1000_200_03_303_glide_00115.png,diffusion,2,glide,train,True
372,//kaggle/input/datasets/vtphatt2/genimage-glide/glide/imagenet_glide/train/ai/GLIDE_1000_200_04_408_glide_00000.png,diffusion,2,glide,train,True
373,//kaggle/input/datasets/vtphatt2/genimage-glide/glide/imagenet_glide/train/ai/GLIDE_1000_200_09_909_glide_00124.png,diffusion,2,glide,train,True
374,//kaggle/input/datasets/vtphatt2/genimage-glide/glide/imagenet_glide/train/ai/GLIDE_1000_200_06_602_glide_00064.png,diffusion,2,glide,train,True
375,//kaggle/input/datasets/vtphatt2/genimage-glide/glide/imagenet_glide/train/ai/GLIDE_1000_200_03_317_glide_00028.png,diffusion,2,glide,train,True
376,//kaggle/input/datasets/vtphatt2/genimage-glide/glide/imagenet_glide/train/ai/GLIDE_1000_200_09_956_glide_00060.png,diffusion,2,glide,train,True
377,//kaggle/input/datasets/vtphatt2/genimage-glide/glide/imagenet_glide/train/ai/GLIDE_1000_200_06_693_glide_00055.png,diffusion,2,glide,train,True
378,//kaggle/input/datasets/vtphatt2/genimage-glide/glide/imagenet_glide/train/ai/GLIDE_1000_200_05_585_glide_00148.png,diffusion,2,glide,train,True
379,//kaggle/input/datasets/vtphatt2/genimage-glide/glide/imagenet_glide/train/ai/GLIDE_1000_200_04_407_glide_00000.png,diffusion,2,glide,train,True
380,//kaggle/input/datasets/vtphatt2/genimage-glide/glide/imagenet_glide/train/ai/GLIDE_1000_200_09_998_glide_00162.png,diffusion,2,glide,train,True
381,//kaggle/input/datasets/vtphatt2/genimage-glide/glide/imagenet_glide/train/ai/GLIDE_1000_200_06_631_glide_00087.png,diffusion,2,glide,train,True
382,//kaggle/input/datasets/vtphatt2/genimage-glide/glide/imagenet_glide/train/ai/GLIDE_1000_200_05_562_glide_00000.png,diffusion,2,glide,train,True
383,//kaggle/input/datasets/vtphatt2/genimage-glide/glide/imagenet_glide/train/ai/GLIDE_1000_200_07_758_glide_00186.png,diffusion,2,glide,train,True
384,//kaggle/input/datasets/vtphatt2/genimage-glide/glide/imagenet_glide/train/ai/GLIDE_1000_200_05_530_glide_00089.png,diffusion,2,glide,train,True
385,//kaggle/input/datasets/vtphatt2/genimage-glide/glide/imagenet_glide/train/ai/GLIDE_1000_200_07_787_glide_00180.png,diffusion,2,glide,train,True
386,//kaggle/input/datasets/vtphatt2/genimage-glide/glide/imagenet_glide/train/ai/GLIDE_1000_200_01_104_glide_00076.png,diffusion,2,glide,train,True
387,//kaggle/input/datasets/vtphatt2/genimage-glide/glide/imagenet_glide/train/ai/GLIDE_1000_200_06_605_glide_00070.png,diffusion,2,glide,train,True
388,//kaggle/input/datasets/vtphatt2/genimage-glide/glide/imagenet_glide/train/ai/GLIDE_1000_200_06_666_glide_00171.png,diffusion,2,glide,train,True
389,//kaggle/input/datasets/vtphatt2/genimage-glide/glide/imagenet_glide/train/ai/GLIDE_1000_200_05_588_glide_00087.png,diffusion,2,glide,train,True
390,//kaggle/input/datasets/vtphatt2/genimage-glide/glide/imagenet_glide/train/ai/GLIDE_1000_200_01_183_glide_00184.png,diffusion,2,glide,train,True
391,//kaggle/input/datasets/vtphatt2/genimage-glide/glide/imagenet_glide/train/ai/GLIDE_1000_200_04_477_glide_00064.png,diffusion,2,glide,train,True
392,//kaggle/input/datasets/vtphatt2/genimage-glide/glide/imagenet_glide/train/ai/GLIDE_1000_200_06_688_glide_00149.png,diffusion,2,glide,train,True
393,//kaggle/input/datasets/vtphatt2/genimage-glide/glide/imagenet_glide/train/ai/GLIDE_1000_200_06_664_glide_00159.png,diffusion,2,glide,train,True
394,//kaggle/input/datasets/vtphatt2/genimage-glide/glide/imagenet_glide/train/ai/GLIDE_1000_200_00_023_glide_00046.png,diffusion,2,glide,train,True
395,//kaggle/input/datasets/vtphatt2/genimage-glide/glide/imagenet_glide/train/ai/GLIDE_1000_200_08_813_glide_00052.png,diffusion,2,glide,train,True
396,//kaggle/input/datasets/vtphatt2/genimage-glide/glide/imagenet_glide/train/ai/GLIDE_1000_200_09_935_glide_00034.png,diffusion,2,glide,train,True
397,//kaggle/input/datasets/vtphatt2/genimage-glide/glide/imagenet_glide/train/ai/GLIDE_1000_200_00_055_glide_00057.png,diffusion,2,glide,train,True
398,//kaggle/input/datasets/vtphatt2/genimage-glide/glide/imagenet_glide/train/ai/GLIDE_1000_200_02_234_glide_00060.png,diffusion,2,glide,train,True
399,//kaggle/input/datasets/vtphatt2/genimage-glide/glide/imagenet_glide/train/ai/GLIDE_1000_200_02_267_glide_00056.png,diffusion,2,glide,train,True
400,//kaggle/input/datasets/vtphatt2/genimage-glide/glide/imagenet_glide/train/ai/GLIDE_1000_200_03_306_glide_00058.png,diffusion,2,glide,train,True
401,//kaggle/input/datasets/vtphatt2/genimage-glide/glide/imagenet_glide/train/ai/GLIDE_1000_200_01_180_glide_00066.png,diffusion,2,glide,train,True
402,//kaggle/input/datasets/vtphatt2/genimage-glide/glide/imagenet_glide/train/ai/GLIDE_1000_200_09_962_glide_00134.png,diffusion,2,glide,train,True
403,//kaggle/input/datasets/vtphatt2/genimage-glide/glide/imagenet_glide/train/ai/GLIDE_1000_200_03_390_glide_00124.png,diffusion,2,glide,train,True
404,//kaggle/input/datasets/vtphatt2/genimage-glide/glide/imagenet_glide/train/ai/GLIDE_1000_200_00_024_glide_00034.png,diffusion,2,glide,train,True
405,//kaggle/input/datasets/vtphatt2/genimage-glide/glide/imagenet_glide/train/ai/GLIDE_1000_200_03_300_glide_00159.png,diffusion,2,glide,train,True
406,//kaggle/input/datasets/vtphatt2/genimage-glide/glide/imagenet_glide/train/ai/GLIDE_1000_200_06_606_glide_00107.png,diffusion,2,glide,train,True
407,//kaggle/input/datasets/vtphatt2/genimage-glide/glide/imagenet_glide/train/ai/GLIDE_1000_200_04_404_glide_00043.png,diffusion,2,glide,train,True
408,//kaggle/input/datasets/vtphatt2/genimage-glide/glide/imagenet_glide/train/ai/GLIDE_1000_200_09_900_glide_00104.png,diffusion,2,glide,train,True
409,//kaggle/input/datasets/vtphatt2/genimage-glide/glide/imagenet_glide/train/ai/GLIDE_1000_200_03_327_glide_00054.png,diffusion,2,glide,train,True
410,//kaggle/input/datasets/vtphatt2/genimage-glide/glide/imagenet_glide/train/ai/GLIDE_1000_200_06_636_glide_00046.png,diffusion,2,glide,train,True
411,//kaggle/input/datasets/vtphatt2/genimage-glide/glide/imagenet_glide/train/ai/GLIDE_1000_200_09_923_glide_00167.png,diffusion,2,glide,train,True
412,//kaggle/input/datasets/vtphatt2/genimage-glide/glide/imagenet_glide/train/ai/GLIDE_1000_200_00_060_glide_00070.png,diffusion,2,glide,train,True
413,//kaggle/input/datasets/vtphatt2/genimage-glide/glide/imagenet_glide/train/ai/GLIDE_1000_200_02_281_glide_00121.png,diffusion,2,glide,train,True
414,//kaggle/input/datasets/vtphatt2/genimage-glide/glide/imagenet_glide/train/ai/GLIDE_1000_200_08_856_glide_00000.png,diffusion,2,glide,train,True
415,//kaggle/input/datasets/vtphatt2/genimage-glide/glide/imagenet_glide/train/ai/GLIDE_1000_200_07_706_glide_00036.png,diffusion,2,glide,train,True
416,//kaggle/input/datasets/vtphatt2/genimage-glide/glide/imagenet_glide/train/ai/GLIDE_1000_200_03_353_glide_00079.png,diffusion,2,glide,train,True
417,//kaggle/input/datasets/vtphatt2/genimage-glide/glide/imagenet_glide/train/ai/GLIDE_1000_200_03_395_glide_00190.png,diffusion,2,glide,train,True
418,//kaggle/input/datasets/vtphatt2/genimage-glide/glide/imagenet_glide/train/ai/GLIDE_1000_200_05_589_glide_00169.png,diffusion,2,glide,train,True
419,//kaggle/input/datasets/vtphatt2/genimage-glide/glide/imagenet_glide/train/ai/GLIDE_1000_200_02_214_glide_00066.png,diffusion,2,glide,train,True
420,//kaggle/input/datasets/vtphatt2/genimage-glide/glide/imagenet_glide/train/ai/GLIDE_1000_200_02_232_glide_00010.png,diffusion,2,glide,train,True
421,//kaggle/input/datasets/vtphatt2/genimage-glide/glide/imagenet_glide/train/ai/GLIDE_1000_200_05_503_glide_00007.png,diffusion,2,glide,train,True
422,//kaggle/input/datasets/vtphatt2/genimage-glide/glide/imagenet_glide/train/ai/GLIDE_1000_200_07_794_glide_00002.png,diffusion,2,glide,train,True
423,//kaggle/input/datasets/vtphatt2/genimage-glide/glide/imagenet_glide/train/ai/GLIDE_1000_200_07_793_glide_00156.png,diffusion,2,glide,train,True
424,//kaggle/input/datasets/vtphatt2/genimage-glide/glide/imagenet_glide/train/ai/GLIDE_1000_200_03_354_glide_00046.png,diffusion,2,glide,train,True
425,//kaggle/input/datasets/vtphatt2/genimage-glide/glide/imagenet_glide/train/ai/GLIDE_1000_200_01_156_glide_00062.png,diffusion,2,glide,train,True
426,//kaggle/input/datasets/vtphatt2/genimage-glide/glide/imagenet_glide/train/ai/GLIDE_1000_200_02_249_glide_00091.png,diffusion,2,glide,train,True
427,//kaggle/input/datasets/vtphatt2/genimage-glide/glide/imagenet_glide/train/ai/GLIDE_1000_200_09_945_glide_00094.png,diffusion,2,glide,train,True
428,//kaggle/input/datasets/vtphatt2/genimage-glide/glide/imagenet_glide/train/ai/GLIDE_1000_200_05_528_glide_00145.png,diffusion,2,glide,train,True
429,//kaggle/input/datasets/vtphatt2/genimage-glide/glide/imagenet_glide/train/ai/GLIDE_1000_200_00_033_glide_00106.png,diffusion,2,glide,train,True
430,//kaggle/input/datasets/vtphatt2/genimage-glide/glide/imagenet_glide/train/ai/GLIDE_1000_200_05_556_glide_00016.png,diffusion,2,glide,train,True
431,//kaggle/input/datasets/vtphatt2/genimage-glide/glide/imagenet_glide/train/ai/GLIDE_1000_200_07_729_glide_00062.png,diffusion,2,glide,train,True
432,//kaggle/input/datasets/vtphatt2/genimage-glide/glide/imagenet_glide/train/ai/GLIDE_1000_200_04_456_glide_00087.png,diffusion,2,glide,train,True
433,//kaggle/input/datasets/vtphatt2/genimage-glide/glide/imagenet_glide/train/ai/GLIDE_1000_200_07_767_glide_00072.png,diffusion,2,glide,train,True
434,//kaggle/input/datasets/vtphatt2/genimage-glide/glide/imagenet_glide/train/ai/GLIDE_1000_200_01_169_glide_00113.png,diffusion,2,glide,train,True
435,//kaggle/input/datasets/vtphatt2/genimage-glide/glide/imagenet_glide/train/ai/GLIDE_1000_200_09_932_glide_00131.png,diffusion,2,glide,train,True
436,//kaggle/input/datasets/vtphatt2/genimage-glide/glide/imagenet_glide/train/ai/GLIDE_1000_200_04_424_glide_00140.png,diffusion,2,glide,train,True
437,//kaggle/input/datasets/vtphatt2/genimage-glide/glide/imagenet_glide/train/ai/GLIDE_1000_200_06_619_glide_00141.png,diffusion,2,glide,train,True
438,//kaggle/input/datasets/vtphatt2/genimage-glide/glide/imagenet_glide/train/ai/GLIDE_1000_200_07_754_glide_00172.png,diffusion,2,glide,train,True
439,//kaggle/input/datasets/vtphatt2/genimage-glide/glide/imagenet_glide/train/ai/GLIDE_1000_200_05_576_glide_00053.png,diffusion,2,glide,train,True
440,//kaggle/input/datasets/vtphatt2/genimage-glide/glide/imagenet_glide/train/ai/GLIDE_1000_200_08_878_glide_00193.png,diffusion,2,glide,train,True
441,//kaggle/input/datasets/vtphatt2/genimage-glide/glide/imagenet_glide/train/ai/GLIDE_1000_200_02_250_glide_00028.png,diffusion,2,glide,train,True
442,//kaggle/input/datasets/vtphatt2/genimage-glide/glide/imagenet_glide/train/ai/GLIDE_1000_200_05_542_glide_00066.png,diffusion,2,glide,train,True
443,//kaggle/input/datasets/vtphatt2/genimage-glide/glide/imagenet_glide/train/ai/GLIDE_1000_200_08_886_glide_00001.png,diffusion,2,glide,train,True
444,//kaggle/input/datasets/vtphatt2/genimage-glide/glide/imagenet_glide/train/ai/GLIDE_1000_200_04_462_glide_00178.png,diffusion,2,glide,train,True
445,//kaggle/input/datasets/vtphatt2/genimage-glide/glide/imagenet_glide/train/ai/GLIDE_1000_200_07_713_glide_00008.png,diffusion,2,glide,train,True
446,//kaggle/input/datasets/vtphatt2/genimage-glide/glide/imagenet_glide/train/ai/GLIDE_1000_200_05_579_glide_00094.png,diffusion,2,glide,train,True
447,//kaggle/input/datasets/vtphatt2/genimage-glide/glide/imagenet_glide/train/ai/GLIDE_1000_200_01_117_glide_00087.png,diffusion,2,glide,train,True
448,//kaggle/input/datasets/vtphatt2/genimage-glide/glide/imagenet_glide/train/ai/GLIDE_1000_200_07_748_glide_00002.png,diffusion,2,glide,train,True
449,//kaggle/input/datasets/vtphatt2/genimage-glide/glide/imagenet_glide/train/ai/GLIDE_1000_200_05_564_glide_00196.png,diffusion,2,glide,train,True
450,//kaggle/input/datasets/vtphatt2/genimage-glide/glide/imagenet_glide/train/ai/GLIDE_1000_200_06_682_glide_00178.png,diffusion,2,glide,train,True
451,//kaggle/input/datasets/vtphatt2/genimage-glide/glide/imagenet_glide/train/ai/GLIDE_1000_200_05_569_glide_00089.png,diffusion,2,glide,train,True
452,//kaggle/input/datasets/vtphatt2/genimage-glide/glide/imagenet_glide/train/ai/GLIDE_1000_200_02_298_glide_00115.png,diffusion,2,glide,train,True
453,//kaggle/input/datasets/vtphatt2/genimage-glide/glide/imagenet_glide/train/ai/GLIDE_1000_200_08_881_glide_00121.png,diffusion,2,glide,train,True
454,//kaggle/input/datasets/vtphatt2/genimage-glide/glide/imagenet_glide/train/ai/GLIDE_1000_200_00_048_glide_00153.png,diffusion,2,glide,train,True
455,//kaggle/input/datasets/vtphatt2/genimage-glide/glide/imagenet_glide/train/ai/GLIDE_1000_200_01_197_glide_00089.png,diffusion,2,glide,train,True
456,//kaggle/input/datasets/vtphatt2/genimage-glide/glide/imagenet_glide/train/ai/GLIDE_1000_200_07_758_glide_00079.png,diffusion,2,glide,train,True
457,//kaggle/input/datasets/vtphatt2/genimage-glide/glide/imagenet_glide/train/ai/GLIDE_1000_200_03_388_glide_00051.png,diffusion,2,glide,train,True
458,//kaggle/input/datasets/vtphatt2/genimage-glide/glide/imagenet_glide/train/ai/GLIDE_1000_200_08_853_glide_00064.png,diffusion,2,glide,train,True
459,//kaggle/input/datasets/vtphatt2/genimage-glide/glide/imagenet_glide/train/ai/GLIDE_1000_200_08_862_glide_00031.png,diffusion,2,glide,train,True
460,//kaggle/input/datasets/vtphatt2/genimage-glide/glide/imagenet_glide/train/ai/GLIDE_1000_200_02_254_glide_00016.png,diffusion,2,glide,train,True
461,//kaggle/input/datasets/vtphatt2/genimage-glide/glide/imagenet_glide/train/ai/GLIDE_1000_200_09_966_glide_00021.png,diffusion,2,glide,train,True
462,//kaggle/input/datasets/vtphatt2/genimage-glide/glide/imagenet_glide/train/ai/GLIDE_1000_200_04_420_glide_00095.png,diffusion,2,glide,train,True
463,//kaggle/input/datasets/vtphatt2/genimage-glide/glide/imagenet_glide/train/ai/GLIDE_1000_200_01_101_glide_00067.png,diffusion,2,glide,train,True
464,//kaggle/input/datasets/vtphatt2/genimage-glide/glide/imagenet_glide/train/ai/GLIDE_1000_200_03_341_glide_00048.png,diffusion,2,glide,train,True
465,//kaggle/input/datasets/vtphatt2/genimage-glide/glide/imagenet_glide/train/ai/GLIDE_1000_200_08_820_glide_00076.png,diffusion,2,glide,train,True
466,//kaggle/input/datasets/vtphatt2/genimage-glide/glide/imagenet_glide/train/ai/GLIDE_1000_200_02_273_glide_00060.png,diffusion,2,glide,train,True
467,//kaggle/input/datasets/vtphatt2/genimage-glide/glide/imagenet_glide/train/ai/GLIDE_1000_200_00_093_glide_00126.png,diffusion,2,glide,train,True
468,//kaggle/input/datasets/vtphatt2/genimage-glide/glide/imagenet_glide/train/ai/GLIDE_1000_200_02_263_glide_00062.png,diffusion,2,glide,train,True
469,//kaggle/input/datasets/vtphatt2/genimage-glide/glide/imagenet_glide/train/ai/GLIDE_1000_200_03_320_glide_00024.png,diffusion,2,glide,train,True
470,//kaggle/input/datasets/vtphatt2/genimage-glide/glide/imagenet_glide/train/ai/GLIDE_1000_200_02_248_glide_00079.png,diffusion,2,glide,train,True
471,//kaggle/input/datasets/vtphatt2/genimage-glide/glide/imagenet_glide/train/ai/GLIDE_1000_200_08_825_glide_00162.png,diffusion,2,glide,train,True
472,//kaggle/input/datasets/vtphatt2/genimage-glide/glide/imagenet_glide/train/ai/GLIDE_1000_200_00_070_glide_00129.png,diffusion,2,glide,train,True
473,//kaggle/input/datasets/vtphatt2/genimage-glide/glide/imagenet_glide/train/ai/GLIDE_1000_200_06_625_glide_00196.png,diffusion,2,glide,train,True
474,//kaggle/input/datasets/vtphatt2/genimage-glide/glide/imagenet_glide/train/ai/GLIDE_1000_200_09_906_glide_00001.png,diffusion,2,glide,train,True
475,//kaggle/input/datasets/vtphatt2/genimage-glide/glide/imagenet_glide/train/ai/GLIDE_1000_200_01_106_glide_00061.png,diffusion,2,glide,train,True
476,//kaggle/input/datasets/vtphatt2/genimage-glide/glide/imagenet_glide/train/ai/GLIDE_1000_200_03_309_glide_00056.png,diffusion,2,glide,train,True
477,//kaggle/input/datasets/vtphatt2/genimage-glide/glide/imagenet_glide/train/ai/GLIDE_1000_200_05_523_glide_00064.png,diffusion,2,glide,train,True
478,//kaggle/input/datasets/vtphatt2/genimage-glide/glide/imagenet_glide/train/ai/GLIDE_1000_200_02_217_glide_00160.png,diffusion,2,glide,train,True
479,//kaggle/input/datasets/vtphatt2/genimage-glide/glide/imagenet_glide/train/ai/GLIDE_1000_200_03_328_glide_00179.png,diffusion,2,glide,train,True
480,//kaggle/input/datasets/vtphatt2/genimage-glide/glide/imagenet_glide/train/ai/GLIDE_1000_200_03_375_glide_00193.png,diffusion,2,glide,train,True
481,//kaggle/input/datasets/vtphatt2/genimage-glide/glide/imagenet_glide/train/ai/GLIDE_1000_200_00_004_glide_00142.png,diffusion,2,glide,train,True
482,//kaggle/input/datasets/vtphatt2/genimage-glide/glide/imagenet_glide/train/ai/GLIDE_1000_200_07_764_glide_00144.png,diffusion,2,glide,train,True
483,//kaggle/input/datasets/vtphatt2/genimage-glide/glide/imagenet_glide/train/ai/GLIDE_1000_200_02_261_glide_00137.png,diffusion,2,glide,train,True
484,//kaggle/input/datasets/vtphatt2/genimage-glide/glide/imagenet_glide/train/ai/GLIDE_1000_200_02_249_glide_00097.png,diffusion,2,glide,train,True
485,//kaggle/input/datasets/vtphatt2/genimage-glide/glide/imagenet_glide/train/ai/GLIDE_1000_200_05_500_glide_00142.png,diffusion,2,glide,train,True
486,//kaggle/input/datasets/vtphatt2/genimage-glide/glide/imagenet_glide/train/ai/GLIDE_1000_200_02_237_glide_00137.png,diffusion,2,glide,train,True
487,//kaggle/input/datasets/vtphatt2/genimage-glide/glide/imagenet_glide/train/ai/GLIDE_1000_200_04_416_glide_00040.png,diffusion,2,glide,train,True
488,//kaggle/input/datasets/vtphatt2/genimage-glide/glide/imagenet_glide/train/ai/GLIDE_1000_200_05_580_glide_00126.png,diffusion,2,glide,train,True
489,//kaggle/input/datasets/vtphatt2/genimage-glide/glide/imagenet_glide/train/ai/GLIDE_1000_200_03_327_glide_00181.png,diffusion,2,glide,train,True
490,//kaggle/input/datasets/vtphatt2/genimage-glide/glide/imagenet_glide/train/ai/GLIDE_1000_200_05_511_glide_00070.png,diffusion,2,glide,train,True
491,//kaggle/input/datasets/vtphatt2/genimage-glide/glide/imagenet_glide/train/ai/GLIDE_1000_200_00_009_glide_00139.png,diffusion,2,glide,train,True
492,//kaggle/input/datasets/vtphatt2/genimage-glide/glide/imagenet_glide/train/ai/GLIDE_1000_200_01_193_glide_00032.png,diffusion,2,glide,train,True
493,//kaggle/input/datasets/vtphatt2/genimage-glide/glide/imagenet_glide/train/ai/GLIDE_1000_200_04_498_glide_00063.png,diffusion,2,glide,train,True
494,//kaggle/input/datasets/vtphatt2/genimage-glide/glide/imagenet_glide/train/ai/GLIDE_1000_200_00_057_glide_00186.png,diffusion,2,glide,train,True
495,//kaggle/input/datasets/vtphatt2/genimage-glide/glide/imagenet_glide/train/ai/GLIDE_1000_200_08_815_glide_00134.png,diffusion,2,glide,train,True
496,//kaggle/input/datasets/vtphatt2/genimage-glide/glide/imagenet_glide/train/ai/GLIDE_1000_200_09_924_glide_00186.png,diffusion,2,glide,train,True
497,//kaggle/input/datasets/vtphatt2/genimage-glide/glide/imagenet_glide/train/ai/GLIDE_1000_200_08_814_glide_00032.png,diffusion,2,glide,train,True
498,//kaggle/input/datasets/vtphatt2/genimage-glide/glide/imagenet_glide/train/ai/GLIDE_1000_200_03_358_glide_00055.png,diffusion,2,glide,train,True
499,//kaggle/input/datasets/vtphatt2/genimage-glide/glide/imagenet_glide/train/ai/GLIDE_1000_200_00_085_glide_00167.png,diffusion,2,glide,train,True
500,//kaggle/input/datasets/vtphatt2/genimage-glide/glide/imagenet_glide/train/ai/GLIDE_1000_200_09_980_glide_00012.png,diffusion,2,glide,train,True
501,//kaggle/input/datasets/vtphatt2/genimage-glide/glide/imagenet_glide/train/ai/GLIDE_1000_200_02_246_glide_00175.png,diffusion,2,glide,train,True
502,//kaggle/input/datasets/vtphatt2/genimage-glide/glide/imagenet_glide/train/ai/GLIDE_1000_200_07_740_glide_00055.png,diffusion,2,glide,train,True
503,//kaggle/input/datasets/vtphatt2/genimage-glide/glide/imagenet_glide/train/ai/GLIDE_1000_200_04_442_glide_00139.png,diffusion,2,glide,train,True
504,//kaggle/input/datasets/vtphatt2/genimage-glide/glide/imagenet_glide/train/ai/GLIDE_1000_200_08_803_glide_00184.png,diffusion,2,glide,train,True
505,//kaggle/input/datasets/vtphatt2/genimage-glide/glide/imagenet_glide/train/ai/GLIDE_1000_200_04_414_glide_00119.png,diffusion,2,glide,train,True
506,//kaggle/input/datasets/vtphatt2/genimage-glide/glide/imagenet_glide/train/ai/GLIDE_1000_200_00_049_glide_00169.png,diffusion,2,glide,train,True
507,//kaggle/input/datasets/vtphatt2/genimage-glide/glide/imagenet_glide/train/ai/GLIDE_1000_200_04_421_glide_00122.png,diffusion,2,glide,train,True
508,//kaggle/input/datasets/vtphatt2/genimage-glide/glide/imagenet_glide/train/ai/GLIDE_1000_200_06_674_glide_00180.png,diffusion,2,glide,train,True
509,//kaggle/input/datasets/vtphatt2/genimage-glide/glide/imagenet_glide/train/ai/GLIDE_1000_200_03_371_glide_00060.png,diffusion,2,glide,train,True
510,//kaggle/input/datasets/vtphatt2/genimage-glide/glide/imagenet_glide/train/ai/GLIDE_1000_200_08_847_glide_00046.png,diffusion,2,glide,train,True
511,//kaggle/input/datasets/vtphatt2/genimage-glide/glide/imagenet_glide/train/ai/GLIDE_1000_200_07_746_glide_00102.png,diffusion,2,glide,train,True
512,//kaggle/input/datasets/vtphatt2/genimage-glide/glide/imagenet_glide/train/ai/GLIDE_1000_200_00_060_glide_00110.png,diffusion,2,glide,train,True
513,//kaggle/input/datasets/vtphatt2/genimage-glide/glide/imagenet_glide/train/ai/GLIDE_1000_200_07_755_glide_00040.png,diffusion,2,glide,train,True
514,//kaggle/input/datasets/vtphatt2/genimage-glide/glide/imagenet_glide/train/ai/GLIDE_1000_200_01_120_glide_00176.png,diffusion,2,glide,train,True
515,//kaggle/input/datasets/vtphatt2/genimage-glide/glide/imagenet_glide/train/ai/GLIDE_1000_200_06_657_glide_00098.png,diffusion,2,glide,train,True
516,//kaggle/input/datasets/vtphatt2/genimage-glide/glide/imagenet_glide/train/ai/GLIDE_1000_200_03_311_glide_00189.png,diffusion,2,glide,train,True
517,//kaggle/input/datasets/vtphatt2/genimage-glide/glide/imagenet_glide/train/ai/GLIDE_1000_200_04_474_glide_00156.png,diffusion,2,glide,train,True
518,//kaggle/input/datasets/vtphatt2/genimage-glide/glide/imagenet_glide/train/ai/GLIDE_1000_200_04_413_glide_00196.png,diffusion,2,glide,train,True
519,//kaggle/input/datasets/vtphatt2/genimage-glide/glide/imagenet_glide/train/ai/GLIDE_1000_200_07_736_glide_00130.png,diffusion,2,glide,train,True
520,//kaggle/input/datasets/vtphatt2/genimage-glide/glide/imagenet_glide/train/ai/GLIDE_1000_200_09_990_glide_00138.png,diffusion,2,glide,train,True
521,//kaggle/input/datasets/vtphatt2/genimage-glide/glide/imagenet_glide/train/ai/GLIDE_1000_200_05_537_glide_00124.png,diffusion,2,glide,train,True
522,//kaggle/input/datasets/vtphatt2/genimage-glide/glide/imagenet_glide/train/ai/GLIDE_1000_200_02_226_glide_00160.png,diffusion,2,glide,train,True
523,//kaggle/input/datasets/vtphatt2/genimage-glide/glide/imagenet_glide/train/ai/GLIDE_1000_200_01_107_glide_00145.png,diffusion,2,glide,train,True
524,//kaggle/input/datasets/vtphatt2/genimage-glide/glide/imagenet_glide/train/ai/GLIDE_1000_200_07_797_glide_00013.png,diffusion,2,glide,train,True
525,//kaggle/input/datasets/vtphatt2/genimage-glide/glide/imagenet_glide/train/ai/GLIDE_1000_200_00_016_glide_00139.png,diffusion,2,glide,train,True
526,//kaggle/input/datasets/vtphatt2/genimage-glide/glide/imagenet_glide/train/ai/GLIDE_1000_200_08_873_glide_00064.png,diffusion,2,glide,train,True
527,//kaggle/input/datasets/vtphatt2/genimage-glide/glide/imagenet_glide/train/ai/GLIDE_1000_200_08_888_glide_00113.png,diffusion,2,glide,train,True
528,//kaggle/input/datasets/vtphatt2/genimage-glide/glide/imagenet_glide/train/ai/GLIDE_1000_200_08_825_glide_00034.png,diffusion,2,glide,train,True
529,//kaggle/input/datasets/vtphatt2/genimage-glide/glide/imagenet_glide/train/ai/GLIDE_1000_200_01_196_glide_00179.png,diffusion,2,glide,train,True
530,//kaggle/input/datasets/vtphatt2/genimage-glide/glide/imagenet_glide/train/ai/GLIDE_1000_200_00_099_glide_00171.png,diffusion,2,glide,train,True
531,//kaggle/input/datasets/vtphatt2/genimage-glide/glide/imagenet_glide/train/ai/GLIDE_1000_200_00_063_glide_00128.png,diffusion,2,glide,train,True
532,//kaggle/input/datasets/vtphatt2/genimage-glide/glide/imagenet_glide/train/ai/GLIDE_1000_200_05_574_glide_00188.png,diffusion,2,glide,train,True
533,//kaggle/input/datasets/vtphatt2/genimage-glide/glide/imagenet_glide/train/ai/GLIDE_1000_200_05_500_glide_00087.png,diffusion,2,glide,train,True
534,//kaggle/input/datasets/vtphatt2/genimage-glide/glide/imagenet_glide/train/ai/GLIDE_1000_200_02_289_glide_00163.png,diffusion,2,glide,train,True
535,//kaggle/input/datasets/vtphatt2/genimage-glide/glide/imagenet_glide/train/ai/GLIDE_1000_200_09_999_glide_00097.png,diffusion,2,glide,train,True
536,//kaggle/input/datasets/vtphatt2/genimage-glide/glide/imagenet_glide/train/ai/GLIDE_1000_200_03_368_glide_00155.png,diffusion,2,glide,train,True
537,//kaggle/input/datasets/vtphatt2/genimage-glide/glide/imagenet_glide/train/ai/GLIDE_1000_200_01_140_glide_00012.png,diffusion,2,glide,train,True
538,//kaggle/input/datasets/vtphatt2/genimage-glide/glide/imagenet_glide/train/ai/GLIDE_1000_200_05_537_glide_00140.png,diffusion,2,glide,train,True
539,//kaggle/input/datasets/vtphatt2/genimage-glide/glide/imagenet_glide/train/ai/GLIDE_1000_200_08_803_glide_00049.png,diffusion,2,glide,train,True
540,//kaggle/input/datasets/vtphatt2/genimage-glide/glide/imagenet_glide/train/ai/GLIDE_1000_200_02_293_glide_00107.png,diffusion,2,glide,train,True
541,//kaggle/input/datasets/vtphatt2/genimage-glide/glide/imagenet_glide/train/ai/GLIDE_1000_200_00_091_glide_00095.png,diffusion,2,glide,train,True
542,//kaggle/input/datasets/vtphatt2/genimage-glide/glide/imagenet_glide/train/ai/GLIDE_1000_200_00_003_glide_00047.png,diffusion,2,glide,train,True
543,//kaggle/input/datasets/vtphatt2/genimage-glide/glide/imagenet_glide/train/ai/GLIDE_1000_200_00_079_glide_00105.png,diffusion,2,glide,train,True
544,//kaggle/input/datasets/vtphatt2/genimage-glide/glide/imagenet_glide/train/ai/GLIDE_1000_200_00_022_glide_00183.png,diffusion,2,glide,train,True
545,//kaggle/input/datasets/vtphatt2/genimage-glide/glide/imagenet_glide/train/ai/GLIDE_1000_200_03_389_glide_00014.png,diffusion,2,glide,train,True
546,//kaggle/input/datasets/vtphatt2/genimage-glide/glide/imagenet_glide/train/ai/GLIDE_1000_200_06_695_glide_00002.png,diffusion,2,glide,train,True
547,//kaggle/input/datasets/vtphatt2/genimage-glide/glide/imagenet_glide/train/ai/GLIDE_1000_200_07_711_glide_00091.png,diffusion,2,glide,train,True
548,//kaggle/input/datasets/vtphatt2/genimage-glide/glide/imagenet_glide/train/ai/GLIDE_1000_200_09_918_glide_00052.png,diffusion,2,glide,train,True
549,//kaggle/input/datasets/vtphatt2/genimage-glide/glide/imagenet_glide/train/ai/GLIDE_1000_200_09_912_glide_00046.png,diffusion,2,glide,train,True
550,//kaggle/input/datasets/vtphatt2/genimage-glide/glide/imagenet_glide/train/ai/GLIDE_1000_200_09_991_glide_00076.png,diffusion,2,glide,train,True
551,//kaggle/input/datasets/vtphatt2/genimage-glide/glide/imagenet_glide/train/ai/GLIDE_1000_200_00_011_glide_00064.png,diffusion,2,glide,train,True
552,//kaggle/input/datasets/vtphatt2/genimage-glide/glide/imagenet_glide/train/ai/GLIDE_1000_200_07_720_glide_00161.png,diffusion,2,glide,train,True
553,//kaggle/input/datasets/vtphatt2/genimage-glide/glide/imagenet_glide/train/ai/GLIDE_1000_200_03_379_glide_00114.png,diffusion,2,glide,train,True
554,//kaggle/input/datasets/vtphatt2/genimage-glide/glide/imagenet_glide/train/ai/GLIDE_1000_200_07_708_glide_00110.png,diffusion,2,glide,train,True
555,//kaggle/input/datasets/vtphatt2/genimage-glide/glide/imagenet_glide/train/ai/GLIDE_1000_200_03_308_glide_00146.png,diffusion,2,glide,train,True
556,//kaggle/input/datasets/vtphatt2/genimage-glide/glide/imagenet_glide/train/ai/GLIDE_1000_200_06_697_glide_00067.png,diffusion,2,glide,train,True
557,//kaggle/input/datasets/vtphatt2/genimage-glide/glide/imagenet_glide/train/ai/GLIDE_1000_200_02_264_glide_00098.png,diffusion,2,glide,train,True
558,//kaggle/input/datasets/vtphatt2/genimage-glide/glide/imagenet_glide/train/ai/GLIDE_1000_200_09_969_glide_00057.png,diffusion,2,glide,train,True
559,//kaggle/input/datasets/vtphatt2/genimage-glide/glide/imagenet_glide/train/ai/GLIDE_1000_200_00_073_glide_00082.png,diffusion,2,glide,train,True
560,//kaggle/input/datasets/vtphatt2/genimage-glide/glide/imagenet_glide/train/ai/GLIDE_1000_200_07_753_glide_00094.png,diffusion,2,glide,train,True
561,//kaggle/input/datasets/vtphatt2/genimage-glide/glide/imagenet_glide/train/ai/GLIDE_1000_200_08_817_glide_00058.png,diffusion,2,glide,train,True
562,//kaggle/input/datasets/vtphatt2/genimage-glide/glide/imagenet_glide/train/ai/GLIDE_1000_200_06_628_glide_00011.png,diffusion,2,glide,train,True
563,//kaggle/input/datasets/vtphatt2/genimage-glide/glide/imagenet_glide/train/ai/GLIDE_1000_200_09_993_glide_00144.png,diffusion,2,glide,train,True
564,//kaggle/input/datasets/vtphatt2/genimage-glide/glide/imagenet_glide/train/ai/GLIDE_1000_200_07_736_glide_00101.png,diffusion,2,glide,train,True
565,//kaggle/input/datasets/vtphatt2/genimage-glide/glide/imagenet_glide/train/ai/GLIDE_1000_200_00_091_glide_00010.png,diffusion,2,glide,train,True
566,//kaggle/input/datasets/vtphatt2/genimage-glide/glide/imagenet_glide/train/ai/GLIDE_1000_200_03_303_glide_00170.png,diffusion,2,glide,train,True
567,//kaggle/input/datasets/vtphatt2/genimage-glide/glide/imagenet_glide/train/ai/GLIDE_1000_200_02_259_glide_00114.png,diffusion,2,glide,train,True
568,//kaggle/input/datasets/vtphatt2/genimage-glide/glide/imagenet_glide/train/ai/GLIDE_1000_200_08_871_glide_00005.png,diffusion,2,glide,train,True
569,//kaggle/input/datasets/vtphatt2/genimage-glide/glide/imagenet_glide/train/ai/GLIDE_1000_200_08_822_glide_00095.png,diffusion,2,glide,train,True
570,//kaggle/input/datasets/vtphatt2/genimage-glide/glide/imagenet_glide/train/ai/GLIDE_1000_200_07_778_glide_00190.png,diffusion,2,glide,train,True
571,//kaggle/input/datasets/vtphatt2/genimage-glide/glide/imagenet_glide/train/ai/GLIDE_1000_200_00_020_glide_00171.png,diffusion,2,glide,train,True
572,//kaggle/input/datasets/vtphatt2/genimage-glide/glide/imagenet_glide/train/ai/GLIDE_1000_200_05_578_glide_00131.png,diffusion,2,glide,train,True
573,//kaggle/input/datasets/vtphatt2/genimage-glide/glide/imagenet_glide/train/ai/GLIDE_1000_200_09_922_glide_00196.png,diffusion,2,glide,train,True
574,//kaggle/input/datasets/vtphatt2/genimage-glide/glide/imagenet_glide/train/ai/GLIDE_1000_200_04_417_glide_00117.png,diffusion,2,glide,train,True
575,//kaggle/input/datasets/vtphatt2/genimage-glide/glide/imagenet_glide/train/ai/GLIDE_1000_200_04_446_glide_00111.png,diffusion,2,glide,train,True
576,//kaggle/input/datasets/vtphatt2/genimage-glide/glide/imagenet_glide/train/ai/GLIDE_1000_200_00_052_glide_00103.png,diffusion,2,glide,train,True
577,//kaggle/input/datasets/vtphatt2/genimage-glide/glide/imagenet_glide/train/ai/GLIDE_1000_200_03_303_glide_00073.png,diffusion,2,glide,train,True
578,//kaggle/input/datasets/vtphatt2/genimage-glide/glide/imagenet_glide/train/ai/GLIDE_1000_200_02_241_glide_00145.png,diffusion,2,glide,train,True
579,//kaggle/input/datasets/vtphatt2/genimage-glide/glide/imagenet_glide/train/ai/GLIDE_1000_200_04_412_glide_00057.png,diffusion,2,glide,train,True
580,//kaggle/input/datasets/vtphatt2/genimage-glide/glide/imagenet_glide/train/ai/GLIDE_1000_200_03_364_glide_00067.png,diffusion,2,glide,train,True
581,//kaggle/input/datasets/vtphatt2/genimage-glide/glide/imagenet_glide/train/ai/GLIDE_1000_200_00_014_glide_00017.png,diffusion,2,glide,train,True
582,//kaggle/input/datasets/vtphatt2/genimage-glide/glide/imagenet_glide/train/ai/GLIDE_1000_200_00_074_glide_00070.png,diffusion,2,glide,train,True
583,//kaggle/input/datasets/vtphatt2/genimage-glide/glide/imagenet_glide/train/ai/GLIDE_1000_200_03_352_glide_00170.png,diffusion,2,glide,train,True
584,//kaggle/input/datasets/vtphatt2/genimage-glide/glide/imagenet_glide/train/ai/GLIDE_1000_200_03_359_glide_00023.png,diffusion,2,glide,train,True
585,//kaggle/input/datasets/vtphatt2/genimage-glide/glide/imagenet_glide/train/ai/GLIDE_1000_200_03_381_glide_00138.png,diffusion,2,glide,train,True
586,//kaggle/input/datasets/vtphatt2/genimage-glide/glide/imagenet_glide/train/ai/GLIDE_1000_200_09_984_glide_00048.png,diffusion,2,glide,train,True
587,//kaggle/input/datasets/vtphatt2/genimage-glide/glide/imagenet_glide/train/ai/GLIDE_1000_200_05_530_glide_00068.png,diffusion,2,glide,train,True
588,//kaggle/input/datasets/vtphatt2/genimage-glide/glide/imagenet_glide/train/ai/GLIDE_1000_200_01_129_glide_00167.png,diffusion,2,glide,train,True
589,//kaggle/input/datasets/vtphatt2/genimage-glide/glide/imagenet_glide/train/ai/GLIDE_1000_200_02_235_glide_00042.png,diffusion,2,glide,train,True
590,//kaggle/input/datasets/vtphatt2/genimage-glide/glide/imagenet_glide/train/ai/GLIDE_1000_200_09_972_glide_00150.png,diffusion,2,glide,train,True
591,//kaggle/input/datasets/vtphatt2/genimage-glide/glide/imagenet_glide/train/ai/GLIDE_1000_200_00_062_glide_00075.png,diffusion,2,glide,train,True
592,//kaggle/input/datasets/vtphatt2/genimage-glide/glide/imagenet_glide/train/ai/GLIDE_1000_200_07_787_glide_00050.png,diffusion,2,glide,train,True
593,//kaggle/input/datasets/vtphatt2/genimage-glide/glide/imagenet_glide/train/ai/GLIDE_1000_200_09_905_glide_00014.png,diffusion,2,glide,train,True
594,//kaggle/input/datasets/vtphatt2/genimage-glide/glide/imagenet_glide/train/ai/GLIDE_1000_200_06_673_glide_00081.png,diffusion,2,glide,train,True
595,//kaggle/input/datasets/vtphatt2/genimage-glide/glide/imagenet_glide/train/ai/GLIDE_1000_200_03_368_glide_00113.png,diffusion,2,glide,train,True
596,//kaggle/input/datasets/vtphatt2/genimage-glide/glide/imagenet_glide/train/ai/GLIDE_1000_200_05_559_glide_00110.png,diffusion,2,glide,train,True
597,//kaggle/input/datasets/vtphatt2/genimage-glide/glide/imagenet_glide/train/ai/GLIDE_1000_200_02_280_glide_00082.png,diffusion,2,glide,train,True
598,//kaggle/input/datasets/vtphatt2/genimage-glide/glide/imagenet_glide/train/ai/GLIDE_1000_200_06_655_glide_00114.png,diffusion,2,glide,train,True
599,//kaggle/input/datasets/vtphatt2/genimage-glide/glide/imagenet_glide/train/ai/GLIDE_1000_200_05_501_glide_00150.png,diffusion,2,glide,train,True
600,//kaggle/input/datasets/vtphatt2/genimage-glide/glide/imagenet_glide/train/ai/GLIDE_1000_200_02_278_glide_00013.png,diffusion,2,glide,train,True
601,//kaggle/input/datasets/vtphatt2/genimage-glide/glide/imagenet_glide/train/ai/GLIDE_1000_200_09_960_glide_00063.png,diffusion,2,glide,train,True
602,//kaggle/input/datasets/vtphatt2/genimage-glide/glide/imagenet_glide/train/ai/GLIDE_1000_200_01_131_glide_00063.png,diffusion,2,glide,train,True
603,//kaggle/input/datasets/vtphatt2/genimage-glide/glide/imagenet_glide/train/ai/GLIDE_1000_200_08_827_glide_00103.png,diffusion,2,glide,train,True
604,//kaggle/input/datasets/vtphatt2/genimage-glide/glide/imagenet_glide/train/ai/GLIDE_1000_200_06_690_glide_00046.png,diffusion,2,glide,train,True
605,//kaggle/input/datasets/vtphatt2/genimage-glide/glide/imagenet_glide/train/ai/GLIDE_1000_200_04_455_glide_00161.png,diffusion,2,glide,train,True
606,//kaggle/input/datasets/vtphatt2/genimage-glide/glide/imagenet_glide/train/ai/GLIDE_1000_200_08_832_glide_00171.png,diffusion,2,glide,train,True
607,//kaggle/input/datasets/vtphatt2/genimage-glide/glide/imagenet_glide/train/ai/GLIDE_1000_200_00_089_glide_00137.png,diffusion,2,glide,train,True
608,//kaggle/input/datasets/vtphatt2/genimage-glide/glide/imagenet_glide/train/ai/GLIDE_1000_200_00_064_glide_00131.png,diffusion,2,glide,train,True
609,//kaggle/input/datasets/vtphatt2/genimage-glide/glide/imagenet_glide/train/ai/GLIDE_1000_200_00_057_glide_00073.png,diffusion,2,glide,train,True
610,//kaggle/input/datasets/vtphatt2/genimage-glide/glide/imagenet_glide/train/ai/GLIDE_1000_200_00_007_glide_00055.png,diffusion,2,glide,train,True
611,//kaggle/input/datasets/vtphatt2/genimage-glide/glide/imagenet_glide/train/ai/GLIDE_1000_200_09_909_glide_00185.png,diffusion,2,glide,train,True
612,//kaggle/input/datasets/vtphatt2/genimage-glide/glide/imagenet_glide/train/ai/GLIDE_1000_200_03_352_glide_00126.png,diffusion,2,glide,train,True
613,//kaggle/input/datasets/vtphatt2/genimage-glide/glide/imagenet_glide/train/ai/GLIDE_1000_200_04_422_glide_00046.png,diffusion,2,glide,train,True
614,//kaggle/input/datasets/vtphatt2/genimage-glide/glide/imagenet_glide/train/ai/GLIDE_1000_200_05_540_glide_00181.png,diffusion,2,glide,train,True
615,//kaggle/input/datasets/vtphatt2/genimage-glide/glide/imagenet_glide/train/ai/GLIDE_1000_200_05_527_glide_00189.png,diffusion,2,glide,train,True
616,//kaggle/input/datasets/vtphatt2/genimage-glide/glide/imagenet_glide/train/ai/GLIDE_1000_200_03_379_glide_00118.png,diffusion,2,glide,train,True
617,//kaggle/input/datasets/vtphatt2/genimage-glide/glide/imagenet_glide/train/ai/GLIDE_1000_200_01_151_glide_00096.png,diffusion,2,glide,train,True
618,//kaggle/input/datasets/vtphatt2/genimage-glide/glide/imagenet_glide/train/ai/GLIDE_1000_200_01_132_glide_00034.png,diffusion,2,glide,train,True
619,//kaggle/input/datasets/vtphatt2/genimage-glide/glide/imagenet_glide/train/ai/GLIDE_1000_200_05_580_glide_00196.png,diffusion,2,glide,train,True
620,//kaggle/input/datasets/vtphatt2/genimage-glide/glide/imagenet_glide/train/ai/GLIDE_1000_200_02_209_glide_00114.png,diffusion,2,glide,train,True
621,//kaggle/input/datasets/vtphatt2/genimage-glide/glide/imagenet_glide/train/ai/GLIDE_1000_200_08_828_glide_00123.png,diffusion,2,glide,train,True
622,//kaggle/input/datasets/vtphatt2/genimage-glide/glide/imagenet_glide/train/ai/GLIDE_1000_200_08_842_glide_00160.png,diffusion,2,glide,train,True
623,//kaggle/input/datasets/vtphatt2/genimage-glide/glide/imagenet_glide/train/ai/GLIDE_1000_200_07_776_glide_00141.png,diffusion,2,glide,train,True
624,//kaggle/input/datasets/vtphatt2/genimage-glide/glide/imagenet_glide/train/ai/GLIDE_1000_200_09_907_glide_00028.png,diffusion,2,glide,train,True
625,//kaggle/input/datasets/vtphatt2/genimage-glide/glide/imagenet_glide/train/ai/GLIDE_1000_200_09_957_glide_00115.png,diffusion,2,glide,train,True
626,//kaggle/input/datasets/vtphatt2/genimage-glide/glide/imagenet_glide/train/ai/GLIDE_1000_200_02_245_glide_00178.png,diffusion,2,glide,train,True
627,//kaggle/input/datasets/vtphatt2/genimage-glide/glide/imagenet_glide/train/ai/GLIDE_1000_200_03_342_glide_00078.png,diffusion,2,glide,train,True
628,//kaggle/input/datasets/vtphatt2/genimage-glide/glide/imagenet_glide/train/ai/GLIDE_1000_200_07_778_glide_00178.png,diffusion,2,glide,train,True
629,//kaggle/input/datasets/vtphatt2/genimage-glide/glide/imagenet_glide/train/ai/GLIDE_1000_200_03_335_glide_00129.png,diffusion,2,glide,train,True
630,//kaggle/input/datasets/vtphatt2/genimage-glide/glide/imagenet_glide/train/ai/GLIDE_1000_200_02_278_glide_00155.png,diffusion,2,glide,train,True
631,//kaggle/input/datasets/vtphatt2/genimage-glide/glide/imagenet_glide/train/ai/GLIDE_1000_200_06_691_glide_00070.png,diffusion,2,glide,train,True
632,//kaggle/input/datasets/vtphatt2/genimage-glide/glide/imagenet_glide/train/ai/GLIDE_1000_200_03_305_glide_00167.png,diffusion,2,glide,train,True
633,//kaggle/input/datasets/vtphatt2/genimage-glide/glide/imagenet_glide/train/ai/GLIDE_1000_200_02_229_glide_00104.png,diffusion,2,glide,train,True
634,//kaggle/input/datasets/vtphatt2/genimage-glide/glide/imagenet_glide/train/ai/GLIDE_1000_200_01_120_glide_00146.png,diffusion,2,glide,train,True
635,//kaggle/input/datasets/vtphatt2/genimage-glide/glide/imagenet_glide/train/ai/GLIDE_1000_200_02_296_glide_00085.png,diffusion,2,glide,train,True
636,//kaggle/input/datasets/vtphatt2/genimage-glide/glide/imagenet_glide/train/ai/GLIDE_1000_200_07_751_glide_00170.png,diffusion,2,glide,train,True
637,//kaggle/input/datasets/vtphatt2/genimage-glide/glide/imagenet_glide/train/ai/GLIDE_1000_200_04_426_glide_00091.png,diffusion,2,glide,train,True
638,//kaggle/input/datasets/vtphatt2/genimage-glide/glide/imagenet_glide/train/ai/GLIDE_1000_200_09_997_glide_00111.png,diffusion,2,glide,train,True
639,//kaggle/input/datasets/vtphatt2/genimage-glide/glide/imagenet_glide/train/ai/GLIDE_1000_200_09_947_glide_00104.png,diffusion,2,glide,train,True
640,//kaggle/input/datasets/vtphatt2/genimage-glide/glide/imagenet_glide/train/ai/GLIDE_1000_200_07_797_glide_00177.png,diffusion,2,glide,train,True
641,//kaggle/input/datasets/vtphatt2/genimage-glide/glide/imagenet_glide/train/ai/GLIDE_1000_200_09_950_glide_00175.png,diffusion,2,glide,train,True
642,//kaggle/input/datasets/vtphatt2/genimage-glide/glide/imagenet_glide/train/ai/GLIDE_1000_200_00_011_glide_00053.png,diffusion,2,glide,train,True
643,//kaggle/input/datasets/vtphatt2/genimage-glide/glide/imagenet_glide/train/ai/GLIDE_1000_200_03_327_glide_00162.png,diffusion,2,glide,train,True
644,//kaggle/input/datasets/vtphatt2/genimage-glide/glide/imagenet_glide/train/ai/GLIDE_1000_200_00_039_glide_00044.png,diffusion,2,glide,train,True
645,//kaggle/input/datasets/vtphatt2/genimage-glide/glide/imagenet_glide/train/ai/GLIDE_1000_200_07_775_glide_00021.png,diffusion,2,glide,train,True
646,//kaggle/input/datasets/vtphatt2/genimage-glide/glide/imagenet_glide/train/ai/GLIDE_1000_200_00_043_glide_00040.png,diffusion,2,glide,train,True
647,//kaggle/input/datasets/vtphatt2/genimage-glide/glide/imagenet_glide/train/ai/GLIDE_1000_200_02_216_glide_00102.png,diffusion,2,glide,train,True
648,//kaggle/input/datasets/vtphatt2/genimage-glide/glide/imagenet_glide/train/ai/GLIDE_1000_200_05_587_glide_00033.png,diffusion,2,glide,train,True
649,//kaggle/input/datasets/vtphatt2/genimage-glide/glide/imagenet_glide/train/ai/GLIDE_1000_200_06_662_glide_00152.png,diffusion,2,glide,train,True
650,//kaggle/input/datasets/vtphatt2/genimage-glide/glide/imagenet_glide/train/ai/GLIDE_1000_200_01_147_glide_00034.png,diffusion,2,glide,train,True
651,//kaggle/input/datasets/vtphatt2/genimage-glide/glide/imagenet_glide/train/ai/GLIDE_1000_200_03_301_glide_00033.png,diffusion,2,glide,train,True
652,//kaggle/input/datasets/vtphatt2/genimage-glide/glide/imagenet_glide/train/ai/GLIDE_1000_200_01_191_glide_00091.png,diffusion,2,glide,train,True
653,//kaggle/input/datasets/vtphatt2/genimage-glide/glide/imagenet_glide/train/ai/GLIDE_1000_200_09_969_glide_00053.png,diffusion,2,glide,train,True
654,//kaggle/input/datasets/vtphatt2/genimage-glide/glide/imagenet_glide/train/ai/GLIDE_1000_200_09_977_glide_00082.png,diffusion,2,glide,train,True
655,//kaggle/input/datasets/vtphatt2/genimage-glide/glide/imagenet_glide/train/ai/GLIDE_1000_200_03_356_glide_00076.png,diffusion,2,glide,train,True
656,//kaggle/input/datasets/vtphatt2/genimage-glide/glide/imagenet_glide/train/ai/GLIDE_1000_200_03_310_glide_00042.png,diffusion,2,glide,train,True
657,//kaggle/input/datasets/vtphatt2/genimage-glide/glide/imagenet_glide/train/ai/GLIDE_1000_200_01_120_glide_00165.png,diffusion,2,glide,train,True
658,//kaggle/input/datasets/vtphatt2/genimage-glide/glide/imagenet_glide/train/ai/GLIDE_1000_200_04_481_glide_00017.png,diffusion,2,glide,train,True
659,//kaggle/input/datasets/vtphatt2/genimage-glide/glide/imagenet_glide/train/ai/GLIDE_1000_200_03_378_glide_00002.png,diffusion,2,glide,train,True
660,//kaggle/input/datasets/vtphatt2/genimage-glide/glide/imagenet_glide/train/ai/GLIDE_1000_200_01_108_glide_00061.png,diffusion,2,glide,train,True
661,//kaggle/input/datasets/vtphatt2/genimage-glide/glide/imagenet_glide/train/ai/GLIDE_1000_200_07_752_glide_00002.png,diffusion,2,glide,train,True
662,//kaggle/input/datasets/vtphatt2/genimage-glide/glide/imagenet_glide/train/ai/GLIDE_1000_200_09_927_glide_00137.png,diffusion,2,glide,train,True
663,//kaggle/input/datasets/vtphatt2/genimage-glide/glide/imagenet_glide/train/ai/GLIDE_1000_200_00_084_glide_00070.png,diffusion,2,glide,train,True
664,//kaggle/input/datasets/vtphatt2/genimage-glide/glide/imagenet_glide/train/ai/GLIDE_1000_200_04_465_glide_00078.png,diffusion,2,glide,train,True
665,//kaggle/input/datasets/vtphatt2/genimage-glide/glide/imagenet_glide/train/ai/GLIDE_1000_200_06_684_glide_00006.png,diffusion,2,glide,train,True
666,//kaggle/input/datasets/vtphatt2/genimage-glide/glide/imagenet_glide/train/ai/GLIDE_1000_200_05_554_glide_00016.png,diffusion,2,glide,train,True
667,//kaggle/input/datasets/vtphatt2/genimage-glide/glide/imagenet_glide/train/ai/GLIDE_1000_200_00_011_glide_00061.png,diffusion,2,glide,train,True
668,//kaggle/input/datasets/vtphatt2/genimage-glide/glide/imagenet_glide/train/ai/GLIDE_1000_200_06_625_glide_00008.png,diffusion,2,glide,train,True
669,//kaggle/input/datasets/vtphatt2/genimage-glide/glide/imagenet_glide/train/ai/GLIDE_1000_200_00_019_glide_00118.png,diffusion,2,glide,train,True
670,//kaggle/input/datasets/vtphatt2/genimage-glide/glide/imagenet_glide/train/ai/GLIDE_1000_200_05_564_glide_00011.png,diffusion,2,glide,train,True
671,//kaggle/input/datasets/vtphatt2/genimage-glide/glide/imagenet_glide/train/ai/GLIDE_1000_200_03_339_glide_00078.png,diffusion,2,glide,train,True
672,//kaggle/input/datasets/vtphatt2/genimage-glide/glide/imagenet_glide/train/ai/GLIDE_1000_200_04_408_glide_00156.png,diffusion,2,glide,train,True
673,//kaggle/input/datasets/vtphatt2/genimage-glide/glide/imagenet_glide/train/ai/GLIDE_1000_200_06_629_glide_00061.png,diffusion,2,glide,train,True
674,//kaggle/input/datasets/vtphatt2/genimage-glide/glide/imagenet_glide/train/ai/GLIDE_1000_200_09_954_glide_00013.png,diffusion,2,glide,train,True
675,//kaggle/input/datasets/vtphatt2/genimage-glide/glide/imagenet_glide/train/ai/GLIDE_1000_200_00_099_glide_00068.png,diffusion,2,glide,train,True
676,//kaggle/input/datasets/vtphatt2/genimage-glide/glide/imagenet_glide/train/ai/GLIDE_1000_200_05_526_glide_00109.png,diffusion,2,glide,train,True
677,//kaggle/input/datasets/vtphatt2/genimage-glide/glide/imagenet_glide/train/ai/GLIDE_1000_200_02_270_glide_00067.png,diffusion,2,glide,train,True
678,//kaggle/input/datasets/vtphatt2/genimage-glide/glide/imagenet_glide/train/ai/GLIDE_1000_200_02_237_glide_00001.png,diffusion,2,glide,train,True
679,//kaggle/input/datasets/vtphatt2/genimage-glide/glide/imagenet_glide/train/ai/GLIDE_1000_200_08_855_glide_00113.png,diffusion,2,glide,train,True
680,//kaggle/input/datasets/vtphatt2/genimage-glide/glide/imagenet_glide/train/ai/GLIDE_1000_200_03_371_glide_00062.png,diffusion,2,glide,train,True
681,//kaggle/input/datasets/vtphatt2/genimage-glide/glide/imagenet_glide/train/ai/GLIDE_1000_200_09_941_glide_00152.png,diffusion,2,glide,train,True
682,//kaggle/input/datasets/vtphatt2/genimage-glide/glide/imagenet_glide/train/ai/GLIDE_1000_200_09_936_glide_00110.png,diffusion,2,glide,train,True
683,//kaggle/input/datasets/vtphatt2/genimage-glide/glide/imagenet_glide/train/ai/GLIDE_1000_200_02_230_glide_00124.png,diffusion,2,glide,train,True
684,//kaggle/input/datasets/vtphatt2/genimage-glide/glide/imagenet_glide/train/ai/GLIDE_1000_200_08_891_glide_00114.png,diffusion,2,glide,train,True
685,//kaggle/input/datasets/vtphatt2/genimage-glide/glide/imagenet_glide/train/ai/GLIDE_1000_200_08_827_glide_00173.png,diffusion,2,glide,train,True
686,//kaggle/input/datasets/vtphatt2/genimage-glide/glide/imagenet_glide/train/ai/GLIDE_1000_200_07_718_glide_00095.png,diffusion,2,glide,train,True
687,//kaggle/input/datasets/vtphatt2/genimage-glide/glide/imagenet_glide/train/ai/GLIDE_1000_200_04_468_glide_00057.png,diffusion,2,glide,train,True
688,//kaggle/input/datasets/vtphatt2/genimage-glide/glide/imagenet_glide/train/ai/GLIDE_1000_200_02_273_glide_00012.png,diffusion,2,glide,train,True
689,//kaggle/input/datasets/vtphatt2/genimage-glide/glide/imagenet_glide/train/ai/GLIDE_1000_200_00_055_glide_00106.png,diffusion,2,glide,train,True
690,//kaggle/input/datasets/vtphatt2/genimage-glide/glide/imagenet_glide/train/ai/GLIDE_1000_200_00_085_glide_00013.png,diffusion,2,glide,train,True
691,//kaggle/input/datasets/vtphatt2/genimage-glide/glide/imagenet_glide/train/ai/GLIDE_1000_200_00_091_glide_00067.png,diffusion,2,glide,train,True
692,//kaggle/input/datasets/vtphatt2/genimage-glide/glide/imagenet_glide/train/ai/GLIDE_1000_200_01_175_glide_00186.png,diffusion,2,glide,train,True
693,//kaggle/input/datasets/vtphatt2/genimage-glide/glide/imagenet_glide/train/ai/GLIDE_1000_200_05_583_glide_00191.png,diffusion,2,glide,train,True
694,//kaggle/input/datasets/vtphatt2/genimage-glide/glide/imagenet_glide/train/ai/GLIDE_1000_200_05_527_glide_00166.png,diffusion,2,glide,train,True
695,//kaggle/input/datasets/vtphatt2/genimage-glide/glide/imagenet_glide/train/ai/GLIDE_1000_200_06_692_glide_00053.png,diffusion,2,glide,train,True
696,//kaggle/input/datasets/vtphatt2/genimage-glide/glide/imagenet_glide/train/ai/GLIDE_1000_200_00_063_glide_00058.png,diffusion,2,glide,train,True
697,//kaggle/input/datasets/vtphatt2/genimage-glide/glide/imagenet_glide/train/ai/GLIDE_1000_200_01_189_glide_00180.png,diffusion,2,glide,train,True
698,//kaggle/input/datasets/vtphatt2/genimage-glide/glide/imagenet_glide/train/ai/GLIDE_1000_200_06_606_glide_00005.png,diffusion,2,glide,train,True
699,//kaggle/input/datasets/vtphatt2/genimage-glide/glide/imagenet_glide/train/ai/GLIDE_1000_200_06_697_glide_00048.png,diffusion,2,glide,train,True
700,//kaggle/input/datasets/vtphatt2/genimage-glide/glide/imagenet_glide/train/ai/GLIDE_1000_200_06_629_glide_00023.png,diffusion,2,glide,train,True
701,//kaggle/input/datasets/vtphatt2/genimage-glide/glide/imagenet_glide/train/ai/GLIDE_1000_200_07_793_glide_00061.png,diffusion,2,glide,train,True
702,//kaggle/input/datasets/vtphatt2/genimage-glide/glide/imagenet_glide/train/ai/GLIDE_1000_200_00_095_glide_00024.png,diffusion,2,glide,train,True
703,//kaggle/input/datasets/vtphatt2/genimage-glide/glide/imagenet_glide/train/ai/GLIDE_1000_200_05_510_glide_00031.png,diffusion,2,glide,train,True
704,//kaggle/input/datasets/vtphatt2/genimage-glide/glide/imagenet_glide/train/ai/GLIDE_1000_200_04_422_glide_00097.png,diffusion,2,glide,train,True
705,//kaggle/input/datasets/vtphatt2/genimage-glide/glide/imagenet_glide/train/ai/GLIDE_1000_200_05_511_glide_00030.png,diffusion,2,glide,train,True
706,//kaggle/input/datasets/vtphatt2/genimage-glide/glide/imagenet_glide/train/ai/GLIDE_1000_200_00_050_glide_00185.png,diffusion,2,glide,train,True
707,//kaggle/input/datasets/vtphatt2/genimage-glide/glide/imagenet_glide/train/ai/GLIDE_1000_200_03_379_glide_00004.png,diffusion,2,glide,train,True
708,//kaggle/input/datasets/vtphatt2/genimage-glide/glide/imagenet_glide/train/ai/GLIDE_1000_200_01_106_glide_00113.png,diffusion,2,glide,train,True
709,//kaggle/input/datasets/vtphatt2/genimage-glide/glide/imagenet_glide/train/ai/GLIDE_1000_200_02_214_glide_00186.png,diffusion,2,glide,train,True
710,//kaggle/input/datasets/vtphatt2/genimage-glide/glide/imagenet_glide/train/ai/GLIDE_1000_200_04_474_glide_00040.png,diffusion,2,glide,train,True
711,//kaggle/input/datasets/vtphatt2/genimage-glide/glide/imagenet_glide/train/ai/GLIDE_1000_200_07_725_glide_00010.png,diffusion,2,glide,train,True
712,//kaggle/input/datasets/vtphatt2/genimage-glide/glide/imagenet_glide/train/ai/GLIDE_1000_200_04_427_glide_00097.png,diffusion,2,glide,train,True
713,//kaggle/input/datasets/vtphatt2/genimage-glide/glide/imagenet_glide/train/ai/GLIDE_1000_200_00_097_glide_00119.png,diffusion,2,glide,train,True
714,//kaggle/input/datasets/vtphatt2/genimage-glide/glide/imagenet_glide/train/ai/GLIDE_1000_200_01_159_glide_00005.png,diffusion,2,glide,train,True
715,//kaggle/input/datasets/vtphatt2/genimage-glide/glide/imagenet_glide/train/ai/GLIDE_1000_200_06_640_glide_00122.png,diffusion,2,glide,train,True
716,//kaggle/input/datasets/vtphatt2/genimage-glide/glide/imagenet_glide/train/ai/GLIDE_1000_200_02_278_glide_00110.png,diffusion,2,glide,train,True
717,//kaggle/input/datasets/vtphatt2/genimage-glide/glide/imagenet_glide/train/ai/GLIDE_1000_200_06_656_glide_00196.png,diffusion,2,glide,train,True
718,//kaggle/input/datasets/vtphatt2/genimage-glide/glide/imagenet_glide/train/ai/GLIDE_1000_200_02_247_glide_00048.png,diffusion,2,glide,train,True
719,//kaggle/input/datasets/vtphatt2/genimage-glide/glide/imagenet_glide/train/ai/GLIDE_1000_200_01_158_glide_00028.png,diffusion,2,glide,train,True
720,//kaggle/input/datasets/vtphatt2/genimage-glide/glide/imagenet_glide/train/ai/GLIDE_1000_200_07_734_glide_00032.png,diffusion,2,glide,train,True
721,//kaggle/input/datasets/vtphatt2/genimage-glide/glide/imagenet_glide/train/ai/GLIDE_1000_200_04_436_glide_00052.png,diffusion,2,glide,train,True
722,//kaggle/input/datasets/vtphatt2/genimage-glide/glide/imagenet_glide/train/ai/GLIDE_1000_200_03_338_glide_00045.png,diffusion,2,glide,train,True
723,//kaggle/input/datasets/vtphatt2/genimage-glide/glide/imagenet_glide/train/ai/GLIDE_1000_200_03_345_glide_00177.png,diffusion,2,glide,train,True
724,//kaggle/input/datasets/vtphatt2/genimage-glide/glide/imagenet_glide/train/ai/GLIDE_1000_200_07_777_glide_00134.png,diffusion,2,glide,train,True
725,//kaggle/input/datasets/vtphatt2/genimage-glide/glide/imagenet_glide/train/ai/GLIDE_1000_200_03_395_glide_00096.png,diffusion,2,glide,train,True
726,//kaggle/input/datasets/vtphatt2/genimage-glide/glide/imagenet_glide/train/ai/GLIDE_1000_200_04_460_glide_00140.png,diffusion,2,glide,train,True
727,//kaggle/input/datasets/vtphatt2/genimage-glide/glide/imagenet_glide/train/ai/GLIDE_1000_200_08_805_glide_00148.png,diffusion,2,glide,train,True
728,//kaggle/input/datasets/vtphatt2/genimage-glide/glide/imagenet_glide/train/ai/GLIDE_1000_200_04_426_glide_00121.png,diffusion,2,glide,train,True
729,//kaggle/input/datasets/vtphatt2/genimage-glide/glide/imagenet_glide/train/ai/GLIDE_1000_200_02_201_glide_00198.png,diffusion,2,glide,train,True
730,//kaggle/input/datasets/vtphatt2/genimage-glide/glide/imagenet_glide/train/ai/GLIDE_1000_200_08_824_glide_00096.png,diffusion,2,glide,train,True
731,//kaggle/input/datasets/vtphatt2/genimage-glide/glide/imagenet_glide/train/ai/GLIDE_1000_200_09_977_glide_00046.png,diffusion,2,glide,train,True
732,//kaggle/input/datasets/vtphatt2/genimage-glide/glide/imagenet_glide/train/ai/GLIDE_1000_200_00_080_glide_00073.png,diffusion,2,glide,train,True
733,//kaggle/input/datasets/vtphatt2/genimage-glide/glide/imagenet_glide/train/ai/GLIDE_1000_200_03_304_glide_00063.png,diffusion,2,glide,train,True
734,//kaggle/input/datasets/vtphatt2/genimage-glide/glide/imagenet_glide/train/ai/GLIDE_1000_200_08_837_glide_00182.png,diffusion,2,glide,train,True
735,//kaggle/input/datasets/vtphatt2/genimage-glide/glide/imagenet_glide/train/ai/GLIDE_1000_200_08_864_glide_00119.png,diffusion,2,glide,train,True
736,//kaggle/input/datasets/vtphatt2/genimage-glide/glide/imagenet_glide/train/ai/GLIDE_1000_200_09_935_glide_00118.png,diffusion,2,glide,train,True
737,//kaggle/input/datasets/vtphatt2/genimage-glide/glide/imagenet_glide/train/ai/GLIDE_1000_200_02_245_glide_00115.png,diffusion,2,glide,train,True
738,//kaggle/input/datasets/vtphatt2/genimage-glide/glide/imagenet_glide/train/ai/GLIDE_1000_200_06_623_glide_00105.png,diffusion,2,glide,train,True
739,//kaggle/input/datasets/vtphatt2/genimage-glide/glide/imagenet_glide/train/ai/GLIDE_1000_200_01_153_glide_00079.png,diffusion,2,glide,train,True
740,//kaggle/input/datasets/vtphatt2/genimage-glide/glide/imagenet_glide/train/ai/GLIDE_1000_200_08_874_glide_00016.png,diffusion,2,glide,train,True
741,//kaggle/input/datasets/vtphatt2/genimage-glide/glide/imagenet_glide/train/ai/GLIDE_1000_200_02_250_glide_00198.png,diffusion,2,glide,train,True
742,//kaggle/input/datasets/vtphatt2/genimage-glide/glide/imagenet_glide/train/ai/GLIDE_1000_200_02_271_glide_00123.png,diffusion,2,glide,train,True
743,//kaggle/input/datasets/vtphatt2/genimage-glide/glide/imagenet_glide/train/ai/GLIDE_1000_200_09_974_glide_00165.png,diffusion,2,glide,train,True
744,//kaggle/input/datasets/vtphatt2/genimage-glide/glide/imagenet_glide/train/ai/GLIDE_1000_200_07_719_glide_00102.png,diffusion,2,glide,train,True
745,//kaggle/input/datasets/vtphatt2/genimage-glide/glide/imagenet_glide/train/ai/GLIDE_1000_200_02_286_glide_00091.png,diffusion,2,glide,train,True
746,//kaggle/input/datasets/vtphatt2/genimage-glide/glide/imagenet_glide/train/ai/GLIDE_1000_200_06_647_glide_00161.png,diffusion,2,glide,train,True
747,//kaggle/input/datasets/vtphatt2/genimage-glide/glide/imagenet_glide/train/ai/GLIDE_1000_200_08_801_glide_00037.png,diffusion,2,glide,train,True
748,//kaggle/input/datasets/vtphatt2/genimage-glide/glide/imagenet_glide/train/ai/GLIDE_1000_200_07_741_glide_00109.png,diffusion,2,glide,train,True
749,//kaggle/input/datasets/vtphatt2/genimage-glide/glide/imagenet_glide/train/ai/GLIDE_1000_200_01_189_glide_00069.png,diffusion,2,glide,train,True
750,//kaggle/input/datasets/vtphatt2/genimage-glide/glide/imagenet_glide/train/ai/GLIDE_1000_200_07_783_glide_00098.png,diffusion,2,glide,train,True
751,//kaggle/input/datasets/vtphatt2/genimage-glide/glide/imagenet_glide/train/ai/GLIDE_1000_200_00_089_glide_00076.png,diffusion,2,glide,train,True
752,//kaggle/input/datasets/vtphatt2/genimage-glide/glide/imagenet_glide/train/ai/GLIDE_1000_200_08_842_glide_00013.png,diffusion,2,glide,train,True
753,//kaggle/input/datasets/vtphatt2/genimage-glide/glide/imagenet_glide/train/ai/GLIDE_1000_200_09_989_glide_00123.png,diffusion,2,glide,train,True
754,//kaggle/input/datasets/vtphatt2/genimage-glide/glide/imagenet_glide/train/ai/GLIDE_1000_200_07_708_glide_00166.png,diffusion,2,glide,train,True
755,//kaggle/input/datasets/vtphatt2/genimage-glide/glide/imagenet_glide/train/ai/GLIDE_1000_200_08_882_glide_00063.png,diffusion,2,glide,train,True
756,//kaggle/input/datasets/vtphatt2/genimage-glide/glide/imagenet_glide/train/ai/GLIDE_1000_200_00_048_glide_00166.png,diffusion,2,glide,train,True
757,//kaggle/input/datasets/vtphatt2/genimage-glide/glide/imagenet_glide/train/ai/GLIDE_1000_200_02_293_glide_00126.png,diffusion,2,glide,train,True
758,//kaggle/input/datasets/vtphatt2/genimage-glide/glide/imagenet_glide/train/ai/GLIDE_1000_200_01_190_glide_00083.png,diffusion,2,glide,train,True
759,//kaggle/input/datasets/vtphatt2/genimage-glide/glide/imagenet_glide/train/ai/GLIDE_1000_200_03_339_glide_00108.png,diffusion,2,glide,train,True
760,//kaggle/input/datasets/vtphatt2/genimage-glide/glide/imagenet_glide/train/ai/GLIDE_1000_200_00_014_glide_00155.png,diffusion,2,glide,train,True
761,//kaggle/input/datasets/vtphatt2/genimage-glide/glide/imagenet_glide/train/ai/GLIDE_1000_200_09_907_glide_00086.png,diffusion,2,glide,train,True
762,//kaggle/input/datasets/vtphatt2/genimage-glide/glide/imagenet_glide/train/ai/GLIDE_1000_200_00_088_glide_00057.png,diffusion,2,glide,train,True
763,//kaggle/input/datasets/vtphatt2/genimage-glide/glide/imagenet_glide/train/ai/GLIDE_1000_200_03_357_glide_00061.png,diffusion,2,glide,train,True
764,//kaggle/input/datasets/vtphatt2/genimage-glide/glide/imagenet_glide/train/ai/GLIDE_1000_200_00_002_glide_00183.png,diffusion,2,glide,train,True
765,//kaggle/input/datasets/vtphatt2/genimage-glide/glide/imagenet_glide/train/ai/GLIDE_1000_200_04_481_glide_00059.png,diffusion,2,glide,train,True
766,//kaggle/input/datasets/vtphatt2/genimage-glide/glide/imagenet_glide/train/ai/GLIDE_1000_200_08_884_glide_00105.png,diffusion,2,glide,train,True
767,//kaggle/input/datasets/vtphatt2/genimage-glide/glide/imagenet_glide/train/ai/GLIDE_1000_200_08_883_glide_00131.png,diffusion,2,glide,train,True
768,//kaggle/input/datasets/vtphatt2/genimage-glide/glide/imagenet_glide/train/ai/GLIDE_1000_200_04_457_glide_00000.png,diffusion,2,glide,train,True
769,//kaggle/input/datasets/vtphatt2/genimage-glide/glide/imagenet_glide/train/ai/GLIDE_1000_200_08_892_glide_00154.png,diffusion,2,glide,train,True
770,//kaggle/input/datasets/vtphatt2/genimage-glide/glide/imagenet_glide/train/ai/GLIDE_1000_200_09_956_glide_00183.png,diffusion,2,glide,train,True
771,//kaggle/input/datasets/vtphatt2/genimage-glide/glide/imagenet_glide/train/ai/GLIDE_1000_200_02_237_glide_00160.png,diffusion,2,glide,train,True
772,//kaggle/input/datasets/vtphatt2/genimage-glide/glide/imagenet_glide/train/ai/GLIDE_1000_200_00_013_glide_00067.png,diffusion,2,glide,train,True
773,//kaggle/input/datasets/vtphatt2/genimage-glide/glide/imagenet_glide/train/ai/GLIDE_1000_200_07_768_glide_00078.png,diffusion,2,glide,train,True
774,//kaggle/input/datasets/vtphatt2/genimage-glide/glide/imagenet_glide/train/ai/GLIDE_1000_200_09_968_glide_00012.png,diffusion,2,glide,train,True
775,//kaggle/input/datasets/vtphatt2/genimage-glide/glide/imagenet_glide/train/ai/GLIDE_1000_200_03_361_glide_00131.png,diffusion,2,glide,train,True
776,//kaggle/input/datasets/vtphatt2/genimage-glide/glide/imagenet_glide/train/ai/GLIDE_1000_200_01_161_glide_00086.png,diffusion,2,glide,train,True
777,//kaggle/input/datasets/vtphatt2/genimage-glide/glide/imagenet_glide/train/ai/GLIDE_1000_200_08_838_glide_00066.png,diffusion,2,glide,train,True
778,//kaggle/input/datasets/vtphatt2/genimage-glide/glide/imagenet_glide/train/ai/GLIDE_1000_200_04_491_glide_00045.png,diffusion,2,glide,train,True
779,//kaggle/input/datasets/vtphatt2/genimage-glide/glide/imagenet_glide/train/ai/GLIDE_1000_200_08_839_glide_00086.png,diffusion,2,glide,train,True
780,//kaggle/input/datasets/vtphatt2/genimage-glide/glide/imagenet_glide/train/ai/GLIDE_1000_200_05_519_glide_00154.png,diffusion,2,glide,train,True
781,//kaggle/input/datasets/vtphatt2/genimage-glide/glide/imagenet_glide/train/ai/GLIDE_1000_200_08_866_glide_00061.png,diffusion,2,glide,train,True
782,//kaggle/input/datasets/vtphatt2/genimage-glide/glide/imagenet_glide/train/ai/GLIDE_1000_200_08_857_glide_00156.png,diffusion,2,glide,train,True
783,//kaggle/input/datasets/vtphatt2/genimage-glide/glide/imagenet_glide/train/ai/GLIDE_1000_200_04_404_glide_00170.png,diffusion,2,glide,train,True
784,//kaggle/input/datasets/vtphatt2/genimage-glide/glide/imagenet_glide/train/ai/GLIDE_1000_200_00_086_glide_00120.png,diffusion,2,glide,train,True
785,//kaggle/input/datasets/vtphatt2/genimage-glide/glide/imagenet_glide/train/ai/GLIDE_1000_200_08_885_glide_00034.png,diffusion,2,glide,train,True
786,//kaggle/input/datasets/vtphatt2/genimage-glide/glide/imagenet_glide/train/ai/GLIDE_1000_200_07_764_glide_00171.png,diffusion,2,glide,train,True
787,//kaggle/input/datasets/vtphatt2/genimage-glide/glide/imagenet_glide/train/ai/GLIDE_1000_200_09_935_glide_00087.png,diffusion,2,glide,train,True
788,//kaggle/input/datasets/vtphatt2/genimage-glide/glide/imagenet_glide/train/ai/GLIDE_1000_200_01_157_glide_00051.png,diffusion,2,glide,train,True
789,//kaggle/input/datasets/vtphatt2/genimage-glide/glide/imagenet_glide/train/ai/GLIDE_1000_200_05_527_glide_00012.png,diffusion,2,glide,train,True
790,//kaggle/input/datasets/vtphatt2/genimage-glide/glide/imagenet_glide/train/ai/GLIDE_1000_200_05_593_glide_00070.png,diffusion,2,glide,train,True
791,//kaggle/input/datasets/vtphatt2/genimage-glide/glide/imagenet_glide/train/ai/GLIDE_1000_200_00_097_glide_00044.png,diffusion,2,glide,train,True
792,//kaggle/input/datasets/vtphatt2/genimage-glide/glide/imagenet_glide/train/ai/GLIDE_1000_200_06_647_glide_00163.png,diffusion,2,glide,train,True
793,//kaggle/input/datasets/vtphatt2/genimage-glide/glide/imagenet_glide/train/ai/GLIDE_1000_200_08_823_glide_00163.png,diffusion,2,glide,train,True
794,//kaggle/input/datasets/vtphatt2/genimage-glide/glide/imagenet_glide/train/ai/GLIDE_1000_200_01_152_glide_00060.png,diffusion,2,glide,train,True
795,//kaggle/input/datasets/vtphatt2/genimage-glide/glide/imagenet_glide/train/ai/GLIDE_1000_200_06_613_glide_00085.png,diffusion,2,glide,train,True
796,//kaggle/input/datasets/vtphatt2/genimage-glide/glide/imagenet_glide/train/ai/GLIDE_1000_200_03_325_glide_00048.png,diffusion,2,glide,train,True
797,//kaggle/input/datasets/vtphatt2/genimage-glide/glide/imagenet_glide/train/ai/GLIDE_1000_200_03_315_glide_00182.png,diffusion,2,glide,train,True
798,//kaggle/input/datasets/vtphatt2/genimage-glide/glide/imagenet_glide/train/ai/GLIDE_1000_200_08_892_glide_00077.png,diffusion,2,glide,train,True
799,//kaggle/input/datasets/vtphatt2/genimage-glide/glide/imagenet_glide/train/ai/GLIDE_1000_200_01_113_glide_00109.png,diffusion,2,glide,train,True
800,//kaggle/input/datasets/vtphatt2/genimage-glide/glide/imagenet_glide/train/ai/GLIDE_1000_200_05_516_glide_00054.png,diffusion,2,glide,train,True
801,//kaggle/input/datasets/vtphatt2/genimage-glide/glide/imagenet_glide/train/ai/GLIDE_1000_200_01_115_glide_00105.png,diffusion,2,glide,train,True
802,//kaggle/input/datasets/vtphatt2/genimage-glide/glide/imagenet_glide/train/ai/GLIDE_1000_200_09_950_glide_00066.png,diffusion,2,glide,train,True
803,//kaggle/input/datasets/vtphatt2/genimage-glide/glide/imagenet_glide/train/ai/GLIDE_1000_200_03_372_glide_00123.png,diffusion,2,glide,train,True
804,//kaggle/input/datasets/vtphatt2/genimage-glide/glide/imagenet_glide/train/ai/GLIDE_1000_200_09_903_glide_00006.png,diffusion,2,glide,train,True
805,//kaggle/input/datasets/vtphatt2/genimage-glide/glide/imagenet_glide/train/ai/GLIDE_1000_200_00_044_glide_00163.png,diffusion,2,glide,train,True
806,//kaggle/input/datasets/vtphatt2/genimage-glide/glide/imagenet_glide/train/ai/GLIDE_1000_200_00_076_glide_00107.png,diffusion,2,glide,train,True
807,//kaggle/input/datasets/vtphatt2/genimage-glide/glide/imagenet_glide/train/ai/GLIDE_1000_200_08_854_glide_00148.png,diffusion,2,glide,train,True
808,//kaggle/input/datasets/vtphatt2/genimage-glide/glide/imagenet_glide/train/ai/GLIDE_1000_200_09_967_glide_00185.png,diffusion,2,glide,train,True
809,//kaggle/input/datasets/vtphatt2/genimage-glide/glide/imagenet_glide/train/ai/GLIDE_1000_200_01_102_glide_00169.png,diffusion,2,glide,train,True
810,//kaggle/input/datasets/vtphatt2/genimage-glide/glide/imagenet_glide/train/ai/GLIDE_1000_200_08_834_glide_00132.png,diffusion,2,glide,train,True
811,//kaggle/input/datasets/vtphatt2/genimage-glide/glide/imagenet_glide/train/ai/GLIDE_1000_200_05_504_glide_00087.png,diffusion,2,glide,train,True
812,//kaggle/input/datasets/vtphatt2/genimage-glide/glide/imagenet_glide/train/ai/GLIDE_1000_200_05_534_glide_00196.png,diffusion,2,glide,train,True
813,//kaggle/input/datasets/vtphatt2/genimage-glide/glide/imagenet_glide/train/ai/GLIDE_1000_200_07_763_glide_00058.png,diffusion,2,glide,train,True
814,//kaggle/input/datasets/vtphatt2/genimage-glide/glide/imagenet_glide/train/ai/GLIDE_1000_200_07_761_glide_00177.png,diffusion,2,glide,train,True
815,//kaggle/input/datasets/vtphatt2/genimage-glide/glide/imagenet_glide/train/ai/GLIDE_1000_200_08_858_glide_00045.png,diffusion,2,glide,train,True
816,//kaggle/input/datasets/vtphatt2/genimage-glide/glide/imagenet_glide/train/ai/GLIDE_1000_200_03_356_glide_00162.png,diffusion,2,glide,train,True
817,//kaggle/input/datasets/vtphatt2/genimage-glide/glide/imagenet_glide/train/ai/GLIDE_1000_200_09_963_glide_00060.png,diffusion,2,glide,train,True
818,//kaggle/input/datasets/vtphatt2/genimage-glide/glide/imagenet_glide/train/ai/GLIDE_1000_200_06_668_glide_00109.png,diffusion,2,glide,train,True
819,//kaggle/input/datasets/vtphatt2/genimage-glide/glide/imagenet_glide/train/ai/GLIDE_1000_200_05_593_glide_00022.png,diffusion,2,glide,train,True
820,//kaggle/input/datasets/vtphatt2/genimage-glide/glide/imagenet_glide/train/ai/GLIDE_1000_200_00_079_glide_00137.png,diffusion,2,glide,train,True
821,//kaggle/input/datasets/vtphatt2/genimage-glide/glide/imagenet_glide/train/ai/GLIDE_1000_200_04_458_glide_00115.png,diffusion,2,glide,train,True
822,//kaggle/input/datasets/vtphatt2/genimage-glide/glide/imagenet_glide/train/ai/GLIDE_1000_200_06_629_glide_00086.png,diffusion,2,glide,train,True
823,//kaggle/input/datasets/vtphatt2/genimage-glide/glide/imagenet_glide/train/ai/GLIDE_1000_200_01_191_glide_00183.png,diffusion,2,glide,train,True
824,//kaggle/input/datasets/vtphatt2/genimage-glide/glide/imagenet_glide/train/ai/GLIDE_1000_200_05_586_glide_00026.png,diffusion,2,glide,train,True
825,//kaggle/input/datasets/vtphatt2/genimage-glide/glide/imagenet_glide/train/ai/GLIDE_1000_200_04_489_glide_00008.png,diffusion,2,glide,train,True
826,//kaggle/input/datasets/vtphatt2/genimage-glide/glide/imagenet_glide/train/ai/GLIDE_1000_200_07_739_glide_00068.png,diffusion,2,glide,train,True
827,//kaggle/input/datasets/vtphatt2/genimage-glide/glide/imagenet_glide/train/ai/GLIDE_1000_200_04_461_glide_00024.png,diffusion,2,glide,train,True
828,//kaggle/input/datasets/vtphatt2/genimage-glide/glide/imagenet_glide/train/ai/GLIDE_1000_200_07_782_glide_00109.png,diffusion,2,glide,train,True
829,//kaggle/input/datasets/vtphatt2/genimage-glide/glide/imagenet_glide/train/ai/GLIDE_1000_200_00_062_glide_00070.png,diffusion,2,glide,train,True
830,//kaggle/input/datasets/vtphatt2/genimage-glide/glide/imagenet_glide/train/ai/GLIDE_1000_200_08_846_glide_00094.png,diffusion,2,glide,train,True
831,//kaggle/input/datasets/vtphatt2/genimage-glide/glide/imagenet_glide/train/ai/GLIDE_1000_200_01_117_glide_00011.png,diffusion,2,glide,train,True
832,//kaggle/input/datasets/vtphatt2/genimage-glide/glide/imagenet_glide/train/ai/GLIDE_1000_200_03_362_glide_00031.png,diffusion,2,glide,train,True
833,//kaggle/input/datasets/vtphatt2/genimage-glide/glide/imagenet_glide/train/ai/GLIDE_1000_200_05_548_glide_00165.png,diffusion,2,glide,train,True
834,//kaggle/input/datasets/vtphatt2/genimage-glide/glide/imagenet_glide/train/ai/GLIDE_1000_200_08_838_glide_00111.png,diffusion,2,glide,train,True
835,//kaggle/input/datasets/vtphatt2/genimage-glide/glide/imagenet_glide/train/ai/GLIDE_1000_200_07_754_glide_00149.png,diffusion,2,glide,train,True
836,//kaggle/input/datasets/vtphatt2/genimage-glide/glide/imagenet_glide/train/ai/GLIDE_1000_200_06_631_glide_00031.png,diffusion,2,glide,train,True
837,//kaggle/input/datasets/vtphatt2/genimage-glide/glide/imagenet_glide/train/ai/GLIDE_1000_200_00_052_glide_00007.png,diffusion,2,glide,train,True
838,//kaggle/input/datasets/vtphatt2/genimage-glide/glide/imagenet_glide/train/ai/GLIDE_1000_200_08_829_glide_00107.png,diffusion,2,glide,train,True
839,//kaggle/input/datasets/vtphatt2/genimage-glide/glide/imagenet_glide/train/ai/GLIDE_1000_200_06_649_glide_00145.png,diffusion,2,glide,train,True
840,//kaggle/input/datasets/vtphatt2/genimage-glide/glide/imagenet_glide/train/ai/GLIDE_1000_200_06_620_glide_00138.png,diffusion,2,glide,train,True
841,//kaggle/input/datasets/vtphatt2/genimage-glide/glide/imagenet_glide/train/ai/GLIDE_1000_200_01_178_glide_00078.png,diffusion,2,glide,train,True
842,//kaggle/input/datasets/vtphatt2/genimage-glide/glide/imagenet_glide/train/ai/GLIDE_1000_200_08_834_glide_00185.png,diffusion,2,glide,train,True
843,//kaggle/input/datasets/vtphatt2/genimage-glide/glide/imagenet_glide/train/ai/GLIDE_1000_200_03_322_glide_00178.png,diffusion,2,glide,train,True
844,//kaggle/input/datasets/vtphatt2/genimage-glide/glide/imagenet_glide/train/ai/GLIDE_1000_200_03_341_glide_00047.png,diffusion,2,glide,train,True
845,//kaggle/input/datasets/vtphatt2/genimage-glide/glide/imagenet_glide/train/ai/GLIDE_1000_200_07_740_glide_00050.png,diffusion,2,glide,train,True
846,//kaggle/input/datasets/vtphatt2/genimage-glide/glide/imagenet_glide/train/ai/GLIDE_1000_200_03_355_glide_00115.png,diffusion,2,glide,train,True
847,//kaggle/input/datasets/vtphatt2/genimage-glide/glide/imagenet_glide/train/ai/GLIDE_1000_200_06_643_glide_00054.png,diffusion,2,glide,train,True
848,//kaggle/input/datasets/vtphatt2/genimage-glide/glide/imagenet_glide/train/ai/GLIDE_1000_200_00_020_glide_00068.png,diffusion,2,glide,train,True
849,//kaggle/input/datasets/vtphatt2/genimage-glide/glide/imagenet_glide/train/ai/GLIDE_1000_200_04_424_glide_00097.png,diffusion,2,glide,train,True
850,//kaggle/input/datasets/vtphatt2/genimage-glide/glide/imagenet_glide/train/ai/GLIDE_1000_200_07_728_glide_00021.png,diffusion,2,glide,train,True
851,//kaggle/input/datasets/vtphatt2/genimage-glide/glide/imagenet_glide/train/ai/GLIDE_1000_200_02_223_glide_00141.png,diffusion,2,glide,train,True
852,//kaggle/input/datasets/vtphatt2/genimage-glide/glide/imagenet_glide/train/ai/GLIDE_1000_200_08_878_glide_00130.png,diffusion,2,glide,train,True
853,//kaggle/input/datasets/vtphatt2/genimage-glide/glide/imagenet_glide/train/ai/GLIDE_1000_200_00_073_glide_00188.png,diffusion,2,glide,train,True
854,//kaggle/input/datasets/vtphatt2/genimage-glide/glide/imagenet_glide/train/ai/GLIDE_1000_200_02_227_glide_00120.png,diffusion,2,glide,train,True
855,//kaggle/input/datasets/vtphatt2/genimage-glide/glide/imagenet_glide/train/ai/GLIDE_1000_200_06_613_glide_00069.png,diffusion,2,glide,train,True
856,//kaggle/input/datasets/vtphatt2/genimage-glide/glide/imagenet_glide/train/ai/GLIDE_1000_200_00_071_glide_00176.png,diffusion,2,glide,train,True
857,//kaggle/input/datasets/vtphatt2/genimage-glide/glide/imagenet_glide/train/ai/GLIDE_1000_200_04_411_glide_00110.png,diffusion,2,glide,train,True
858,//kaggle/input/datasets/vtphatt2/genimage-glide/glide/imagenet_glide/train/ai/GLIDE_1000_200_05_565_glide_00157.png,diffusion,2,glide,train,True
859,//kaggle/input/datasets/vtphatt2/genimage-glide/glide/imagenet_glide/train/ai/GLIDE_1000_200_07_795_glide_00047.png,diffusion,2,glide,train,True
860,//kaggle/input/datasets/vtphatt2/genimage-glide/glide/imagenet_glide/train/ai/GLIDE_1000_200_06_641_glide_00094.png,diffusion,2,glide,train,True
861,//kaggle/input/datasets/vtphatt2/genimage-glide/glide/imagenet_glide/train/ai/GLIDE_1000_200_04_439_glide_00148.png,diffusion,2,glide,train,True
862,//kaggle/input/datasets/vtphatt2/genimage-glide/glide/imagenet_glide/train/ai/GLIDE_1000_200_00_026_glide_00160.png,diffusion,2,glide,train,True
863,//kaggle/input/datasets/vtphatt2/genimage-glide/glide/imagenet_glide/train/ai/GLIDE_1000_200_08_878_glide_00154.png,diffusion,2,glide,train,True
864,//kaggle/input/datasets/vtphatt2/genimage-glide/glide/imagenet_glide/train/ai/GLIDE_1000_200_06_647_glide_00036.png,diffusion,2,glide,train,True
865,//kaggle/input/datasets/vtphatt2/genimage-glide/glide/imagenet_glide/train/ai/GLIDE_1000_200_09_917_glide_00095.png,diffusion,2,glide,train,True
866,//kaggle/input/datasets/vtphatt2/genimage-glide/glide/imagenet_glide/train/ai/GLIDE_1000_200_06_644_glide_00081.png,diffusion,2,glide,train,True
867,//kaggle/input/datasets/vtphatt2/genimage-glide/glide/imagenet_glide/train/ai/GLIDE_1000_200_00_065_glide_00115.png,diffusion,2,glide,train,True
868,//kaggle/input/datasets/vtphatt2/genimage-glide/glide/imagenet_glide/train/ai/GLIDE_1000_200_05_598_glide_00130.png,diffusion,2,glide,train,True
869,//kaggle/input/datasets/vtphatt2/genimage-glide/glide/imagenet_glide/train/ai/GLIDE_1000_200_03_314_glide_00001.png,diffusion,2,glide,train,True
870,//kaggle/input/datasets/vtphatt2/genimage-glide/glide/imagenet_glide/train/ai/GLIDE_1000_200_08_874_glide_00156.png,diffusion,2,glide,train,True
871,//kaggle/input/datasets/vtphatt2/genimage-glide/glide/imagenet_glide/train/ai/GLIDE_1000_200_00_030_glide_00132.png,diffusion,2,glide,train,True
872,//kaggle/input/datasets/vtphatt2/genimage-glide/glide/imagenet_glide/train/ai/GLIDE_1000_200_09_998_glide_00046.png,diffusion,2,glide,train,True
873,//kaggle/input/datasets/vtphatt2/genimage-glide/glide/imagenet_glide/train/ai/GLIDE_1000_200_02_200_glide_00085.png,diffusion,2,glide,train,True
874,//kaggle/input/datasets/vtphatt2/genimage-glide/glide/imagenet_glide/train/ai/GLIDE_1000_200_01_113_glide_00132.png,diffusion,2,glide,train,True
875,//kaggle/input/datasets/vtphatt2/genimage-glide/glide/imagenet_glide/train/ai/GLIDE_1000_200_03_327_glide_00188.png,diffusion,2,glide,train,True
876,//kaggle/input/datasets/vtphatt2/genimage-glide/glide/imagenet_glide/train/ai/GLIDE_1000_200_00_074_glide_00013.png,diffusion,2,glide,train,True
877,//kaggle/input/datasets/vtphatt2/genimage-glide/glide/imagenet_glide/train/ai/GLIDE_1000_200_00_015_glide_00049.png,diffusion,2,glide,train,True
878,//kaggle/input/datasets/vtphatt2/genimage-glide/glide/imagenet_glide/train/ai/GLIDE_1000_200_06_671_glide_00124.png,diffusion,2,glide,train,True
879,//kaggle/input/datasets/vtphatt2/genimage-glide/glide/imagenet_glide/train/ai/GLIDE_1000_200_05_591_glide_00159.png,diffusion,2,glide,train,True
880,//kaggle/input/datasets/vtphatt2/genimage-glide/glide/imagenet_glide/train/ai/GLIDE_1000_200_05_530_glide_00110.png,diffusion,2,glide,train,True
881,//kaggle/input/datasets/vtphatt2/genimage-glide/glide/imagenet_glide/train/ai/GLIDE_1000_200_04_449_glide_00081.png,diffusion,2,glide,train,True
882,//kaggle/input/datasets/vtphatt2/genimage-glide/glide/imagenet_glide/train/ai/GLIDE_1000_200_08_800_glide_00196.png,diffusion,2,glide,train,True
883,//kaggle/input/datasets/vtphatt2/genimage-glide/glide/imagenet_glide/train/ai/GLIDE_1000_200_07_723_glide_00120.png,diffusion,2,glide,train,True
884,//kaggle/input/datasets/vtphatt2/genimage-glide/glide/imagenet_glide/train/ai/GLIDE_1000_200_03_304_glide_00186.png,diffusion,2,glide,train,True
885,//kaggle/input/datasets/vtphatt2/genimage-glide/glide/imagenet_glide/train/ai/GLIDE_1000_200_03_302_glide_00023.png,diffusion,2,glide,train,True
886,//kaggle/input/datasets/vtphatt2/genimage-glide/glide/imagenet_glide/train/ai/GLIDE_1000_200_08_830_glide_00081.png,diffusion,2,glide,train,True
887,//kaggle/input/datasets/vtphatt2/genimage-glide/glide/imagenet_glide/train/ai/GLIDE_1000_200_03_328_glide_00139.png,diffusion,2,glide,train,True
888,//kaggle/input/datasets/vtphatt2/genimage-glide/glide/imagenet_glide/train/ai/GLIDE_1000_200_09_988_glide_00132.png,diffusion,2,glide,train,True
889,//kaggle/input/datasets/vtphatt2/genimage-glide/glide/imagenet_glide/train/ai/GLIDE_1000_200_00_052_glide_00073.png,diffusion,2,glide,train,True
890,//kaggle/input/datasets/vtphatt2/genimage-glide/glide/imagenet_glide/train/ai/GLIDE_1000_200_00_012_glide_00051.png,diffusion,2,glide,train,True
891,//kaggle/input/datasets/vtphatt2/genimage-glide/glide/imagenet_glide/train/ai/GLIDE_1000_200_08_879_glide_00055.png,diffusion,2,glide,train,True
892,//kaggle/input/datasets/vtphatt2/genimage-glide/glide/imagenet_glide/train/ai/GLIDE_1000_200_02_219_glide_00185.png,diffusion,2,glide,train,True
893,//kaggle/input/datasets/vtphatt2/genimage-glide/glide/imagenet_glide/train/ai/GLIDE_1000_200_04_459_glide_00053.png,diffusion,2,glide,train,True
894,//kaggle/input/datasets/vtphatt2/genimage-glide/glide/imagenet_glide/train/ai/GLIDE_1000_200_03_301_glide_00073.png,diffusion,2,glide,train,True
895,//kaggle/input/datasets/vtphatt2/genimage-glide/glide/imagenet_glide/train/ai/GLIDE_1000_200_01_158_glide_00044.png,diffusion,2,glide,train,True
896,//kaggle/input/datasets/vtphatt2/genimage-glide/glide/imagenet_glide/train/ai/GLIDE_1000_200_07_730_glide_00104.png,diffusion,2,glide,train,True
897,//kaggle/input/datasets/vtphatt2/genimage-glide/glide/imagenet_glide/train/ai/GLIDE_1000_200_04_466_glide_00097.png,diffusion,2,glide,train,True
898,//kaggle/input/datasets/vtphatt2/genimage-glide/glide/imagenet_glide/train/ai/GLIDE_1000_200_08_863_glide_00114.png,diffusion,2,glide,train,True
899,//kaggle/input/datasets/vtphatt2/genimage-glide/glide/imagenet_glide/train/ai/GLIDE_1000_200_09_945_glide_00188.png,diffusion,2,glide,train,True
900,//kaggle/input/datasets/vtphatt2/genimage-glide/glide/imagenet_glide/train/ai/GLIDE_1000_200_05_525_glide_00018.png,diffusion,2,glide,train,True
901,//kaggle/input/datasets/vtphatt2/genimage-glide/glide/imagenet_glide/train/ai/GLIDE_1000_200_01_190_glide_00183.png,diffusion,2,glide,train,True
902,//kaggle/input/datasets/vtphatt2/genimage-glide/glide/imagenet_glide/train/ai/GLIDE_1000_200_07_701_glide_00034.png,diffusion,2,glide,train,True
903,//kaggle/input/datasets/vtphatt2/genimage-glide/glide/imagenet_glide/train/ai/GLIDE_1000_200_08_862_glide_00117.png,diffusion,2,glide,train,True
904,//kaggle/input/datasets/vtphatt2/genimage-glide/glide/imagenet_glide/train/ai/GLIDE_1000_200_02_267_glide_00001.png,diffusion,2,glide,train,True
905,//kaggle/input/datasets/vtphatt2/genimage-glide/glide/imagenet_glide/train/ai/GLIDE_1000_200_01_108_glide_00159.png,diffusion,2,glide,train,True
906,//kaggle/input/datasets/vtphatt2/genimage-glide/glide/imagenet_glide/train/ai/GLIDE_1000_200_09_976_glide_00141.png,diffusion,2,glide,train,True
907,//kaggle/input/datasets/vtphatt2/genimage-glide/glide/imagenet_glide/train/ai/GLIDE_1000_200_08_812_glide_00146.png,diffusion,2,glide,train,True
908,//kaggle/input/datasets/vtphatt2/genimage-glide/glide/imagenet_glide/train/ai/GLIDE_1000_200_06_615_glide_00154.png,diffusion,2,glide,train,True
909,//kaggle/input/datasets/vtphatt2/genimage-glide/glide/imagenet_glide/train/ai/GLIDE_1000_200_08_847_glide_00181.png,diffusion,2,glide,train,True
910,//kaggle/input/datasets/vtphatt2/genimage-glide/glide/imagenet_glide/train/ai/GLIDE_1000_200_06_643_glide_00123.png,diffusion,2,glide,train,True
911,//kaggle/input/datasets/vtphatt2/genimage-glide/glide/imagenet_glide/train/ai/GLIDE_1000_200_02_283_glide_00048.png,diffusion,2,glide,train,True
912,//kaggle/input/datasets/vtphatt2/genimage-glide/glide/imagenet_glide/train/ai/GLIDE_1000_200_02_220_glide_00086.png,diffusion,2,glide,train,True
913,//kaggle/input/datasets/vtphatt2/genimage-glide/glide/imagenet_glide/train/ai/GLIDE_1000_200_04_454_glide_00161.png,diffusion,2,glide,train,True
914,//kaggle/input/datasets/vtphatt2/genimage-glide/glide/imagenet_glide/train/ai/GLIDE_1000_200_01_195_glide_00091.png,diffusion,2,glide,train,True
915,//kaggle/input/datasets/vtphatt2/genimage-glide/glide/imagenet_glide/train/ai/GLIDE_1000_200_07_790_glide_00096.png,diffusion,2,glide,train,True
916,//kaggle/input/datasets/vtphatt2/genimage-glide/glide/imagenet_glide/train/ai/GLIDE_1000_200_05_589_glide_00108.png,diffusion,2,glide,train,True
917,//kaggle/input/datasets/vtphatt2/genimage-glide/glide/imagenet_glide/train/ai/GLIDE_1000_200_03_347_glide_00006.png,diffusion,2,glide,train,True
918,//kaggle/input/datasets/vtphatt2/genimage-glide/glide/imagenet_glide/train/ai/GLIDE_1000_200_05_537_glide_00109.png,diffusion,2,glide,train,True
919,//kaggle/input/datasets/vtphatt2/genimage-glide/glide/imagenet_glide/train/ai/GLIDE_1000_200_08_859_glide_00113.png,diffusion,2,glide,train,True
920,//kaggle/input/datasets/vtphatt2/genimage-glide/glide/imagenet_glide/train/ai/GLIDE_1000_200_02_215_glide_00141.png,diffusion,2,glide,train,True
921,//kaggle/input/datasets/vtphatt2/genimage-glide/glide/imagenet_glide/train/ai/GLIDE_1000_200_07_710_glide_00012.png,diffusion,2,glide,train,True
922,//kaggle/input/datasets/vtphatt2/genimage-glide/glide/imagenet_glide/train/ai/GLIDE_1000_200_01_147_glide_00016.png,diffusion,2,glide,train,True
923,//kaggle/input/datasets/vtphatt2/genimage-glide/glide/imagenet_glide/train/ai/GLIDE_1000_200_01_116_glide_00045.png,diffusion,2,glide,train,True
924,//kaggle/input/datasets/vtphatt2/genimage-glide/glide/imagenet_glide/train/ai/GLIDE_1000_200_06_611_glide_00106.png,diffusion,2,glide,train,True
925,//kaggle/input/datasets/vtphatt2/genimage-glide/glide/imagenet_glide/train/ai/GLIDE_1000_200_08_840_glide_00103.png,diffusion,2,glide,train,True
926,//kaggle/input/datasets/vtphatt2/genimage-glide/glide/imagenet_glide/train/ai/GLIDE_1000_200_07_748_glide_00145.png,diffusion,2,glide,train,True
927,//kaggle/input/datasets/vtphatt2/genimage-glide/glide/imagenet_glide/train/ai/GLIDE_1000_200_00_018_glide_00191.png,diffusion,2,glide,train,True
928,//kaggle/input/datasets/vtphatt2/genimage-glide/glide/imagenet_glide/train/ai/GLIDE_1000_200_06_683_glide_00105.png,diffusion,2,glide,train,True
929,//kaggle/input/datasets/vtphatt2/genimage-glide/glide/imagenet_glide/train/ai/GLIDE_1000_200_01_137_glide_00059.png,diffusion,2,glide,train,True
930,//kaggle/input/datasets/vtphatt2/genimage-glide/glide/imagenet_glide/train/ai/GLIDE_1000_200_01_170_glide_00114.png,diffusion,2,glide,train,True
931,//kaggle/input/datasets/vtphatt2/genimage-glide/glide/imagenet_glide/train/ai/GLIDE_1000_200_05_529_glide_00171.png,diffusion,2,glide,train,True
932,//kaggle/input/datasets/vtphatt2/genimage-glide/glide/imagenet_glide/train/ai/GLIDE_1000_200_09_982_glide_00149.png,diffusion,2,glide,train,True
933,//kaggle/input/datasets/vtphatt2/genimage-glide/glide/imagenet_glide/train/ai/GLIDE_1000_200_08_814_glide_00008.png,diffusion,2,glide,train,True
934,//kaggle/input/datasets/vtphatt2/genimage-glide/glide/imagenet_glide/train/ai/GLIDE_1000_200_07_792_glide_00014.png,diffusion,2,glide,train,True
935,//kaggle/input/datasets/vtphatt2/genimage-glide/glide/imagenet_glide/train/ai/GLIDE_1000_200_05_514_glide_00137.png,diffusion,2,glide,train,True
936,//kaggle/input/datasets/vtphatt2/genimage-glide/glide/imagenet_glide/train/ai/GLIDE_1000_200_00_090_glide_00098.png,diffusion,2,glide,train,True
937,//kaggle/input/datasets/vtphatt2/genimage-glide/glide/imagenet_glide/train/ai/GLIDE_1000_200_06_660_glide_00122.png,diffusion,2,glide,train,True
938,//kaggle/input/datasets/vtphatt2/genimage-glide/glide/imagenet_glide/train/ai/GLIDE_1000_200_08_899_glide_00022.png,diffusion,2,glide,train,True
939,//kaggle/input/datasets/vtphatt2/genimage-glide/glide/imagenet_glide/train/ai/GLIDE_1000_200_07_767_glide_00012.png,diffusion,2,glide,train,True
940,//kaggle/input/datasets/vtphatt2/genimage-glide/glide/imagenet_glide/train/ai/GLIDE_1000_200_00_063_glide_00198.png,diffusion,2,glide,train,True
941,//kaggle/input/datasets/vtphatt2/genimage-glide/glide/imagenet_glide/train/ai/GLIDE_1000_200_02_215_glide_00150.png,diffusion,2,glide,train,True
942,//kaggle/input/datasets/vtphatt2/genimage-glide/glide/imagenet_glide/train/ai/GLIDE_1000_200_08_886_glide_00086.png,diffusion,2,glide,train,True
943,//kaggle/input/datasets/vtphatt2/genimage-glide/glide/imagenet_glide/train/ai/GLIDE_1000_200_02_256_glide_00069.png,diffusion,2,glide,train,True
944,//kaggle/input/datasets/vtphatt2/genimage-glide/glide/imagenet_glide/train/ai/GLIDE_1000_200_03_336_glide_00017.png,diffusion,2,glide,train,True
945,//kaggle/input/datasets/vtphatt2/genimage-glide/glide/imagenet_glide/train/ai/GLIDE_1000_200_05_541_glide_00117.png,diffusion,2,glide,train,True
946,//kaggle/input/datasets/vtphatt2/genimage-glide/glide/imagenet_glide/train/ai/GLIDE_1000_200_04_442_glide_00087.png,diffusion,2,glide,train,True
947,//kaggle/input/datasets/vtphatt2/genimage-glide/glide/imagenet_glide/train/ai/GLIDE_1000_200_02_244_glide_00177.png,diffusion,2,glide,train,True
948,//kaggle/input/datasets/vtphatt2/genimage-glide/glide/imagenet_glide/train/ai/GLIDE_1000_200_06_659_glide_00089.png,diffusion,2,glide,train,True
949,//kaggle/input/datasets/vtphatt2/genimage-glide/glide/imagenet_glide/train/ai/GLIDE_1000_200_04_464_glide_00172.png,diffusion,2,glide,train,True
950,//kaggle/input/datasets/vtphatt2/genimage-glide/glide/imagenet_glide/train/ai/GLIDE_1000_200_06_643_glide_00121.png,diffusion,2,glide,train,True
951,//kaggle/input/datasets/vtphatt2/genimage-glide/glide/imagenet_glide/train/ai/GLIDE_1000_200_06_601_glide_00083.png,diffusion,2,glide,train,True
952,//kaggle/input/datasets/vtphatt2/genimage-glide/glide/imagenet_glide/train/ai/GLIDE_1000_200_05_585_glide_00196.png,diffusion,2,glide,train,True
953,//kaggle/input/datasets/vtphatt2/genimage-glide/glide/imagenet_glide/train/ai/GLIDE_1000_200_01_121_glide_00072.png,diffusion,2,glide,train,True
954,//kaggle/input/datasets/vtphatt2/genimage-glide/glide/imagenet_glide/train/ai/GLIDE_1000_200_06_677_glide_00170.png,diffusion,2,glide,train,True
955,//kaggle/input/datasets/vtphatt2/genimage-glide/glide/imagenet_glide/train/ai/GLIDE_1000_200_05_528_glide_00094.png,diffusion,2,glide,train,True
956,//kaggle/input/datasets/vtphatt2/genimage-glide/glide/imagenet_glide/train/ai/GLIDE_1000_200_09_926_glide_00123.png,diffusion,2,glide,train,True
957,//kaggle/input/datasets/vtphatt2/genimage-glide/glide/imagenet_glide/train/ai/GLIDE_1000_200_05_571_glide_00045.png,diffusion,2,glide,train,True
958,//kaggle/input/datasets/vtphatt2/genimage-glide/glide/imagenet_glide/train/ai/GLIDE_1000_200_07_771_glide_00058.png,diffusion,2,glide,train,True
959,//kaggle/input/datasets/vtphatt2/genimage-glide/glide/imagenet_glide/train/ai/GLIDE_1000_200_08_846_glide_00024.png,diffusion,2,glide,train,True
960,//kaggle/input/datasets/vtphatt2/genimage-glide/glide/imagenet_glide/train/ai/GLIDE_1000_200_00_067_glide_00000.png,diffusion,2,glide,train,True
961,//kaggle/input/datasets/vtphatt2/genimage-glide/glide/imagenet_glide/train/ai/GLIDE_1000_200_08_818_glide_00056.png,diffusion,2,glide,train,True
962,//kaggle/input/datasets/vtphatt2/genimage-glide/glide/imagenet_glide/train/ai/GLIDE_1000_200_01_138_glide_00128.png,diffusion,2,glide,train,True
963,//kaggle/input/datasets/vtphatt2/genimage-glide/glide/imagenet_glide/train/ai/GLIDE_1000_200_05_523_glide_00175.png,diffusion,2,glide,train,True
964,//kaggle/input/datasets/vtphatt2/genimage-glide/glide/imagenet_glide/train/ai/GLIDE_1000_200_08_824_glide_00196.png,diffusion,2,glide,train,True
965,//kaggle/input/datasets/vtphatt2/genimage-glide/glide/imagenet_glide/train/ai/GLIDE_1000_200_06_634_glide_00198.png,diffusion,2,glide,train,True
966,//kaggle/input/datasets/vtphatt2/genimage-glide/glide/imagenet_glide/train/ai/GLIDE_1000_200_07_755_glide_00072.png,diffusion,2,glide,train,True
967,//kaggle/input/datasets/vtphatt2/genimage-glide/glide/imagenet_glide/train/ai/GLIDE_1000_200_08_832_glide_00182.png,diffusion,2,glide,train,True
968,//kaggle/input/datasets/vtphatt2/genimage-glide/glide/imagenet_glide/train/ai/GLIDE_1000_200_00_018_glide_00010.png,diffusion,2,glide,train,True
969,//kaggle/input/datasets/vtphatt2/genimage-glide/glide/imagenet_glide/train/ai/GLIDE_1000_200_09_910_glide_00130.png,diffusion,2,glide,train,True
970,//kaggle/input/datasets/vtphatt2/genimage-glide/glide/imagenet_glide/train/ai/GLIDE_1000_200_01_160_glide_00063.png,diffusion,2,glide,train,True
971,//kaggle/input/datasets/vtphatt2/genimage-glide/glide/imagenet_glide/train/ai/GLIDE_1000_200_00_056_glide_00004.png,diffusion,2,glide,train,True
972,//kaggle/input/datasets/vtphatt2/genimage-glide/glide/imagenet_glide/train/ai/GLIDE_1000_200_07_792_glide_00193.png,diffusion,2,glide,train,True
973,//kaggle/input/datasets/vtphatt2/genimage-glide/glide/imagenet_glide/train/ai/GLIDE_1000_200_02_282_glide_00103.png,diffusion,2,glide,train,True
974,//kaggle/input/datasets/vtphatt2/genimage-glide/glide/imagenet_glide/train/ai/GLIDE_1000_200_07_721_glide_00081.png,diffusion,2,glide,train,True
975,//kaggle/input/datasets/vtphatt2/genimage-glide/glide/imagenet_glide/train/ai/GLIDE_1000_200_08_826_glide_00083.png,diffusion,2,glide,train,True
976,//kaggle/input/datasets/vtphatt2/genimage-glide/glide/imagenet_glide/train/ai/GLIDE_1000_200_02_210_glide_00141.png,diffusion,2,glide,train,True
977,//kaggle/input/datasets/vtphatt2/genimage-glide/glide/imagenet_glide/train/ai/GLIDE_1000_200_00_051_glide_00187.png,diffusion,2,glide,train,True
978,//kaggle/input/datasets/vtphatt2/genimage-glide/glide/imagenet_glide/train/ai/GLIDE_1000_200_06_611_glide_00183.png,diffusion,2,glide,train,True
979,//kaggle/input/datasets/vtphatt2/genimage-glide/glide/imagenet_glide/train/ai/GLIDE_1000_200_03_375_glide_00162.png,diffusion,2,glide,train,True
980,//kaggle/input/datasets/vtphatt2/genimage-glide/glide/imagenet_glide/train/ai/GLIDE_1000_200_04_438_glide_00131.png,diffusion,2,glide,train,True
981,//kaggle/input/datasets/vtphatt2/genimage-glide/glide/imagenet_glide/train/ai/GLIDE_1000_200_09_951_glide_00055.png,diffusion,2,glide,train,True
982,//kaggle/input/datasets/vtphatt2/genimage-glide/glide/imagenet_glide/train/ai/GLIDE_1000_200_08_855_glide_00173.png,diffusion,2,glide,train,True
983,//kaggle/input/datasets/vtphatt2/genimage-glide/glide/imagenet_glide/train/ai/GLIDE_1000_200_02_206_glide_00122.png,diffusion,2,glide,train,True
984,//kaggle/input/datasets/vtphatt2/genimage-glide/glide/imagenet_glide/train/ai/GLIDE_1000_200_05_521_glide_00159.png,diffusion,2,glide,train,True
985,//kaggle/input/datasets/vtphatt2/genimage-glide/glide/imagenet_glide/train/ai/GLIDE_1000_200_00_079_glide_00091.png,diffusion,2,glide,train,True
986,//kaggle/input/datasets/vtphatt2/genimage-glide/glide/imagenet_glide/train/ai/GLIDE_1000_200_04_466_glide_00047.png,diffusion,2,glide,train,True
987,//kaggle/input/datasets/vtphatt2/genimage-glide/glide/imagenet_glide/train/ai/GLIDE_1000_200_06_658_glide_00104.png,diffusion,2,glide,train,True
988,//kaggle/input/datasets/vtphatt2/genimage-glide/glide/imagenet_glide/train/ai/GLIDE_1000_200_07_724_glide_00004.png,diffusion,2,glide,train,True
989,//kaggle/input/datasets/vtphatt2/genimage-glide/glide/imagenet_glide/train/ai/GLIDE_1000_200_05_553_glide_00144.png,diffusion,2,glide,train,True
990,//kaggle/input/datasets/vtphatt2/genimage-glide/glide/imagenet_glide/train/ai/GLIDE_1000_200_06_642_glide_00082.png,diffusion,2,glide,train,True
991,//kaggle/input/datasets/vtphatt2/genimage-glide/glide/imagenet_glide/train/ai/GLIDE_1000_200_02_239_glide_00163.png,diffusion,2,glide,train,True
992,//kaggle/input/datasets/vtphatt2/genimage-glide/glide/imagenet_glide/train/ai/GLIDE_1000_200_05_554_glide_00167.png,diffusion,2,glide,train,True
993,//kaggle/input/datasets/vtphatt2/genimage-glide/glide/imagenet_glide/train/ai/GLIDE_1000_200_01_132_glide_00022.png,diffusion,2,glide,train,True
994,//kaggle/input/datasets/vtphatt2/genimage-glide/glide/imagenet_glide/train/ai/GLIDE_1000_200_01_185_glide_00161.png,diffusion,2,glide,train,True
995,//kaggle/input/datasets/vtphatt2/genimage-glide/glide/imagenet_glide/train/ai/GLIDE_1000_200_08_854_glide_00088.png,diffusion,2,glide,train,True
996,//kaggle/input/datasets/vtphatt2/genimage-glide/glide/imagenet_glide/train/ai/GLIDE_1000_200_01_124_glide_00161.png,diffusion,2,glide,train,True
997,//kaggle/input/datasets/vtphatt2/genimage-glide/glide/imagenet_glide/train/ai/GLIDE_1000_200_00_006_glide_00191.png,diffusion,2,glide,train,True
998,//kaggle/input/datasets/vtphatt2/genimage-glide/glide/imagenet_glide/train/ai/GLIDE_1000_200_03_362_glide_00105.png,diffusion,2,glide,train,True
999,//kaggle/input/datasets/vtphatt2/genimage-glide/glide/imagenet_glide/train/ai/GLIDE_1000_200_07_755_glide_00087.png,diffusion,2,glide,train,True
1000,//kaggle/input/datasets/vtphatt2/genimage-glide/glide/imagenet_glide/train/ai/GLIDE_1000_200_08_862_glide_00043.png,diffusion,2,glide,train,True
1001,//kaggle/input/datasets/vtphatt2/genimage-glide/glide/imagenet_glide/train/ai/GLIDE_1000_200_01_195_glide_00118.png,diffusion,2,glide,train,True
1002,//kaggle/input/datasets/vtphatt2/genimage-glide/glide/imagenet_glide/train/ai/GLIDE_1000_200_02_299_glide_00022.png,diffusion,2,glide,train,True
1003,//kaggle/input/datasets/vtphatt2/genimage-glide/glide/imagenet_glide/train/ai/GLIDE_1000_200_01_167_glide_00136.png,diffusion,2,glide,train,True
1004,//kaggle/input/datasets/vtphatt2/genimage-glide/glide/imagenet_glide/train/ai/GLIDE_1000_200_06_658_glide_00060.png,diffusion,2,glide,train,True
1005,//kaggle/input/datasets/vtphatt2/genimage-glide/glide/imagenet_glide/train/ai/GLIDE_1000_200_04_488_glide_00072.png,diffusion,2,glide,train,True
1006,//kaggle/input/datasets/vtphatt2/genimage-glide/glide/imagenet_glide/train/ai/GLIDE_1000_200_01_166_glide_00055.png,diffusion,2,glide,train,True
1007,//kaggle/input/datasets/vtphatt2/genimage-glide/glide/imagenet_glide/train/ai/GLIDE_1000_200_00_024_glide_00136.png,diffusion,2,glide,train,True
1008,//kaggle/input/datasets/vtphatt2/genimage-glide/glide/imagenet_glide/train/ai/GLIDE_1000_200_09_900_glide_00144.png,diffusion,2,glide,train,True
1009,//kaggle/input/datasets/vtphatt2/genimage-glide/glide/imagenet_glide/train/ai/GLIDE_1000_200_07_748_glide_00162.png,diffusion,2,glide,train,True
1010,//kaggle/input/datasets/vtphatt2/genimage-glide/glide/imagenet_glide/train/ai/GLIDE_1000_200_07_786_glide_00088.png,diffusion,2,glide,train,True
1011,//kaggle/input/datasets/vtphatt2/genimage-glide/glide/imagenet_glide/train/ai/GLIDE_1000_200_09_986_glide_00054.png,diffusion,2,glide,train,True
1012,//kaggle/input/datasets/vtphatt2/genimage-glide/glide/imagenet_glide/train/ai/GLIDE_1000_200_01_182_glide_00114.png,diffusion,2,glide,train,True
1013,//kaggle/input/datasets/vtphatt2/genimage-glide/glide/imagenet_glide/train/ai/GLIDE_1000_200_02_271_glide_00166.png,diffusion,2,glide,train,True
1014,//kaggle/input/datasets/vtphatt2/genimage-glide/glide/imagenet_glide/train/ai/GLIDE_1000_200_00_036_glide_00181.png,diffusion,2,glide,train,True
1015,//kaggle/input/datasets/vtphatt2/genimage-glide/glide/imagenet_glide/train/ai/GLIDE_1000_200_07_741_glide_00021.png,diffusion,2,glide,train,True
1016,//kaggle/input/datasets/vtphatt2/genimage-glide/glide/imagenet_glide/train/ai/GLIDE_1000_200_07_750_glide_00134.png,diffusion,2,glide,train,True
1017,//kaggle/input/datasets/vtphatt2/genimage-glide/glide/imagenet_glide/train/ai/GLIDE_1000_200_04_493_glide_00105.png,diffusion,2,glide,train,True
1018,//kaggle/input/datasets/vtphatt2/genimage-glide/glide/imagenet_glide/train/ai/GLIDE_1000_200_07_734_glide_00191.png,diffusion,2,glide,train,True
1019,//kaggle/input/datasets/vtphatt2/genimage-glide/glide/imagenet_glide/train/ai/GLIDE_1000_200_05_575_glide_00078.png,diffusion,2,glide,train,True
1020,//kaggle/input/datasets/vtphatt2/genimage-glide/glide/imagenet_glide/train/ai/GLIDE_1000_200_06_690_glide_00139.png,diffusion,2,glide,train,True
1021,//kaggle/input/datasets/vtphatt2/genimage-glide/glide/imagenet_glide/train/ai/GLIDE_1000_200_01_114_glide_00072.png,diffusion,2,glide,train,True
1022,//kaggle/input/datasets/vtphatt2/genimage-glide/glide/imagenet_glide/train/ai/GLIDE_1000_200_02_274_glide_00173.png,diffusion,2,glide,train,True
1023,//kaggle/input/datasets/vtphatt2/genimage-glide/glide/imagenet_glide/train/ai/GLIDE_1000_200_04_486_glide_00137.png,diffusion,2,glide,train,True
1024,//kaggle/input/datasets/vtphatt2/genimage-glide/glide/imagenet_glide/train/ai/GLIDE_1000_200_08_841_glide_00081.png,diffusion,2,glide,train,True
1025,//kaggle/input/datasets/vtphatt2/genimage-glide/glide/imagenet_glide/train/ai/GLIDE_1000_200_02_222_glide_00165.png,diffusion,2,glide,train,True
1026,//kaggle/input/datasets/vtphatt2/genimage-glide/glide/imagenet_glide/train/ai/GLIDE_1000_200_09_951_glide_00117.png,diffusion,2,glide,train,True
1027,//kaggle/input/datasets/vtphatt2/genimage-glide/glide/imagenet_glide/train/ai/GLIDE_1000_200_07_739_glide_00183.png,diffusion,2,glide,train,True
1028,//kaggle/input/datasets/vtphatt2/genimage-glide/glide/imagenet_glide/train/ai/GLIDE_1000_200_04_491_glide_00083.png,diffusion,2,glide,train,True
1029,//kaggle/input/datasets/vtphatt2/genimage-glide/glide/imagenet_glide/train/ai/GLIDE_1000_200_09_908_glide_00148.png,diffusion,2,glide,train,True
1030,//kaggle/input/datasets/vtphatt2/genimage-glide/glide/imagenet_glide/train/ai/GLIDE_1000_200_02_260_glide_00075.png,diffusion,2,glide,train,True
1031,//kaggle/input/datasets/vtphatt2/genimage-glide/glide/imagenet_glide/train/ai/GLIDE_1000_200_03_313_glide_00010.png,diffusion,2,glide,train,True
1032,//kaggle/input/datasets/vtphatt2/genimage-glide/glide/imagenet_glide/train/ai/GLIDE_1000_200_00_060_glide_00177.png,diffusion,2,glide,train,True
1033,//kaggle/input/datasets/vtphatt2/genimage-glide/glide/imagenet_glide/train/ai/GLIDE_1000_200_05_510_glide_00031.png,diffusion,2,glide,train,True
1034,//kaggle/input/datasets/vtphatt2/genimage-glide/glide/imagenet_glide/train/ai/GLIDE_1000_200_01_107_glide_00046.png,diffusion,2,glide,train,True
1035,//kaggle/input/datasets/vtphatt2/genimage-glide/glide/imagenet_glide/train/ai/GLIDE_1000_200_08_838_glide_00189.png,diffusion,2,glide,train,True
1036,//kaggle/input/datasets/vtphatt2/genimage-glide/glide/imagenet_glide/train/ai/GLIDE_1000_200_07_759_glide_00186.png,diffusion,2,glide,train,True
1037,//kaggle/input/datasets/vtphatt2/genimage-glide/glide/imagenet_glide/train/ai/GLIDE_1000_200_09_961_glide_00129.png,diffusion,2,glide,train,True
1038,//kaggle/input/datasets/vtphatt2/genimage-glide/glide/imagenet_glide/train/ai/GLIDE_1000_200_00_053_glide_00159.png,diffusion,2,glide,train,True
1039,//kaggle/input/datasets/vtphatt2/genimage-glide/glide/imagenet_glide/train/ai/GLIDE_1000_200_05_551_glide_00140.png,diffusion,2,glide,train,True
1040,//kaggle/input/datasets/vtphatt2/genimage-glide/glide/imagenet_glide/train/ai/GLIDE_1000_200_07_740_glide_00159.png,diffusion,2,glide,train,True
1041,//kaggle/input/datasets/vtphatt2/genimage-glide/glide/imagenet_glide/train/ai/GLIDE_1000_200_09_957_glide_00079.png,diffusion,2,glide,train,True
1042,//kaggle/input/datasets/vtphatt2/genimage-glide/glide/imagenet_glide/train/ai/GLIDE_1000_200_05_561_glide_00082.png,diffusion,2,glide,train,True
1043,//kaggle/input/datasets/vtphatt2/genimage-glide/glide/imagenet_glide/train/ai/GLIDE_1000_200_06_603_glide_00109.png,diffusion,2,glide,train,True
1044,//kaggle/input/datasets/vtphatt2/genimage-glide/glide/imagenet_glide/train/ai/GLIDE_1000_200_00_074_glide_00061.png,diffusion,2,glide,train,True
1045,//kaggle/input/datasets/vtphatt2/genimage-glide/glide/imagenet_glide/train/ai/GLIDE_1000_200_01_177_glide_00085.png,diffusion,2,glide,train,True
1046,//kaggle/input/datasets/vtphatt2/genimage-glide/glide/imagenet_glide/train/ai/GLIDE_1000_200_04_449_glide_00159.png,diffusion,2,glide,train,True
1047,//kaggle/input/datasets/vtphatt2/genimage-glide/glide/imagenet_glide/train/ai/GLIDE_1000_200_06_664_glide_00140.png,diffusion,2,glide,train,True
1048,//kaggle/input/datasets/vtphatt2/genimage-glide/glide/imagenet_glide/train/ai/GLIDE_1000_200_07_725_glide_00054.png,diffusion,2,glide,train,True
1049,//kaggle/input/datasets/vtphatt2/genimage-glide/glide/imagenet_glide/train/ai/GLIDE_1000_200_04_463_glide_00144.png,diffusion,2,glide,train,True
1050,//kaggle/input/datasets/vtphatt2/genimage-glide/glide/imagenet_glide/train/ai/GLIDE_1000_200_01_127_glide_00183.png,diffusion,2,glide,train,True
1051,//kaggle/input/datasets/vtphatt2/genimage-glide/glide/imagenet_glide/train/ai/GLIDE_1000_200_02_203_glide_00152.png,diffusion,2,glide,train,True
1052,//kaggle/input/datasets/vtphatt2/genimage-glide/glide/imagenet_glide/train/ai/GLIDE_1000_200_07_720_glide_00156.png,diffusion,2,glide,train,True
1053,//kaggle/input/datasets/vtphatt2/genimage-glide/glide/imagenet_glide/train/ai/GLIDE_1000_200_01_141_glide_00047.png,diffusion,2,glide,train,True
1054,//kaggle/input/datasets/vtphatt2/genimage-glide/glide/imagenet_glide/train/ai/GLIDE_1000_200_04_422_glide_00152.png,diffusion,2,glide,train,True
1055,//kaggle/input/datasets/vtphatt2/genimage-glide/glide/imagenet_glide/train/ai/GLIDE_1000_200_05_557_glide_00160.png,diffusion,2,glide,train,True
1056,//kaggle/input/datasets/vtphatt2/genimage-glide/glide/imagenet_glide/train/ai/GLIDE_1000_200_03_399_glide_00095.png,diffusion,2,glide,train,True
1057,//kaggle/input/datasets/vtphatt2/genimage-glide/glide/imagenet_glide/train/ai/GLIDE_1000_200_01_171_glide_00013.png,diffusion,2,glide,train,True
1058,//kaggle/input/datasets/vtphatt2/genimage-glide/glide/imagenet_glide/train/ai/GLIDE_1000_200_09_969_glide_00150.png,diffusion,2,glide,train,True
1059,//kaggle/input/datasets/vtphatt2/genimage-glide/glide/imagenet_glide/train/ai/GLIDE_1000_200_01_107_glide_00073.png,diffusion,2,glide,train,True
1060,//kaggle/input/datasets/vtphatt2/genimage-glide/glide/imagenet_glide/train/ai/GLIDE_1000_200_02_220_glide_00091.png,diffusion,2,glide,train,True
1061,//kaggle/input/datasets/vtphatt2/genimage-glide/glide/imagenet_glide/train/ai/GLIDE_1000_200_04_456_glide_00130.png,diffusion,2,glide,train,True
1062,//kaggle/input/datasets/vtphatt2/genimage-glide/glide/imagenet_glide/train/ai/GLIDE_1000_200_08_862_glide_00118.png,diffusion,2,glide,train,True
1063,//kaggle/input/datasets/vtphatt2/genimage-glide/glide/imagenet_glide/train/ai/GLIDE_1000_200_04_485_glide_00043.png,diffusion,2,glide,train,True
1064,//kaggle/input/datasets/vtphatt2/genimage-glide/glide/imagenet_glide/train/ai/GLIDE_1000_200_06_685_glide_00001.png,diffusion,2,glide,train,True
1065,//kaggle/input/datasets/vtphatt2/genimage-glide/glide/imagenet_glide/train/ai/GLIDE_1000_200_03_316_glide_00010.png,diffusion,2,glide,train,True
1066,//kaggle/input/datasets/vtphatt2/genimage-glide/glide/imagenet_glide/train/ai/GLIDE_1000_200_04_440_glide_00005.png,diffusion,2,glide,train,True
1067,//kaggle/input/datasets/vtphatt2/genimage-glide/glide/imagenet_glide/train/ai/GLIDE_1000_200_08_849_glide_00017.png,diffusion,2,glide,train,True
1068,//kaggle/input/datasets/vtphatt2/genimage-glide/glide/imagenet_glide/train/ai/GLIDE_1000_200_09_992_glide_00148.png,diffusion,2,glide,train,True
1069,//kaggle/input/datasets/vtphatt2/genimage-glide/glide/imagenet_glide/train/ai/GLIDE_1000_200_05_599_glide_00188.png,diffusion,2,glide,train,True
1070,//kaggle/input/datasets/vtphatt2/genimage-glide/glide/imagenet_glide/train/ai/GLIDE_1000_200_07_798_glide_00028.png,diffusion,2,glide,train,True
1071,//kaggle/input/datasets/vtphatt2/genimage-glide/glide/imagenet_glide/train/ai/GLIDE_1000_200_03_324_glide_00181.png,diffusion,2,glide,train,True
1072,//kaggle/input/datasets/vtphatt2/genimage-glide/glide/imagenet_glide/train/ai/GLIDE_1000_200_08_803_glide_00076.png,diffusion,2,glide,train,True
1073,//kaggle/input/datasets/vtphatt2/genimage-glide/glide/imagenet_glide/train/ai/GLIDE_1000_200_02_245_glide_00139.png,diffusion,2,glide,train,True
1074,//kaggle/input/datasets/vtphatt2/genimage-glide/glide/imagenet_glide/train/ai/GLIDE_1000_200_06_632_glide_00145.png,diffusion,2,glide,train,True
1075,//kaggle/input/datasets/vtphatt2/genimage-glide/glide/imagenet_glide/train/ai/GLIDE_1000_200_04_402_glide_00044.png,diffusion,2,glide,train,True
1076,//kaggle/input/datasets/vtphatt2/genimage-glide/glide/imagenet_glide/train/ai/GLIDE_1000_200_07_712_glide_00117.png,diffusion,2,glide,train,True
1077,//kaggle/input/datasets/vtphatt2/genimage-glide/glide/imagenet_glide/train/ai/GLIDE_1000_200_08_895_glide_00054.png,diffusion,2,glide,train,True
1078,//kaggle/input/datasets/vtphatt2/genimage-glide/glide/imagenet_glide/train/ai/GLIDE_1000_200_04_439_glide_00122.png,diffusion,2,glide,train,True
1079,//kaggle/input/datasets/vtphatt2/genimage-glide/glide/imagenet_glide/train/ai/GLIDE_1000_200_07_743_glide_00040.png,diffusion,2,glide,train,True
1080,//kaggle/input/datasets/vtphatt2/genimage-glide/glide/imagenet_glide/train/ai/GLIDE_1000_200_08_806_glide_00105.png,diffusion,2,glide,train,True
1081,//kaggle/input/datasets/vtphatt2/genimage-glide/glide/imagenet_glide/train/ai/GLIDE_1000_200_08_818_glide_00031.png,diffusion,2,glide,train,True
1082,//kaggle/input/datasets/vtphatt2/genimage-glide/glide/imagenet_glide/train/ai/GLIDE_1000_200_09_960_glide_00146.png,diffusion,2,glide,train,True
1083,//kaggle/input/datasets/vtphatt2/genimage-glide/glide/imagenet_glide/train/ai/GLIDE_1000_200_00_067_glide_00042.png,diffusion,2,glide,train,True
1084,//kaggle/input/datasets/vtphatt2/genimage-glide/glide/imagenet_glide/train/ai/GLIDE_1000_200_09_914_glide_00117.png,diffusion,2,glide,train,True
1085,//kaggle/input/datasets/vtphatt2/genimage-glide/glide/imagenet_glide/train/ai/GLIDE_1000_200_01_130_glide_00110.png,diffusion,2,glide,train,True
1086,//kaggle/input/datasets/vtphatt2/genimage-glide/glide/imagenet_glide/train/ai/GLIDE_1000_200_04_427_glide_00154.png,diffusion,2,glide,train,True
1087,//kaggle/input/datasets/vtphatt2/genimage-glide/glide/imagenet_glide/train/ai/GLIDE_1000_200_08_837_glide_00089.png,diffusion,2,glide,train,True
1088,//kaggle/input/datasets/vtphatt2/genimage-glide/glide/imagenet_glide/train/ai/GLIDE_1000_200_02_213_glide_00124.png,diffusion,2,glide,train,True
1089,//kaggle/input/datasets/vtphatt2/genimage-glide/glide/imagenet_glide/train/ai/GLIDE_1000_200_06_674_glide_00093.png,diffusion,2,glide,train,True
1090,//kaggle/input/datasets/vtphatt2/genimage-glide/glide/imagenet_glide/train/ai/GLIDE_1000_200_06_660_glide_00157.png,diffusion,2,glide,train,True
1091,//kaggle/input/datasets/vtphatt2/genimage-glide/glide/imagenet_glide/train/ai/GLIDE_1000_200_01_137_glide_00006.png,diffusion,2,glide,train,True
1092,//kaggle/input/datasets/vtphatt2/genimage-glide/glide/imagenet_glide/train/ai/GLIDE_1000_200_02_297_glide_00079.png,diffusion,2,glide,train,True
1093,//kaggle/input/datasets/vtphatt2/genimage-glide/glide/imagenet_glide/train/ai/GLIDE_1000_200_06_633_glide_00004.png,diffusion,2,glide,train,True
1094,//kaggle/input/datasets/vtphatt2/genimage-glide/glide/imagenet_glide/train/ai/GLIDE_1000_200_08_866_glide_00000.png,diffusion,2,glide,train,True
1095,//kaggle/input/datasets/vtphatt2/genimage-glide/glide/imagenet_glide/train/ai/GLIDE_1000_200_01_133_glide_00170.png,diffusion,2,glide,train,True
1096,//kaggle/input/datasets/vtphatt2/genimage-glide/glide/imagenet_glide/train/ai/GLIDE_1000_200_07_725_glide_00086.png,diffusion,2,glide,train,True
1097,//kaggle/input/datasets/vtphatt2/genimage-glide/glide/imagenet_glide/train/ai/GLIDE_1000_200_03_307_glide_00055.png,diffusion,2,glide,train,True
1098,//kaggle/input/datasets/vtphatt2/genimage-glide/glide/imagenet_glide/train/ai/GLIDE_1000_200_01_116_glide_00105.png,diffusion,2,glide,train,True
1099,//kaggle/input/datasets/vtphatt2/genimage-glide/glide/imagenet_glide/train/ai/GLIDE_1000_200_07_784_glide_00053.png,diffusion,2,glide,train,True
1100,//kaggle/input/datasets/vtphatt2/genimage-glide/glide/imagenet_glide/train/ai/GLIDE_1000_200_09_992_glide_00091.png,diffusion,2,glide,train,True
1101,//kaggle/input/datasets/vtphatt2/genimage-glide/glide/imagenet_glide/train/ai/GLIDE_1000_200_01_186_glide_00132.png,diffusion,2,glide,train,True
1102,//kaggle/input/datasets/vtphatt2/genimage-glide/glide/imagenet_glide/train/ai/GLIDE_1000_200_03_305_glide_00165.png,diffusion,2,glide,train,True
1103,//kaggle/input/datasets/vtphatt2/genimage-glide/glide/imagenet_glide/train/ai/GLIDE_1000_200_08_827_glide_00047.png,diffusion,2,glide,train,True
1104,//kaggle/input/datasets/vtphatt2/genimage-glide/glide/imagenet_glide/train/ai/GLIDE_1000_200_08_815_glide_00146.png,diffusion,2,glide,train,True
1105,//kaggle/input/datasets/vtphatt2/genimage-glide/glide/imagenet_glide/train/ai/GLIDE_1000_200_07_740_glide_00115.png,diffusion,2,glide,train,True
1106,//kaggle/input/datasets/vtphatt2/genimage-glide/glide/imagenet_glide/train/ai/GLIDE_1000_200_06_655_glide_00139.png,diffusion,2,glide,train,True
1107,//kaggle/input/datasets/vtphatt2/genimage-glide/glide/imagenet_glide/train/ai/GLIDE_1000_200_03_386_glide_00050.png,diffusion,2,glide,train,True
1108,//kaggle/input/datasets/vtphatt2/genimage-glide/glide/imagenet_glide/train/ai/GLIDE_1000_200_03_345_glide_00136.png,diffusion,2,glide,train,True
1109,//kaggle/input/datasets/vtphatt2/genimage-glide/glide/imagenet_glide/train/ai/GLIDE_1000_200_09_909_glide_00053.png,diffusion,2,glide,train,True
1110,//kaggle/input/datasets/vtphatt2/genimage-glide/glide/imagenet_glide/train/ai/GLIDE_1000_200_03_380_glide_00067.png,diffusion,2,glide,train,True
1111,//kaggle/input/datasets/vtphatt2/genimage-glide/glide/imagenet_glide/train/ai/GLIDE_1000_200_06_607_glide_00034.png,diffusion,2,glide,train,True
1112,//kaggle/input/datasets/vtphatt2/genimage-glide/glide/imagenet_glide/train/ai/GLIDE_1000_200_04_472_glide_00064.png,diffusion,2,glide,train,True
1113,//kaggle/input/datasets/vtphatt2/genimage-glide/glide/imagenet_glide/train/ai/GLIDE_1000_200_02_290_glide_00033.png,diffusion,2,glide,train,True
1114,//kaggle/input/datasets/vtphatt2/genimage-glide/glide/imagenet_glide/train/ai/GLIDE_1000_200_01_174_glide_00163.png,diffusion,2,glide,train,True
1115,//kaggle/input/datasets/vtphatt2/genimage-glide/glide/imagenet_glide/train/ai/GLIDE_1000_200_07_756_glide_00069.png,diffusion,2,glide,train,True
1116,//kaggle/input/datasets/vtphatt2/genimage-glide/glide/imagenet_glide/train/ai/GLIDE_1000_200_00_064_glide_00180.png,diffusion,2,glide,train,True
1117,//kaggle/input/datasets/vtphatt2/genimage-glide/glide/imagenet_glide/train/ai/GLIDE_1000_200_01_185_glide_00101.png,diffusion,2,glide,train,True
1118,//kaggle/input/datasets/vtphatt2/genimage-glide/glide/imagenet_glide/train/ai/GLIDE_1000_200_07_709_glide_00032.png,diffusion,2,glide,train,True
1119,//kaggle/input/datasets/vtphatt2/genimage-glide/glide/imagenet_glide/train/ai/GLIDE_1000_200_02_276_glide_00139.png,diffusion,2,glide,train,True
1120,//kaggle/input/datasets/vtphatt2/genimage-glide/glide/imagenet_glide/train/ai/GLIDE_1000_200_06_624_glide_00105.png,diffusion,2,glide,train,True
1121,//kaggle/input/datasets/vtphatt2/genimage-glide/glide/imagenet_glide/train/ai/GLIDE_1000_200_09_988_glide_00063.png,diffusion,2,glide,train,True
1122,//kaggle/input/datasets/vtphatt2/genimage-glide/glide/imagenet_glide/train/ai/GLIDE_1000_200_08_850_glide_00155.png,diffusion,2,glide,train,True
1123,//kaggle/input/datasets/vtphatt2/genimage-glide/glide/imagenet_glide/train/ai/GLIDE_1000_200_09_950_glide_00037.png,diffusion,2,glide,train,True
1124,//kaggle/input/datasets/vtphatt2/genimage-glide/glide/imagenet_glide/train/ai/GLIDE_1000_200_03_370_glide_00046.png,diffusion,2,glide,train,True
1125,//kaggle/input/datasets/vtphatt2/genimage-glide/glide/imagenet_glide/train/ai/GLIDE_1000_200_03_359_glide_00157.png,diffusion,2,glide,train,True
1126,//kaggle/input/datasets/vtphatt2/genimage-glide/glide/imagenet_glide/train/ai/GLIDE_1000_200_01_183_glide_00123.png,diffusion,2,glide,train,True
1127,//kaggle/input/datasets/vtphatt2/genimage-glide/glide/imagenet_glide/train/ai/GLIDE_1000_200_02_280_glide_00032.png,diffusion,2,glide,train,True
1128,//kaggle/input/datasets/vtphatt2/genimage-glide/glide/imagenet_glide/train/ai/GLIDE_1000_200_05_547_glide_00166.png,diffusion,2,glide,train,True
1129,//kaggle/input/datasets/vtphatt2/genimage-glide/glide/imagenet_glide/train/ai/GLIDE_1000_200_05_561_glide_00093.png,diffusion,2,glide,train,True
1130,//kaggle/input/datasets/vtphatt2/genimage-glide/glide/imagenet_glide/train/ai/GLIDE_1000_200_04_486_glide_00163.png,diffusion,2,glide,train,True
1131,//kaggle/input/datasets/vtphatt2/genimage-glide/glide/imagenet_glide/train/ai/GLIDE_1000_200_03_330_glide_00167.png,diffusion,2,glide,train,True
1132,//kaggle/input/datasets/vtphatt2/genimage-glide/glide/imagenet_glide/train/ai/GLIDE_1000_200_03_371_glide_00185.png,diffusion,2,glide,train,True
1133,//kaggle/input/datasets/vtphatt2/genimage-glide/glide/imagenet_glide/train/ai/GLIDE_1000_200_01_189_glide_00078.png,diffusion,2,glide,train,True
1134,//kaggle/input/datasets/vtphatt2/genimage-glide/glide/imagenet_glide/train/ai/GLIDE_1000_200_04_439_glide_00180.png,diffusion,2,glide,train,True
1135,//kaggle/input/datasets/vtphatt2/genimage-glide/glide/imagenet_glide/train/ai/GLIDE_1000_200_09_985_glide_00070.png,diffusion,2,glide,train,True
1136,//kaggle/input/datasets/vtphatt2/genimage-glide/glide/imagenet_glide/train/ai/GLIDE_1000_200_00_043_glide_00081.png,diffusion,2,glide,train,True
1137,//kaggle/input/datasets/vtphatt2/genimage-glide/glide/imagenet_glide/train/ai/GLIDE_1000_200_02_244_glide_00044.png,diffusion,2,glide,train,True
1138,//kaggle/input/datasets/vtphatt2/genimage-glide/glide/imagenet_glide/train/ai/GLIDE_1000_200_02_286_glide_00049.png,diffusion,2,glide,train,True
1139,//kaggle/input/datasets/vtphatt2/genimage-glide/glide/imagenet_glide/train/ai/GLIDE_1000_200_07_774_glide_00089.png,diffusion,2,glide,train,True
1140,//kaggle/input/datasets/vtphatt2/genimage-glide/glide/imagenet_glide/train/ai/GLIDE_1000_200_00_019_glide_00169.png,diffusion,2,glide,train,True
1141,//kaggle/input/datasets/vtphatt2/genimage-glide/glide/imagenet_glide/train/ai/GLIDE_1000_200_02_290_glide_00171.png,diffusion,2,glide,train,True
1142,//kaggle/input/datasets/vtphatt2/genimage-glide/glide/imagenet_glide/train/ai/GLIDE_1000_200_08_871_glide_00186.png,diffusion,2,glide,train,True
1143,//kaggle/input/datasets/vtphatt2/genimage-glide/glide/imagenet_glide/train/ai/GLIDE_1000_200_09_900_glide_00046.png,diffusion,2,glide,train,True
1144,//kaggle/input/datasets/vtphatt2/genimage-glide/glide/imagenet_glide/train/ai/GLIDE_1000_200_04_424_glide_00089.png,diffusion,2,glide,train,True
1145,//kaggle/input/datasets/vtphatt2/genimage-glide/glide/imagenet_glide/train/ai/GLIDE_1000_200_06_612_glide_00077.png,diffusion,2,glide,train,True
1146,//kaggle/input/datasets/vtphatt2/genimage-glide/glide/imagenet_glide/train/ai/GLIDE_1000_200_02_289_glide_00058.png,diffusion,2,glide,train,True
1147,//kaggle/input/datasets/vtphatt2/genimage-glide/glide/imagenet_glide/train/ai/GLIDE_1000_200_00_090_glide_00036.png,diffusion,2,glide,train,True
1148,//kaggle/input/datasets/vtphatt2/genimage-glide/glide/imagenet_glide/train/ai/GLIDE_1000_200_09_968_glide_00137.png,diffusion,2,glide,train,True
1149,//kaggle/input/datasets/vtphatt2/genimage-glide/glide/imagenet_glide/train/ai/GLIDE_1000_200_05_550_glide_00045.png,diffusion,2,glide,train,True
1150,//kaggle/input/datasets/vtphatt2/genimage-glide/glide/imagenet_glide/train/ai/GLIDE_1000_200_00_076_glide_00163.png,diffusion,2,glide,train,True
1151,//kaggle/input/datasets/vtphatt2/genimage-glide/glide/imagenet_glide/train/ai/GLIDE_1000_200_01_147_glide_00170.png,diffusion,2,glide,train,True
1152,//kaggle/input/datasets/vtphatt2/genimage-glide/glide/imagenet_glide/train/ai/GLIDE_1000_200_00_039_glide_00058.png,diffusion,2,glide,train,True
1153,//kaggle/input/datasets/vtphatt2/genimage-glide/glide/imagenet_glide/train/ai/GLIDE_1000_200_04_407_glide_00094.png,diffusion,2,glide,train,True
1154,//kaggle/input/datasets/vtphatt2/genimage-glide/glide/imagenet_glide/train/ai/GLIDE_1000_200_08_842_glide_00016.png,diffusion,2,glide,train,True
1155,//kaggle/input/datasets/vtphatt2/genimage-glide/glide/imagenet_glide/train/ai/GLIDE_1000_200_02_270_glide_00109.png,diffusion,2,glide,train,True
1156,//kaggle/input/datasets/vtphatt2/genimage-glide/glide/imagenet_glide/train/ai/GLIDE_1000_200_02_284_glide_00103.png,diffusion,2,glide,train,True
1157,//kaggle/input/datasets/vtphatt2/genimage-glide/glide/imagenet_glide/train/ai/GLIDE_1000_200_07_770_glide_00057.png,diffusion,2,glide,train,True
1158,//kaggle/input/datasets/vtphatt2/genimage-glide/glide/imagenet_glide/train/ai/GLIDE_1000_200_05_545_glide_00014.png,diffusion,2,glide,train,True
1159,//kaggle/input/datasets/vtphatt2/genimage-glide/glide/imagenet_glide/train/ai/GLIDE_1000_200_05_520_glide_00049.png,diffusion,2,glide,train,True
1160,//kaggle/input/datasets/vtphatt2/genimage-glide/glide/imagenet_glide/train/ai/GLIDE_1000_200_07_749_glide_00076.png,diffusion,2,glide,train,True
1161,//kaggle/input/datasets/vtphatt2/genimage-glide/glide/imagenet_glide/train/ai/GLIDE_1000_200_04_487_glide_00070.png,diffusion,2,glide,train,True
1162,//kaggle/input/datasets/vtphatt2/genimage-glide/glide/imagenet_glide/train/ai/GLIDE_1000_200_03_355_glide_00013.png,diffusion,2,glide,train,True
1163,//kaggle/input/datasets/vtphatt2/genimage-glide/glide/imagenet_glide/train/ai/GLIDE_1000_200_04_419_glide_00070.png,diffusion,2,glide,train,True
1164,//kaggle/input/datasets/vtphatt2/genimage-glide/glide/imagenet_glide/train/ai/GLIDE_1000_200_03_391_glide_00089.png,diffusion,2,glide,train,True
1165,//kaggle/input/datasets/vtphatt2/genimage-glide/glide/imagenet_glide/train/ai/GLIDE_1000_200_03_398_glide_00088.png,diffusion,2,glide,train,True
1166,//kaggle/input/datasets/vtphatt2/genimage-glide/glide/imagenet_glide/train/ai/GLIDE_1000_200_01_193_glide_00102.png,diffusion,2,glide,train,True
1167,//kaggle/input/datasets/vtphatt2/genimage-glide/glide/imagenet_glide/train/ai/GLIDE_1000_200_06_689_glide_00190.png,diffusion,2,glide,train,True
1168,//kaggle/input/datasets/vtphatt2/genimage-glide/glide/imagenet_glide/train/ai/GLIDE_1000_200_04_406_glide_00075.png,diffusion,2,glide,train,True
1169,//kaggle/input/datasets/vtphatt2/genimage-glide/glide/imagenet_glide/train/ai/GLIDE_1000_200_03_393_glide_00103.png,diffusion,2,glide,train,True
1170,//kaggle/input/datasets/vtphatt2/genimage-glide/glide/imagenet_glide/train/ai/GLIDE_1000_200_07_708_glide_00030.png,diffusion,2,glide,train,True
1171,//kaggle/input/datasets/vtphatt2/genimage-glide/glide/imagenet_glide/train/ai/GLIDE_1000_200_08_840_glide_00016.png,diffusion,2,glide,train,True
1172,//kaggle/input/datasets/vtphatt2/genimage-glide/glide/imagenet_glide/train/ai/GLIDE_1000_200_07_779_glide_00118.png,diffusion,2,glide,train,True
1173,//kaggle/input/datasets/vtphatt2/genimage-glide/glide/imagenet_glide/train/ai/GLIDE_1000_200_09_986_glide_00198.png,diffusion,2,glide,train,True
1174,//kaggle/input/datasets/vtphatt2/genimage-glide/glide/imagenet_glide/train/ai/GLIDE_1000_200_06_607_glide_00161.png,diffusion,2,glide,train,True
1175,//kaggle/input/datasets/vtphatt2/genimage-glide/glide/imagenet_glide/train/ai/GLIDE_1000_200_05_562_glide_00028.png,diffusion,2,glide,train,True
1176,//kaggle/input/datasets/vtphatt2/genimage-glide/glide/imagenet_glide/train/ai/GLIDE_1000_200_07_797_glide_00007.png,diffusion,2,glide,train,True
1177,//kaggle/input/datasets/vtphatt2/genimage-glide/glide/imagenet_glide/train/ai/GLIDE_1000_200_06_623_glide_00093.png,diffusion,2,glide,train,True
1178,//kaggle/input/datasets/vtphatt2/genimage-glide/glide/imagenet_glide/train/ai/GLIDE_1000_200_05_576_glide_00103.png,diffusion,2,glide,train,True
1179,//kaggle/input/datasets/vtphatt2/genimage-glide/glide/imagenet_glide/train/ai/GLIDE_1000_200_04_413_glide_00180.png,diffusion,2,glide,train,True
1180,//kaggle/input/datasets/vtphatt2/genimage-glide/glide/imagenet_glide/train/ai/GLIDE_1000_200_01_197_glide_00121.png,diffusion,2,glide,train,True
1181,//kaggle/input/datasets/vtphatt2/genimage-glide/glide/imagenet_glide/train/ai/GLIDE_1000_200_05_558_glide_00150.png,diffusion,2,glide,train,True
1182,//kaggle/input/datasets/vtphatt2/genimage-glide/glide/imagenet_glide/train/ai/GLIDE_1000_200_07_710_glide_00005.png,diffusion,2,glide,train,True
1183,//kaggle/input/datasets/vtphatt2/genimage-glide/glide/imagenet_glide/train/ai/GLIDE_1000_200_07_701_glide_00008.png,diffusion,2,glide,train,True
1184,//kaggle/input/datasets/vtphatt2/genimage-glide/glide/imagenet_glide/train/ai/GLIDE_1000_200_01_145_glide_00189.png,diffusion,2,glide,train,True
1185,//kaggle/input/datasets/vtphatt2/genimage-glide/glide/imagenet_glide/train/ai/GLIDE_1000_200_08_811_glide_00185.png,diffusion,2,glide,train,True
1186,//kaggle/input/datasets/vtphatt2/genimage-glide/glide/imagenet_glide/train/ai/GLIDE_1000_200_05_584_glide_00043.png,diffusion,2,glide,train,True
1187,//kaggle/input/datasets/vtphatt2/genimage-glide/glide/imagenet_glide/train/ai/GLIDE_1000_200_00_016_glide_00102.png,diffusion,2,glide,train,True
1188,//kaggle/input/datasets/vtphatt2/genimage-glide/glide/imagenet_glide/train/ai/GLIDE_1000_200_05_575_glide_00142.png,diffusion,2,glide,train,True
1189,//kaggle/input/datasets/vtphatt2/genimage-glide/glide/imagenet_glide/train/ai/GLIDE_1000_200_06_698_glide_00137.png,diffusion,2,glide,train,True
1190,//kaggle/input/datasets/vtphatt2/genimage-glide/glide/imagenet_glide/train/ai/GLIDE_1000_200_09_926_glide_00156.png,diffusion,2,glide,train,True
1191,//kaggle/input/datasets/vtphatt2/genimage-glide/glide/imagenet_glide/train/ai/GLIDE_1000_200_01_179_glide_00022.png,diffusion,2,glide,train,True
1192,//kaggle/input/datasets/vtphatt2/genimage-glide/glide/imagenet_glide/train/ai/GLIDE_1000_200_00_099_glide_00155.png,diffusion,2,glide,train,True
1193,//kaggle/input/datasets/vtphatt2/genimage-glide/glide/imagenet_glide/train/ai/GLIDE_1000_200_03_342_glide_00061.png,diffusion,2,glide,train,True
1194,//kaggle/input/datasets/vtphatt2/genimage-glide/glide/imagenet_glide/train/ai/GLIDE_1000_200_08_806_glide_00145.png,diffusion,2,glide,train,True
1195,//kaggle/input/datasets/vtphatt2/genimage-glide/glide/imagenet_glide/train/ai/GLIDE_1000_200_04_480_glide_00057.png,diffusion,2,glide,train,True
1196,//kaggle/input/datasets/vtphatt2/genimage-glide/glide/imagenet_glide/train/ai/GLIDE_1000_200_05_514_glide_00068.png,diffusion,2,glide,train,True
1197,//kaggle/input/datasets/vtphatt2/genimage-glide/glide/imagenet_glide/train/ai/GLIDE_1000_200_02_214_glide_00182.png,diffusion,2,glide,train,True
1198,//kaggle/input/datasets/vtphatt2/genimage-glide/glide/imagenet_glide/train/ai/GLIDE_1000_200_05_588_glide_00040.png,diffusion,2,glide,train,True
1199,//kaggle/input/datasets/vtphatt2/genimage-glide/glide/imagenet_glide/train/ai/GLIDE_1000_200_05_535_glide_00165.png,diffusion,2,glide,train,True
1200,//kaggle/input/datasets/vtphatt2/genimage-glide/glide/imagenet_glide/train/ai/GLIDE_1000_200_02_298_glide_00140.png,diffusion,2,glide,train,True
1201,//kaggle/input/datasets/vtphatt2/genimage-glide/glide/imagenet_glide/train/ai/GLIDE_1000_200_08_866_glide_00067.png,diffusion,2,glide,train,True
1202,//kaggle/input/datasets/vtphatt2/genimage-glide/glide/imagenet_glide/train/ai/GLIDE_1000_200_09_970_glide_00010.png,diffusion,2,glide,train,True
1203,//kaggle/input/datasets/vtphatt2/genimage-glide/glide/imagenet_glide/train/ai/GLIDE_1000_200_09_921_glide_00175.png,diffusion,2,glide,train,True
1204,//kaggle/input/datasets/vtphatt2/genimage-glide/glide/imagenet_glide/train/ai/GLIDE_1000_200_03_381_glide_00013.png,diffusion,2,glide,train,True
1205,//kaggle/input/datasets/vtphatt2/genimage-glide/glide/imagenet_glide/train/ai/GLIDE_1000_200_03_378_glide_00117.png,diffusion,2,glide,train,True
1206,//kaggle/input/datasets/vtphatt2/genimage-glide/glide/imagenet_glide/train/ai/GLIDE_1000_200_03_323_glide_00014.png,diffusion,2,glide,train,True
1207,//kaggle/input/datasets/vtphatt2/genimage-glide/glide/imagenet_glide/train/ai/GLIDE_1000_200_07_734_glide_00105.png,diffusion,2,glide,train,True
1208,//kaggle/input/datasets/vtphatt2/genimage-glide/glide/imagenet_glide/train/ai/GLIDE_1000_200_09_936_glide_00055.png,diffusion,2,glide,train,True
1209,//kaggle/input/datasets/vtphatt2/genimage-glide/glide/imagenet_glide/train/ai/GLIDE_1000_200_08_862_glide_00098.png,diffusion,2,glide,train,True
1210,//kaggle/input/datasets/vtphatt2/genimage-glide/glide/imagenet_glide/train/ai/GLIDE_1000_200_02_224_glide_00056.png,diffusion,2,glide,train,True
1211,//kaggle/input/datasets/vtphatt2/genimage-glide/glide/imagenet_glide/train/ai/GLIDE_1000_200_09_950_glide_00046.png,diffusion,2,glide,train,True
1212,//kaggle/input/datasets/vtphatt2/genimage-glide/glide/imagenet_glide/train/ai/GLIDE_1000_200_02_225_glide_00175.png,diffusion,2,glide,train,True
1213,//kaggle/input/datasets/vtphatt2/genimage-glide/glide/imagenet_glide/train/ai/GLIDE_1000_200_01_178_glide_00170.png,diffusion,2,glide,train,True
1214,//kaggle/input/datasets/vtphatt2/genimage-glide/glide/imagenet_glide/train/ai/GLIDE_1000_200_06_669_glide_00104.png,diffusion,2,glide,train,True
1215,//kaggle/input/datasets/vtphatt2/genimage-glide/glide/imagenet_glide/train/ai/GLIDE_1000_200_08_875_glide_00068.png,diffusion,2,glide,train,True
1216,//kaggle/input/datasets/vtphatt2/genimage-glide/glide/imagenet_glide/train/ai/GLIDE_1000_200_07_727_glide_00121.png,diffusion,2,glide,train,True
1217,//kaggle/input/datasets/vtphatt2/genimage-glide/glide/imagenet_glide/train/ai/GLIDE_1000_200_01_141_glide_00098.png,diffusion,2,glide,train,True
1218,//kaggle/input/datasets/vtphatt2/genimage-glide/glide/imagenet_glide/train/ai/GLIDE_1000_200_08_817_glide_00048.png,diffusion,2,glide,train,True
1219,//kaggle/input/datasets/vtphatt2/genimage-glide/glide/imagenet_glide/train/ai/GLIDE_1000_200_04_478_glide_00106.png,diffusion,2,glide,train,True
1220,//kaggle/input/datasets/vtphatt2/genimage-glide/glide/imagenet_glide/train/ai/GLIDE_1000_200_07_735_glide_00059.png,diffusion,2,glide,train,True
1221,//kaggle/input/datasets/vtphatt2/genimage-glide/glide/imagenet_glide/train/ai/GLIDE_1000_200_05_506_glide_00051.png,diffusion,2,glide,train,True
1222,//kaggle/input/datasets/vtphatt2/genimage-glide/glide/imagenet_glide/train/ai/GLIDE_1000_200_04_464_glide_00042.png,diffusion,2,glide,train,True
1223,//kaggle/input/datasets/vtphatt2/genimage-glide/glide/imagenet_glide/train/ai/GLIDE_1000_200_00_069_glide_00114.png,diffusion,2,glide,train,True
1224,//kaggle/input/datasets/vtphatt2/genimage-glide/glide/imagenet_glide/train/ai/GLIDE_1000_200_02_277_glide_00006.png,diffusion,2,glide,train,True
1225,//kaggle/input/datasets/vtphatt2/genimage-glide/glide/imagenet_glide/train/ai/GLIDE_1000_200_02_240_glide_00108.png,diffusion,2,glide,train,True
1226,//kaggle/input/datasets/vtphatt2/genimage-glide/glide/imagenet_glide/train/ai/GLIDE_1000_200_08_878_glide_00136.png,diffusion,2,glide,train,True
1227,//kaggle/input/datasets/vtphatt2/genimage-glide/glide/imagenet_glide/train/ai/GLIDE_1000_200_03_383_glide_00132.png,diffusion,2,glide,train,True
1228,//kaggle/input/datasets/vtphatt2/genimage-glide/glide/imagenet_glide/train/ai/GLIDE_1000_200_06_611_glide_00034.png,diffusion,2,glide,train,True
1229,//kaggle/input/datasets/vtphatt2/genimage-glide/glide/imagenet_glide/train/ai/GLIDE_1000_200_02_215_glide_00176.png,diffusion,2,glide,train,True
1230,//kaggle/input/datasets/vtphatt2/genimage-glide/glide/imagenet_glide/train/ai/GLIDE_1000_200_04_433_glide_00021.png,diffusion,2,glide,train,True
1231,//kaggle/input/datasets/vtphatt2/genimage-glide/glide/imagenet_glide/train/ai/GLIDE_1000_200_00_003_glide_00106.png,diffusion,2,glide,train,True
1232,//kaggle/input/datasets/vtphatt2/genimage-glide/glide/imagenet_glide/train/ai/GLIDE_1000_200_00_090_glide_00104.png,diffusion,2,glide,train,True
1233,//kaggle/input/datasets/vtphatt2/genimage-glide/glide/imagenet_glide/train/ai/GLIDE_1000_200_06_698_glide_00148.png,diffusion,2,glide,train,True
1234,//kaggle/input/datasets/vtphatt2/genimage-glide/glide/imagenet_glide/train/ai/GLIDE_1000_200_02_254_glide_00049.png,diffusion,2,glide,train,True
1235,//kaggle/input/datasets/vtphatt2/genimage-glide/glide/imagenet_glide/train/ai/GLIDE_1000_200_03_362_glide_00011.png,diffusion,2,glide,train,True
1236,//kaggle/input/datasets/vtphatt2/genimage-glide/glide/imagenet_glide/train/ai/GLIDE_1000_200_02_209_glide_00146.png,diffusion,2,glide,train,True
1237,//kaggle/input/datasets/vtphatt2/genimage-glide/glide/imagenet_glide/train/ai/GLIDE_1000_200_03_379_glide_00045.png,diffusion,2,glide,train,True
1238,//kaggle/input/datasets/vtphatt2/genimage-glide/glide/imagenet_glide/train/ai/GLIDE_1000_200_02_232_glide_00159.png,diffusion,2,glide,train,True
1239,//kaggle/input/datasets/vtphatt2/genimage-glide/glide/imagenet_glide/train/ai/GLIDE_1000_200_03_376_glide_00103.png,diffusion,2,glide,train,True
1240,//kaggle/input/datasets/vtphatt2/genimage-glide/glide/imagenet_glide/train/ai/GLIDE_1000_200_03_348_glide_00055.png,diffusion,2,glide,train,True
1241,//kaggle/input/datasets/vtphatt2/genimage-glide/glide/imagenet_glide/train/ai/GLIDE_1000_200_06_647_glide_00000.png,diffusion,2,glide,train,True
1242,//kaggle/input/datasets/vtphatt2/genimage-glide/glide/imagenet_glide/train/ai/GLIDE_1000_200_06_635_glide_00096.png,diffusion,2,glide,train,True
1243,//kaggle/input/datasets/vtphatt2/genimage-glide/glide/imagenet_glide/train/ai/GLIDE_1000_200_06_610_glide_00162.png,diffusion,2,glide,train,True
1244,//kaggle/input/datasets/vtphatt2/genimage-glide/glide/imagenet_glide/train/ai/GLIDE_1000_200_03_347_glide_00076.png,diffusion,2,glide,train,True
1245,//kaggle/input/datasets/vtphatt2/genimage-glide/glide/imagenet_glide/train/ai/GLIDE_1000_200_07_787_glide_00189.png,diffusion,2,glide,train,True
1246,//kaggle/input/datasets/vtphatt2/genimage-glide/glide/imagenet_glide/train/ai/GLIDE_1000_200_06_633_glide_00023.png,diffusion,2,glide,train,True
1247,//kaggle/input/datasets/vtphatt2/genimage-glide/glide/imagenet_glide/train/ai/GLIDE_1000_200_04_450_glide_00145.png,diffusion,2,glide,train,True
1248,//kaggle/input/datasets/vtphatt2/genimage-glide/glide/imagenet_glide/train/ai/GLIDE_1000_200_07_734_glide_00047.png,diffusion,2,glide,train,True
1249,//kaggle/input/datasets/vtphatt2/genimage-glide/glide/imagenet_glide/train/ai/GLIDE_1000_200_04_460_glide_00171.png,diffusion,2,glide,train,True
1250,//kaggle/input/datasets/vtphatt2/genimage-glide/glide/imagenet_glide/train/ai/GLIDE_1000_200_08_858_glide_00120.png,diffusion,2,glide,train,True
1251,//kaggle/input/datasets/vtphatt2/genimage-glide/glide/imagenet_glide/train/ai/GLIDE_1000_200_06_648_glide_00171.png,diffusion,2,glide,train,True
1252,//kaggle/input/datasets/vtphatt2/genimage-glide/glide/imagenet_glide/train/ai/GLIDE_1000_200_00_058_glide_00141.png,diffusion,2,glide,train,True
1253,//kaggle/input/datasets/vtphatt2/genimage-glide/glide/imagenet_glide/train/ai/GLIDE_1000_200_06_692_glide_00131.png,diffusion,2,glide,train,True
1254,//kaggle/input/datasets/vtphatt2/genimage-glide/glide/imagenet_glide/train/ai/GLIDE_1000_200_06_627_glide_00072.png,diffusion,2,glide,train,True
1255,//kaggle/input/datasets/vtphatt2/genimage-glide/glide/imagenet_glide/train/ai/GLIDE_1000_200_02_272_glide_00044.png,diffusion,2,glide,train,True
1256,//kaggle/input/datasets/vtphatt2/genimage-glide/glide/imagenet_glide/train/ai/GLIDE_1000_200_03_374_glide_00124.png,diffusion,2,glide,train,True
1257,//kaggle/input/datasets/vtphatt2/genimage-glide/glide/imagenet_glide/train/ai/GLIDE_1000_200_07_750_glide_00172.png,diffusion,2,glide,train,True
1258,//kaggle/input/datasets/vtphatt2/genimage-glide/glide/imagenet_glide/train/ai/GLIDE_1000_200_07_796_glide_00055.png,diffusion,2,glide,train,True
1259,//kaggle/input/datasets/vtphatt2/genimage-glide/glide/imagenet_glide/train/ai/GLIDE_1000_200_02_289_glide_00006.png,diffusion,2,glide,train,True
1260,//kaggle/input/datasets/vtphatt2/genimage-glide/glide/imagenet_glide/train/ai/GLIDE_1000_200_01_107_glide_00014.png,diffusion,2,glide,train,True
1261,//kaggle/input/datasets/vtphatt2/genimage-glide/glide/imagenet_glide/train/ai/GLIDE_1000_200_06_696_glide_00034.png,diffusion,2,glide,train,True
1262,//kaggle/input/datasets/vtphatt2/genimage-glide/glide/imagenet_glide/train/ai/GLIDE_1000_200_08_811_glide_00141.png,diffusion,2,glide,train,True
1263,//kaggle/input/datasets/vtphatt2/genimage-glide/glide/imagenet_glide/train/ai/GLIDE_1000_200_05_589_glide_00142.png,diffusion,2,glide,train,True
1264,//kaggle/input/datasets/vtphatt2/genimage-glide/glide/imagenet_glide/train/ai/GLIDE_1000_200_07_730_glide_00032.png,diffusion,2,glide,train,True
1265,//kaggle/input/datasets/vtphatt2/genimage-glide/glide/imagenet_glide/train/ai/GLIDE_1000_200_07_790_glide_00176.png,diffusion,2,glide,train,True
1266,//kaggle/input/datasets/vtphatt2/genimage-glide/glide/imagenet_glide/train/ai/GLIDE_1000_200_01_150_glide_00031.png,diffusion,2,glide,train,True
1267,//kaggle/input/datasets/vtphatt2/genimage-glide/glide/imagenet_glide/train/ai/GLIDE_1000_200_00_062_glide_00114.png,diffusion,2,glide,train,True
1268,//kaggle/input/datasets/vtphatt2/genimage-glide/glide/imagenet_glide/train/ai/GLIDE_1000_200_03_381_glide_00101.png,diffusion,2,glide,train,True
1269,//kaggle/input/datasets/vtphatt2/genimage-glide/glide/imagenet_glide/train/ai/GLIDE_1000_200_04_455_glide_00023.png,diffusion,2,glide,train,True
1270,//kaggle/input/datasets/vtphatt2/genimage-glide/glide/imagenet_glide/train/ai/GLIDE_1000_200_09_915_glide_00186.png,diffusion,2,glide,train,True
1271,//kaggle/input/datasets/vtphatt2/genimage-glide/glide/imagenet_glide/train/ai/GLIDE_1000_200_02_267_glide_00145.png,diffusion,2,glide,train,True
1272,//kaggle/input/datasets/vtphatt2/genimage-glide/glide/imagenet_glide/train/ai/GLIDE_1000_200_01_166_glide_00048.png,diffusion,2,glide,train,True
1273,//kaggle/input/datasets/vtphatt2/genimage-glide/glide/imagenet_glide/train/ai/GLIDE_1000_200_03_324_glide_00089.png,diffusion,2,glide,train,True
1274,//kaggle/input/datasets/vtphatt2/genimage-glide/glide/imagenet_glide/train/ai/GLIDE_1000_200_01_142_glide_00005.png,diffusion,2,glide,train,True
1275,//kaggle/input/datasets/vtphatt2/genimage-glide/glide/imagenet_glide/train/ai/GLIDE_1000_200_05_552_glide_00169.png,diffusion,2,glide,train,True
1276,//kaggle/input/datasets/vtphatt2/genimage-glide/glide/imagenet_glide/train/ai/GLIDE_1000_200_05_540_glide_00103.png,diffusion,2,glide,train,True
1277,//kaggle/input/datasets/vtphatt2/genimage-glide/glide/imagenet_glide/train/ai/GLIDE_1000_200_05_504_glide_00021.png,diffusion,2,glide,train,True
1278,//kaggle/input/datasets/vtphatt2/genimage-glide/glide/imagenet_glide/train/ai/GLIDE_1000_200_01_158_glide_00118.png,diffusion,2,glide,train,True
1279,//kaggle/input/datasets/vtphatt2/genimage-glide/glide/imagenet_glide/train/ai/GLIDE_1000_200_01_133_glide_00129.png,diffusion,2,glide,train,True
1280,//kaggle/input/datasets/vtphatt2/genimage-glide/glide/imagenet_glide/train/ai/GLIDE_1000_200_09_914_glide_00047.png,diffusion,2,glide,train,True
1281,//kaggle/input/datasets/vtphatt2/genimage-glide/glide/imagenet_glide/train/ai/GLIDE_1000_200_05_567_glide_00058.png,diffusion,2,glide,train,True
1282,//kaggle/input/datasets/vtphatt2/genimage-glide/glide/imagenet_glide/train/ai/GLIDE_1000_200_00_014_glide_00170.png,diffusion,2,glide,train,True
1283,//kaggle/input/datasets/vtphatt2/genimage-glide/glide/imagenet_glide/train/ai/GLIDE_1000_200_03_333_glide_00182.png,diffusion,2,glide,train,True
1284,//kaggle/input/datasets/vtphatt2/genimage-glide/glide/imagenet_glide/train/ai/GLIDE_1000_200_09_920_glide_00138.png,diffusion,2,glide,train,True
1285,//kaggle/input/datasets/vtphatt2/genimage-glide/glide/imagenet_glide/train/ai/GLIDE_1000_200_08_809_glide_00119.png,diffusion,2,glide,train,True
1286,//kaggle/input/datasets/vtphatt2/genimage-glide/glide/imagenet_glide/train/ai/GLIDE_1000_200_00_074_glide_00193.png,diffusion,2,glide,train,True
1287,//kaggle/input/datasets/vtphatt2/genimage-glide/glide/imagenet_glide/train/ai/GLIDE_1000_200_01_104_glide_00163.png,diffusion,2,glide,train,True
1288,//kaggle/input/datasets/vtphatt2/genimage-glide/glide/imagenet_glide/train/ai/GLIDE_1000_200_00_076_glide_00181.png,diffusion,2,glide,train,True
1289,//kaggle/input/datasets/vtphatt2/genimage-glide/glide/imagenet_glide/train/ai/GLIDE_1000_200_02_229_glide_00138.png,diffusion,2,glide,train,True
1290,//kaggle/input/datasets/vtphatt2/genimage-glide/glide/imagenet_glide/train/ai/GLIDE_1000_200_01_198_glide_00152.png,diffusion,2,glide,train,True
1291,//kaggle/input/datasets/vtphatt2/genimage-glide/glide/imagenet_glide/train/ai/GLIDE_1000_200_03_357_glide_00172.png,diffusion,2,glide,train,True
1292,//kaggle/input/datasets/vtphatt2/genimage-glide/glide/imagenet_glide/train/ai/GLIDE_1000_200_07_770_glide_00046.png,diffusion,2,glide,train,True
1293,//kaggle/input/datasets/vtphatt2/genimage-glide/glide/imagenet_glide/train/ai/GLIDE_1000_200_04_429_glide_00031.png,diffusion,2,glide,train,True
1294,//kaggle/input/datasets/vtphatt2/genimage-glide/glide/imagenet_glide/train/ai/GLIDE_1000_200_07_743_glide_00073.png,diffusion,2,glide,train,True
1295,//kaggle/input/datasets/vtphatt2/genimage-glide/glide/imagenet_glide/train/ai/GLIDE_1000_200_04_429_glide_00013.png,diffusion,2,glide,train,True
1296,//kaggle/input/datasets/vtphatt2/genimage-glide/glide/imagenet_glide/train/ai/GLIDE_1000_200_01_121_glide_00008.png,diffusion,2,glide,train,True
1297,//kaggle/input/datasets/vtphatt2/genimage-glide/glide/imagenet_glide/train/ai/GLIDE_1000_200_04_482_glide_00064.png,diffusion,2,glide,train,True
1298,//kaggle/input/datasets/vtphatt2/genimage-glide/glide/imagenet_glide/train/ai/GLIDE_1000_200_05_598_glide_00049.png,diffusion,2,glide,train,True
1299,//kaggle/input/datasets/vtphatt2/genimage-glide/glide/imagenet_glide/train/ai/GLIDE_1000_200_09_966_glide_00044.png,diffusion,2,glide,train,True
1300,//kaggle/input/datasets/vtphatt2/genimage-glide/glide/imagenet_glide/train/ai/GLIDE_1000_200_07_748_glide_00104.png,diffusion,2,glide,train,True
1301,//kaggle/input/datasets/vtphatt2/genimage-glide/glide/imagenet_glide/train/ai/GLIDE_1000_200_00_025_glide_00073.png,diffusion,2,glide,train,True
1302,//kaggle/input/datasets/vtphatt2/genimage-glide/glide/imagenet_glide/train/ai/GLIDE_1000_200_04_422_glide_00091.png,diffusion,2,glide,train,True
1303,//kaggle/input/datasets/vtphatt2/genimage-glide/glide/imagenet_glide/train/ai/GLIDE_1000_200_09_983_glide_00094.png,diffusion,2,glide,train,True
1304,//kaggle/input/datasets/vtphatt2/genimage-glide/glide/imagenet_glide/train/ai/GLIDE_1000_200_07_747_glide_00115.png,diffusion,2,glide,train,True
1305,//kaggle/input/datasets/vtphatt2/genimage-glide/glide/imagenet_glide/train/ai/GLIDE_1000_200_04_401_glide_00055.png,diffusion,2,glide,train,True
1306,//kaggle/input/datasets/vtphatt2/genimage-glide/glide/imagenet_glide/train/ai/GLIDE_1000_200_07_762_glide_00104.png,diffusion,2,glide,train,True
1307,//kaggle/input/datasets/vtphatt2/genimage-glide/glide/imagenet_glide/train/ai/GLIDE_1000_200_05_529_glide_00057.png,diffusion,2,glide,train,True
1308,//kaggle/input/datasets/vtphatt2/genimage-glide/glide/imagenet_glide/train/ai/GLIDE_1000_200_03_305_glide_00182.png,diffusion,2,glide,train,True
1309,//kaggle/input/datasets/vtphatt2/genimage-glide/glide/imagenet_glide/train/ai/GLIDE_1000_200_06_655_glide_00105.png,diffusion,2,glide,train,True
1310,//kaggle/input/datasets/vtphatt2/genimage-glide/glide/imagenet_glide/train/ai/GLIDE_1000_200_00_008_glide_00093.png,diffusion,2,glide,train,True
1311,//kaggle/input/datasets/vtphatt2/genimage-glide/glide/imagenet_glide/train/ai/GLIDE_1000_200_09_905_glide_00021.png,diffusion,2,glide,train,True
1312,//kaggle/input/datasets/vtphatt2/genimage-glide/glide/imagenet_glide/train/ai/GLIDE_1000_200_08_891_glide_00182.png,diffusion,2,glide,train,True
1313,//kaggle/input/datasets/vtphatt2/genimage-glide/glide/imagenet_glide/train/ai/GLIDE_1000_200_00_022_glide_00193.png,diffusion,2,glide,train,True
1314,//kaggle/input/datasets/vtphatt2/genimage-glide/glide/imagenet_glide/train/ai/GLIDE_1000_200_02_238_glide_00162.png,diffusion,2,glide,train,True
1315,//kaggle/input/datasets/vtphatt2/genimage-glide/glide/imagenet_glide/train/ai/GLIDE_1000_200_02_200_glide_00021.png,diffusion,2,glide,train,True
1316,//kaggle/input/datasets/vtphatt2/genimage-glide/glide/imagenet_glide/train/ai/GLIDE_1000_200_01_191_glide_00132.png,diffusion,2,glide,train,True
1317,//kaggle/input/datasets/vtphatt2/genimage-glide/glide/imagenet_glide/train/ai/GLIDE_1000_200_01_188_glide_00073.png,diffusion,2,glide,train,True
1318,//kaggle/input/datasets/vtphatt2/genimage-glide/glide/imagenet_glide/train/ai/GLIDE_1000_200_09_963_glide_00103.png,diffusion,2,glide,train,True
1319,//kaggle/input/datasets/vtphatt2/genimage-glide/glide/imagenet_glide/train/ai/GLIDE_1000_200_07_791_glide_00057.png,diffusion,2,glide,train,True
1320,//kaggle/input/datasets/vtphatt2/genimage-glide/glide/imagenet_glide/train/ai/GLIDE_1000_200_00_025_glide_00173.png,diffusion,2,glide,train,True
1321,//kaggle/input/datasets/vtphatt2/genimage-glide/glide/imagenet_glide/train/ai/GLIDE_1000_200_04_455_glide_00021.png,diffusion,2,glide,train,True
1322,//kaggle/input/datasets/vtphatt2/genimage-glide/glide/imagenet_glide/train/ai/GLIDE_1000_200_05_506_glide_00190.png,diffusion,2,glide,train,True
1323,//kaggle/input/datasets/vtphatt2/genimage-glide/glide/imagenet_glide/train/ai/GLIDE_1000_200_03_314_glide_00087.png,diffusion,2,glide,train,True
1324,//kaggle/input/datasets/vtphatt2/genimage-glide/glide/imagenet_glide/train/ai/GLIDE_1000_200_02_206_glide_00145.png,diffusion,2,glide,train,True
1325,//kaggle/input/datasets/vtphatt2/genimage-glide/glide/imagenet_glide/train/ai/GLIDE_1000_200_01_147_glide_00154.png,diffusion,2,glide,train,True
1326,//kaggle/input/datasets/vtphatt2/genimage-glide/glide/imagenet_glide/train/ai/GLIDE_1000_200_09_955_glide_00182.png,diffusion,2,glide,train,True
1327,//kaggle/input/datasets/vtphatt2/genimage-glide/glide/imagenet_glide/train/ai/GLIDE_1000_200_04_441_glide_00103.png,diffusion,2,glide,train,True
1328,//kaggle/input/datasets/vtphatt2/genimage-glide/glide/imagenet_glide/train/ai/GLIDE_1000_200_02_262_glide_00148.png,diffusion,2,glide,train,True
1329,//kaggle/input/datasets/vtphatt2/genimage-glide/glide/imagenet_glide/train/ai/GLIDE_1000_200_05_546_glide_00189.png,diffusion,2,glide,train,True
1330,//kaggle/input/datasets/vtphatt2/genimage-glide/glide/imagenet_glide/train/ai/GLIDE_1000_200_03_315_glide_00106.png,diffusion,2,glide,train,True
1331,//kaggle/input/datasets/vtphatt2/genimage-glide/glide/imagenet_glide/train/ai/GLIDE_1000_200_02_283_glide_00028.png,diffusion,2,glide,train,True
1332,//kaggle/input/datasets/vtphatt2/genimage-glide/glide/imagenet_glide/train/ai/GLIDE_1000_200_05_556_glide_00036.png,diffusion,2,glide,train,True
1333,//kaggle/input/datasets/vtphatt2/genimage-glide/glide/imagenet_glide/train/ai/GLIDE_1000_200_03_357_glide_00106.png,diffusion,2,glide,train,True
1334,//kaggle/input/datasets/vtphatt2/genimage-glide/glide/imagenet_glide/train/ai/GLIDE_1000_200_09_973_glide_00032.png,diffusion,2,glide,train,True
1335,//kaggle/input/datasets/vtphatt2/genimage-glide/glide/imagenet_glide/train/ai/GLIDE_1000_200_09_992_glide_00014.png,diffusion,2,glide,train,True
1336,//kaggle/input/datasets/vtphatt2/genimage-glide/glide/imagenet_glide/train/ai/GLIDE_1000_200_05_536_glide_00057.png,diffusion,2,glide,train,True
1337,//kaggle/input/datasets/vtphatt2/genimage-glide/glide/imagenet_glide/train/ai/GLIDE_1000_200_06_612_glide_00107.png,diffusion,2,glide,train,True
1338,//kaggle/input/datasets/vtphatt2/genimage-glide/glide/imagenet_glide/train/ai/GLIDE_1000_200_07_772_glide_00193.png,diffusion,2,glide,train,True
1339,//kaggle/input/datasets/vtphatt2/genimage-glide/glide/imagenet_glide/train/ai/GLIDE_1000_200_03_322_glide_00131.png,diffusion,2,glide,train,True
1340,//kaggle/input/datasets/vtphatt2/genimage-glide/glide/imagenet_glide/train/ai/GLIDE_1000_200_08_899_glide_00170.png,diffusion,2,glide,train,True
1341,//kaggle/input/datasets/vtphatt2/genimage-glide/glide/imagenet_glide/train/ai/GLIDE_1000_200_03_310_glide_00189.png,diffusion,2,glide,train,True
1342,//kaggle/input/datasets/vtphatt2/genimage-glide/glide/imagenet_glide/train/ai/GLIDE_1000_200_04_451_glide_00034.png,diffusion,2,glide,train,True
1343,//kaggle/input/datasets/vtphatt2/genimage-glide/glide/imagenet_glide/train/ai/GLIDE_1000_200_07_782_glide_00037.png,diffusion,2,glide,train,True
1344,//kaggle/input/datasets/vtphatt2/genimage-glide/glide/imagenet_glide/train/ai/GLIDE_1000_200_00_024_glide_00142.png,diffusion,2,glide,train,True
1345,//kaggle/input/datasets/vtphatt2/genimage-glide/glide/imagenet_glide/train/ai/GLIDE_1000_200_02_285_glide_00057.png,diffusion,2,glide,train,True
1346,//kaggle/input/datasets/vtphatt2/genimage-glide/glide/imagenet_glide/train/ai/GLIDE_1000_200_09_968_glide_00134.png,diffusion,2,glide,train,True
1347,//kaggle/input/datasets/vtphatt2/genimage-glide/glide/imagenet_glide/train/ai/GLIDE_1000_200_03_317_glide_00130.png,diffusion,2,glide,train,True
1348,//kaggle/input/datasets/vtphatt2/genimage-glide/glide/imagenet_glide/train/ai/GLIDE_1000_200_08_819_glide_00193.png,diffusion,2,glide,train,True
1349,//kaggle/input/datasets/vtphatt2/genimage-glide/glide/imagenet_glide/train/ai/GLIDE_1000_200_07_740_glide_00107.png,diffusion,2,glide,train,True
1350,//kaggle/input/datasets/vtphatt2/genimage-glide/glide/imagenet_glide/train/ai/GLIDE_1000_200_03_384_glide_00155.png,diffusion,2,glide,train,True
1351,//kaggle/input/datasets/vtphatt2/genimage-glide/glide/imagenet_glide/train/ai/GLIDE_1000_200_02_259_glide_00162.png,diffusion,2,glide,train,True
1352,//kaggle/input/datasets/vtphatt2/genimage-glide/glide/imagenet_glide/train/ai/GLIDE_1000_200_01_152_glide_00111.png,diffusion,2,glide,train,True
1353,//kaggle/input/datasets/vtphatt2/genimage-glide/glide/imagenet_glide/train/ai/GLIDE_1000_200_05_518_glide_00185.png,diffusion,2,glide,train,True
1354,//kaggle/input/datasets/vtphatt2/genimage-glide/glide/imagenet_glide/train/ai/GLIDE_1000_200_03_351_glide_00181.png,diffusion,2,glide,train,True
1355,//kaggle/input/datasets/vtphatt2/genimage-glide/glide/imagenet_glide/train/ai/GLIDE_1000_200_05_530_glide_00148.png,diffusion,2,glide,train,True
1356,//kaggle/input/datasets/vtphatt2/genimage-glide/glide/imagenet_glide/train/ai/GLIDE_1000_200_06_690_glide_00085.png,diffusion,2,glide,train,True
1357,//kaggle/input/datasets/vtphatt2/genimage-glide/glide/imagenet_glide/train/ai/GLIDE_1000_200_01_144_glide_00160.png,diffusion,2,glide,train,True
1358,//kaggle/input/datasets/vtphatt2/genimage-glide/glide/imagenet_glide/train/ai/GLIDE_1000_200_01_179_glide_00110.png,diffusion,2,glide,train,True
1359,//kaggle/input/datasets/vtphatt2/genimage-glide/glide/imagenet_glide/train/ai/GLIDE_1000_200_06_667_glide_00064.png,diffusion,2,glide,train,True
1360,//kaggle/input/datasets/vtphatt2/genimage-glide/glide/imagenet_glide/train/ai/GLIDE_1000_200_03_329_glide_00145.png,diffusion,2,glide,train,True
1361,//kaggle/input/datasets/vtphatt2/genimage-glide/glide/imagenet_glide/train/ai/GLIDE_1000_200_09_972_glide_00049.png,diffusion,2,glide,train,True
1362,//kaggle/input/datasets/vtphatt2/genimage-glide/glide/imagenet_glide/train/ai/GLIDE_1000_200_08_818_glide_00177.png,diffusion,2,glide,train,True
1363,//kaggle/input/datasets/vtphatt2/genimage-glide/glide/imagenet_glide/train/ai/GLIDE_1000_200_07_798_glide_00173.png,diffusion,2,glide,train,True
1364,//kaggle/input/datasets/vtphatt2/genimage-glide/glide/imagenet_glide/train/ai/GLIDE_1000_200_02_279_glide_00044.png,diffusion,2,glide,train,True
1365,//kaggle/input/datasets/vtphatt2/genimage-glide/glide/imagenet_glide/train/ai/GLIDE_1000_200_03_346_glide_00167.png,diffusion,2,glide,train,True
1366,//kaggle/input/datasets/vtphatt2/genimage-glide/glide/imagenet_glide/train/ai/GLIDE_1000_200_04_451_glide_00181.png,diffusion,2,glide,train,True
1367,//kaggle/input/datasets/vtphatt2/genimage-glide/glide/imagenet_glide/train/ai/GLIDE_1000_200_01_110_glide_00198.png,diffusion,2,glide,train,True
1368,//kaggle/input/datasets/vtphatt2/genimage-glide/glide/imagenet_glide/train/ai/GLIDE_1000_200_02_225_glide_00154.png,diffusion,2,glide,train,True
1369,//kaggle/input/datasets/vtphatt2/genimage-glide/glide/imagenet_glide/train/ai/GLIDE_1000_200_08_824_glide_00051.png,diffusion,2,glide,train,True
1370,//kaggle/input/datasets/vtphatt2/genimage-glide/glide/imagenet_glide/train/ai/GLIDE_1000_200_00_006_glide_00119.png,diffusion,2,glide,train,True
1371,//kaggle/input/datasets/vtphatt2/genimage-glide/glide/imagenet_glide/train/ai/GLIDE_1000_200_02_255_glide_00166.png,diffusion,2,glide,train,True
1372,//kaggle/input/datasets/vtphatt2/genimage-glide/glide/imagenet_glide/train/ai/GLIDE_1000_200_03_322_glide_00181.png,diffusion,2,glide,train,True
1373,//kaggle/input/datasets/vtphatt2/genimage-glide/glide/imagenet_glide/train/ai/GLIDE_1000_200_03_384_glide_00030.png,diffusion,2,glide,train,True
1374,//kaggle/input/datasets/vtphatt2/genimage-glide/glide/imagenet_glide/train/ai/GLIDE_1000_200_02_230_glide_00180.png,diffusion,2,glide,train,True
1375,//kaggle/input/datasets/vtphatt2/genimage-glide/glide/imagenet_glide/train/ai/GLIDE_1000_200_00_050_glide_00046.png,diffusion,2,glide,train,True
1376,//kaggle/input/datasets/vtphatt2/genimage-glide/glide/imagenet_glide/train/ai/GLIDE_1000_200_00_018_glide_00000.png,diffusion,2,glide,train,True
1377,//kaggle/input/datasets/vtphatt2/genimage-glide/glide/imagenet_glide/train/ai/GLIDE_1000_200_07_742_glide_00198.png,diffusion,2,glide,train,True
1378,//kaggle/input/datasets/vtphatt2/genimage-glide/glide/imagenet_glide/train/ai/GLIDE_1000_200_09_944_glide_00155.png,diffusion,2,glide,train,True
1379,//kaggle/input/datasets/vtphatt2/genimage-glide/glide/imagenet_glide/train/ai/GLIDE_1000_200_05_563_glide_00081.png,diffusion,2,glide,train,True
1380,//kaggle/input/datasets/vtphatt2/genimage-glide/glide/imagenet_glide/train/ai/GLIDE_1000_200_03_336_glide_00073.png,diffusion,2,glide,train,True
1381,//kaggle/input/datasets/vtphatt2/genimage-glide/glide/imagenet_glide/train/ai/GLIDE_1000_200_04_494_glide_00154.png,diffusion,2,glide,train,True
1382,//kaggle/input/datasets/vtphatt2/genimage-glide/glide/imagenet_glide/train/ai/GLIDE_1000_200_05_563_glide_00048.png,diffusion,2,glide,train,True
1383,//kaggle/input/datasets/vtphatt2/genimage-glide/glide/imagenet_glide/train/ai/GLIDE_1000_200_04_432_glide_00053.png,diffusion,2,glide,train,True
1384,//kaggle/input/datasets/vtphatt2/genimage-glide/glide/imagenet_glide/train/ai/GLIDE_1000_200_00_004_glide_00066.png,diffusion,2,glide,train,True
1385,//kaggle/input/datasets/vtphatt2/genimage-glide/glide/imagenet_glide/train/ai/GLIDE_1000_200_06_676_glide_00182.png,diffusion,2,glide,train,True
1386,//kaggle/input/datasets/vtphatt2/genimage-glide/glide/imagenet_glide/train/ai/GLIDE_1000_200_00_090_glide_00184.png,diffusion,2,glide,train,True
1387,//kaggle/input/datasets/vtphatt2/genimage-glide/glide/imagenet_glide/train/ai/GLIDE_1000_200_01_121_glide_00089.png,diffusion,2,glide,train,True
1388,//kaggle/input/datasets/vtphatt2/genimage-glide/glide/imagenet_glide/train/ai/GLIDE_1000_200_02_218_glide_00102.png,diffusion,2,glide,train,True
1389,//kaggle/input/datasets/vtphatt2/genimage-glide/glide/imagenet_glide/train/ai/GLIDE_1000_200_00_085_glide_00083.png,diffusion,2,glide,train,True
1390,//kaggle/input/datasets/vtphatt2/genimage-glide/glide/imagenet_glide/train/ai/GLIDE_1000_200_03_342_glide_00014.png,diffusion,2,glide,train,True
1391,//kaggle/input/datasets/vtphatt2/genimage-glide/glide/imagenet_glide/train/ai/GLIDE_1000_200_01_138_glide_00053.png,diffusion,2,glide,train,True
1392,//kaggle/input/datasets/vtphatt2/genimage-glide/glide/imagenet_glide/train/ai/GLIDE_1000_200_06_670_glide_00042.png,diffusion,2,glide,train,True
1393,//kaggle/input/datasets/vtphatt2/genimage-glide/glide/imagenet_glide/train/ai/GLIDE_1000_200_06_699_glide_00175.png,diffusion,2,glide,train,True
1394,//kaggle/input/datasets/vtphatt2/genimage-glide/glide/imagenet_glide/train/ai/GLIDE_1000_200_04_451_glide_00075.png,diffusion,2,glide,train,True
1395,//kaggle/input/datasets/vtphatt2/genimage-glide/glide/imagenet_glide/train/ai/GLIDE_1000_200_00_041_glide_00157.png,diffusion,2,glide,train,True
1396,//kaggle/input/datasets/vtphatt2/genimage-glide/glide/imagenet_glide/train/ai/GLIDE_1000_200_08_839_glide_00000.png,diffusion,2,glide,train,True
1397,//kaggle/input/datasets/vtphatt2/genimage-glide/glide/imagenet_glide/train/ai/GLIDE_1000_200_07_762_glide_00157.png,diffusion,2,glide,train,True
1398,//kaggle/input/datasets/vtphatt2/genimage-glide/glide/imagenet_glide/train/ai/GLIDE_1000_200_00_092_glide_00105.png,diffusion,2,glide,train,True
1399,//kaggle/input/datasets/vtphatt2/genimage-glide/glide/imagenet_glide/train/ai/GLIDE_1000_200_07_742_glide_00021.png,diffusion,2,glide,train,True
1400,//kaggle/input/datasets/vtphatt2/genimage-glide/glide/imagenet_glide/train/ai/GLIDE_1000_200_02_217_glide_00034.png,diffusion,2,glide,train,True
1401,//kaggle/input/datasets/vtphatt2/genimage-glide/glide/imagenet_glide/train/ai/GLIDE_1000_200_02_209_glide_00129.png,diffusion,2,glide,train,True
1402,//kaggle/input/datasets/vtphatt2/genimage-glide/glide/imagenet_glide/train/ai/GLIDE_1000_200_05_530_glide_00072.png,diffusion,2,glide,train,True
1403,//kaggle/input/datasets/vtphatt2/genimage-glide/glide/imagenet_glide/train/ai/GLIDE_1000_200_04_477_glide_00082.png,diffusion,2,glide,train,True
1404,//kaggle/input/datasets/vtphatt2/genimage-glide/glide/imagenet_glide/train/ai/GLIDE_1000_200_01_105_glide_00064.png,diffusion,2,glide,train,True
1405,//kaggle/input/datasets/vtphatt2/genimage-glide/glide/imagenet_glide/train/ai/GLIDE_1000_200_07_742_glide_00056.png,diffusion,2,glide,train,True
1406,//kaggle/input/datasets/vtphatt2/genimage-glide/glide/imagenet_glide/train/ai/GLIDE_1000_200_09_996_glide_00156.png,diffusion,2,glide,train,True
1407,//kaggle/input/datasets/vtphatt2/genimage-glide/glide/imagenet_glide/train/ai/GLIDE_1000_200_05_550_glide_00049.png,diffusion,2,glide,train,True
1408,//kaggle/input/datasets/vtphatt2/genimage-glide/glide/imagenet_glide/train/ai/GLIDE_1000_200_03_323_glide_00184.png,diffusion,2,glide,train,True
1409,//kaggle/input/datasets/vtphatt2/genimage-glide/glide/imagenet_glide/train/ai/GLIDE_1000_200_01_186_glide_00011.png,diffusion,2,glide,train,True
1410,//kaggle/input/datasets/vtphatt2/genimage-glide/glide/imagenet_glide/train/ai/GLIDE_1000_200_02_292_glide_00186.png,diffusion,2,glide,train,True
1411,//kaggle/input/datasets/vtphatt2/genimage-glide/glide/imagenet_glide/train/ai/GLIDE_1000_200_03_373_glide_00129.png,diffusion,2,glide,train,True
1412,//kaggle/input/datasets/vtphatt2/genimage-glide/glide/imagenet_glide/train/ai/GLIDE_1000_200_09_977_glide_00142.png,diffusion,2,glide,train,True
1413,//kaggle/input/datasets/vtphatt2/genimage-glide/glide/imagenet_glide/train/ai/GLIDE_1000_200_08_818_glide_00167.png,diffusion,2,glide,train,True
1414,//kaggle/input/datasets/vtphatt2/genimage-glide/glide/imagenet_glide/train/ai/GLIDE_1000_200_03_335_glide_00144.png,diffusion,2,glide,train,True
1415,//kaggle/input/datasets/vtphatt2/genimage-glide/glide/imagenet_glide/train/ai/GLIDE_1000_200_04_426_glide_00011.png,diffusion,2,glide,train,True
1416,//kaggle/input/datasets/vtphatt2/genimage-glide/glide/imagenet_glide/train/ai/GLIDE_1000_200_01_155_glide_00059.png,diffusion,2,glide,train,True
1417,//kaggle/input/datasets/vtphatt2/genimage-glide/glide/imagenet_glide/train/ai/GLIDE_1000_200_08_801_glide_00108.png,diffusion,2,glide,train,True
1418,//kaggle/input/datasets/vtphatt2/genimage-glide/glide/imagenet_glide/train/ai/GLIDE_1000_200_03_354_glide_00032.png,diffusion,2,glide,train,True
1419,//kaggle/input/datasets/vtphatt2/genimage-glide/glide/imagenet_glide/train/ai/GLIDE_1000_200_04_416_glide_00089.png,diffusion,2,glide,train,True
1420,//kaggle/input/datasets/vtphatt2/genimage-glide/glide/imagenet_glide/train/ai/GLIDE_1000_200_02_217_glide_00014.png,diffusion,2,glide,train,True
1421,//kaggle/input/datasets/vtphatt2/genimage-glide/glide/imagenet_glide/train/ai/GLIDE_1000_200_03_364_glide_00072.png,diffusion,2,glide,train,True
1422,//kaggle/input/datasets/vtphatt2/genimage-glide/glide/imagenet_glide/train/ai/GLIDE_1000_200_05_552_glide_00056.png,diffusion,2,glide,train,True
1423,//kaggle/input/datasets/vtphatt2/genimage-glide/glide/imagenet_glide/train/ai/GLIDE_1000_200_06_670_glide_00162.png,diffusion,2,glide,train,True
1424,//kaggle/input/datasets/vtphatt2/genimage-glide/glide/imagenet_glide/train/ai/GLIDE_1000_200_07_764_glide_00052.png,diffusion,2,glide,train,True
1425,//kaggle/input/datasets/vtphatt2/genimage-glide/glide/imagenet_glide/train/ai/GLIDE_1000_200_04_461_glide_00163.png,diffusion,2,glide,train,True
1426,//kaggle/input/datasets/vtphatt2/genimage-glide/glide/imagenet_glide/train/ai/GLIDE_1000_200_08_866_glide_00104.png,diffusion,2,glide,train,True
1427,//kaggle/input/datasets/vtphatt2/genimage-glide/glide/imagenet_glide/train/ai/GLIDE_1000_200_08_860_glide_00048.png,diffusion,2,glide,train,True
1428,//kaggle/input/datasets/vtphatt2/genimage-glide/glide/imagenet_glide/train/ai/GLIDE_1000_200_07_791_glide_00138.png,diffusion,2,glide,train,True
1429,//kaggle/input/datasets/vtphatt2/genimage-glide/glide/imagenet_glide/train/ai/GLIDE_1000_200_00_044_glide_00109.png,diffusion,2,glide,train,True
1430,//kaggle/input/datasets/vtphatt2/genimage-glide/glide/imagenet_glide/train/ai/GLIDE_1000_200_06_641_glide_00187.png,diffusion,2,glide,train,True
1431,//kaggle/input/datasets/vtphatt2/genimage-glide/glide/imagenet_glide/train/ai/GLIDE_1000_200_09_941_glide_00098.png,diffusion,2,glide,train,True
1432,//kaggle/input/datasets/vtphatt2/genimage-glide/glide/imagenet_glide/train/ai/GLIDE_1000_200_05_584_glide_00017.png,diffusion,2,glide,train,True
1433,//kaggle/input/datasets/vtphatt2/genimage-glide/glide/imagenet_glide/train/ai/GLIDE_1000_200_01_131_glide_00119.png,diffusion,2,glide,train,True
1434,//kaggle/input/datasets/vtphatt2/genimage-glide/glide/imagenet_glide/train/ai/GLIDE_1000_200_03_323_glide_00159.png,diffusion,2,glide,train,True
1435,//kaggle/input/datasets/vtphatt2/genimage-glide/glide/imagenet_glide/train/ai/GLIDE_1000_200_09_902_glide_00181.png,diffusion,2,glide,train,True
1436,//kaggle/input/datasets/vtphatt2/genimage-glide/glide/imagenet_glide/train/ai/GLIDE_1000_200_08_806_glide_00040.png,diffusion,2,glide,train,True
1437,//kaggle/input/datasets/vtphatt2/genimage-glide/glide/imagenet_glide/train/ai/GLIDE_1000_200_03_368_glide_00033.png,diffusion,2,glide,train,True
1438,//kaggle/input/datasets/vtphatt2/genimage-glide/glide/imagenet_glide/train/ai/GLIDE_1000_200_06_609_glide_00138.png,diffusion,2,glide,train,True
1439,//kaggle/input/datasets/vtphatt2/genimage-glide/glide/imagenet_glide/train/ai/GLIDE_1000_200_03_339_glide_00111.png,diffusion,2,glide,train,True
1440,//kaggle/input/datasets/vtphatt2/genimage-glide/glide/imagenet_glide/train/ai/GLIDE_1000_200_00_050_glide_00120.png,diffusion,2,glide,train,True
1441,//kaggle/input/datasets/vtphatt2/genimage-glide/glide/imagenet_glide/train/ai/GLIDE_1000_200_02_215_glide_00157.png,diffusion,2,glide,train,True
1442,//kaggle/input/datasets/vtphatt2/genimage-glide/glide/imagenet_glide/train/ai/GLIDE_1000_200_01_151_glide_00077.png,diffusion,2,glide,train,True
1443,//kaggle/input/datasets/vtphatt2/genimage-glide/glide/imagenet_glide/train/ai/GLIDE_1000_200_08_808_glide_00040.png,diffusion,2,glide,train,True
1444,//kaggle/input/datasets/vtphatt2/genimage-glide/glide/imagenet_glide/train/ai/GLIDE_1000_200_02_273_glide_00118.png,diffusion,2,glide,train,True
1445,//kaggle/input/datasets/vtphatt2/genimage-glide/glide/imagenet_glide/train/ai/GLIDE_1000_200_08_808_glide_00139.png,diffusion,2,glide,train,True
1446,//kaggle/input/datasets/vtphatt2/genimage-glide/glide/imagenet_glide/train/ai/GLIDE_1000_200_07_763_glide_00059.png,diffusion,2,glide,train,True
1447,//kaggle/input/datasets/vtphatt2/genimage-glide/glide/imagenet_glide/train/ai/GLIDE_1000_200_05_532_glide_00148.png,diffusion,2,glide,train,True
1448,//kaggle/input/datasets/vtphatt2/genimage-glide/glide/imagenet_glide/train/ai/GLIDE_1000_200_08_850_glide_00180.png,diffusion,2,glide,train,True
1449,//kaggle/input/datasets/vtphatt2/genimage-glide/glide/imagenet_glide/train/ai/GLIDE_1000_200_06_652_glide_00002.png,diffusion,2,glide,train,True
1450,//kaggle/input/datasets/vtphatt2/genimage-glide/glide/imagenet_glide/train/ai/GLIDE_1000_200_07_788_glide_00037.png,diffusion,2,glide,train,True
1451,//kaggle/input/datasets/vtphatt2/genimage-glide/glide/imagenet_glide/train/ai/GLIDE_1000_200_00_074_glide_00121.png,diffusion,2,glide,train,True
1452,//kaggle/input/datasets/vtphatt2/genimage-glide/glide/imagenet_glide/train/ai/GLIDE_1000_200_04_432_glide_00051.png,diffusion,2,glide,train,True
1453,//kaggle/input/datasets/vtphatt2/genimage-glide/glide/imagenet_glide/train/ai/GLIDE_1000_200_06_638_glide_00142.png,diffusion,2,glide,train,True
1454,//kaggle/input/datasets/vtphatt2/genimage-glide/glide/imagenet_glide/train/ai/GLIDE_1000_200_06_658_glide_00058.png,diffusion,2,glide,train,True
1455,//kaggle/input/datasets/vtphatt2/genimage-glide/glide/imagenet_glide/train/ai/GLIDE_1000_200_08_802_glide_00018.png,diffusion,2,glide,train,True
1456,//kaggle/input/datasets/vtphatt2/genimage-glide/glide/imagenet_glide/train/ai/GLIDE_1000_200_09_993_glide_00064.png,diffusion,2,glide,train,True
1457,//kaggle/input/datasets/vtphatt2/genimage-glide/glide/imagenet_glide/train/ai/GLIDE_1000_200_09_964_glide_00166.png,diffusion,2,glide,train,True
1458,//kaggle/input/datasets/vtphatt2/genimage-glide/glide/imagenet_glide/train/ai/GLIDE_1000_200_05_552_glide_00098.png,diffusion,2,glide,train,True
1459,//kaggle/input/datasets/vtphatt2/genimage-glide/glide/imagenet_glide/train/ai/GLIDE_1000_200_06_603_glide_00059.png,diffusion,2,glide,train,True
1460,//kaggle/input/datasets/vtphatt2/genimage-glide/glide/imagenet_glide/train/ai/GLIDE_1000_200_06_627_glide_00130.png,diffusion,2,glide,train,True
1461,//kaggle/input/datasets/vtphatt2/genimage-glide/glide/imagenet_glide/train/ai/GLIDE_1000_200_08_874_glide_00077.png,diffusion,2,glide,train,True
1462,//kaggle/input/datasets/vtphatt2/genimage-glide/glide/imagenet_glide/train/ai/GLIDE_1000_200_01_171_glide_00111.png,diffusion,2,glide,train,True
1463,//kaggle/input/datasets/vtphatt2/genimage-glide/glide/imagenet_glide/train/ai/GLIDE_1000_200_04_403_glide_00054.png,diffusion,2,glide,train,True
1464,//kaggle/input/datasets/vtphatt2/genimage-glide/glide/imagenet_glide/train/ai/GLIDE_1000_200_00_041_glide_00188.png,diffusion,2,glide,train,True
1465,//kaggle/input/datasets/vtphatt2/genimage-glide/glide/imagenet_glide/train/ai/GLIDE_1000_200_00_009_glide_00103.png,diffusion,2,glide,train,True
1466,//kaggle/input/datasets/vtphatt2/genimage-glide/glide/imagenet_glide/train/ai/GLIDE_1000_200_02_209_glide_00016.png,diffusion,2,glide,train,True
1467,//kaggle/input/datasets/vtphatt2/genimage-glide/glide/imagenet_glide/train/ai/GLIDE_1000_200_04_428_glide_00167.png,diffusion,2,glide,train,True
1468,//kaggle/input/datasets/vtphatt2/genimage-glide/glide/imagenet_glide/train/ai/GLIDE_1000_200_07_718_glide_00044.png,diffusion,2,glide,train,True
1469,//kaggle/input/datasets/vtphatt2/genimage-glide/glide/imagenet_glide/train/ai/GLIDE_1000_200_06_698_glide_00129.png,diffusion,2,glide,train,True
1470,//kaggle/input/datasets/vtphatt2/genimage-glide/glide/imagenet_glide/train/ai/GLIDE_1000_200_04_453_glide_00016.png,diffusion,2,glide,train,True
1471,//kaggle/input/datasets/vtphatt2/genimage-glide/glide/imagenet_glide/train/ai/GLIDE_1000_200_05_514_glide_00011.png,diffusion,2,glide,train,True
1472,//kaggle/input/datasets/vtphatt2/genimage-glide/glide/imagenet_glide/train/ai/GLIDE_1000_200_03_304_glide_00156.png,diffusion,2,glide,train,True
1473,//kaggle/input/datasets/vtphatt2/genimage-glide/glide/imagenet_glide/train/ai/GLIDE_1000_200_05_541_glide_00052.png,diffusion,2,glide,train,True
1474,//kaggle/input/datasets/vtphatt2/genimage-glide/glide/imagenet_glide/train/ai/GLIDE_1000_200_00_044_glide_00083.png,diffusion,2,glide,train,True
1475,//kaggle/input/datasets/vtphatt2/genimage-glide/glide/imagenet_glide/train/ai/GLIDE_1000_200_00_098_glide_00159.png,diffusion,2,glide,train,True
1476,//kaggle/input/datasets/vtphatt2/genimage-glide/glide/imagenet_glide/train/ai/GLIDE_1000_200_04_466_glide_00022.png,diffusion,2,glide,train,True
1477,//kaggle/input/datasets/vtphatt2/genimage-glide/glide/imagenet_glide/train/ai/GLIDE_1000_200_01_131_glide_00062.png,diffusion,2,glide,train,True
1478,//kaggle/input/datasets/vtphatt2/genimage-glide/glide/imagenet_glide/train/ai/GLIDE_1000_200_02_269_glide_00198.png,diffusion,2,glide,train,True
1479,//kaggle/input/datasets/vtphatt2/genimage-glide/glide/imagenet_glide/train/ai/GLIDE_1000_200_06_653_glide_00181.png,diffusion,2,glide,train,True
1480,//kaggle/input/datasets/vtphatt2/genimage-glide/glide/imagenet_glide/train/ai/GLIDE_1000_200_02_243_glide_00190.png,diffusion,2,glide,train,True
1481,//kaggle/input/datasets/vtphatt2/genimage-glide/glide/imagenet_glide/train/ai/GLIDE_1000_200_06_616_glide_00131.png,diffusion,2,glide,train,True
1482,//kaggle/input/datasets/vtphatt2/genimage-glide/glide/imagenet_glide/train/ai/GLIDE_1000_200_00_070_glide_00132.png,diffusion,2,glide,train,True
1483,//kaggle/input/datasets/vtphatt2/genimage-glide/glide/imagenet_glide/train/ai/GLIDE_1000_200_09_946_glide_00153.png,diffusion,2,glide,train,True
1484,//kaggle/input/datasets/vtphatt2/genimage-glide/glide/imagenet_glide/train/ai/GLIDE_1000_200_00_099_glide_00050.png,diffusion,2,glide,train,True
1485,//kaggle/input/datasets/vtphatt2/genimage-glide/glide/imagenet_glide/train/ai/GLIDE_1000_200_09_974_glide_00061.png,diffusion,2,glide,train,True
1486,//kaggle/input/datasets/vtphatt2/genimage-glide/glide/imagenet_glide/train/ai/GLIDE_1000_200_06_677_glide_00032.png,diffusion,2,glide,train,True
1487,//kaggle/input/datasets/vtphatt2/genimage-glide/glide/imagenet_glide/train/ai/GLIDE_1000_200_06_611_glide_00075.png,diffusion,2,glide,train,True
1488,//kaggle/input/datasets/vtphatt2/genimage-glide/glide/imagenet_glide/train/ai/GLIDE_1000_200_01_190_glide_00031.png,diffusion,2,glide,train,True
1489,//kaggle/input/datasets/vtphatt2/genimage-glide/glide/imagenet_glide/train/ai/GLIDE_1000_200_04_486_glide_00076.png,diffusion,2,glide,train,True
1490,//kaggle/input/datasets/vtphatt2/genimage-glide/glide/imagenet_glide/train/ai/GLIDE_1000_200_05_596_glide_00122.png,diffusion,2,glide,train,True
1491,//kaggle/input/datasets/vtphatt2/genimage-glide/glide/imagenet_glide/train/ai/GLIDE_1000_200_07_793_glide_00152.png,diffusion,2,glide,train,True
1492,//kaggle/input/datasets/vtphatt2/genimage-glide/glide/imagenet_glide/train/ai/GLIDE_1000_200_09_923_glide_00045.png,diffusion,2,glide,train,True
1493,//kaggle/input/datasets/vtphatt2/genimage-glide/glide/imagenet_glide/train/ai/GLIDE_1000_200_08_836_glide_00059.png,diffusion,2,glide,train,True
1494,//kaggle/input/datasets/vtphatt2/genimage-glide/glide/imagenet_glide/train/ai/GLIDE_1000_200_02_205_glide_00001.png,diffusion,2,glide,train,True
1495,//kaggle/input/datasets/vtphatt2/genimage-glide/glide/imagenet_glide/train/ai/GLIDE_1000_200_01_102_glide_00189.png,diffusion,2,glide,train,True
1496,//kaggle/input/datasets/vtphatt2/genimage-glide/glide/imagenet_glide/train/ai/GLIDE_1000_200_05_584_glide_00129.png,diffusion,2,glide,train,True
1497,//kaggle/input/datasets/vtphatt2/genimage-glide/glide/imagenet_glide/train/ai/GLIDE_1000_200_00_000_glide_00046.png,diffusion,2,glide,train,True
1498,//kaggle/input/datasets/vtphatt2/genimage-glide/glide/imagenet_glide/train/ai/GLIDE_1000_200_05_584_glide_00079.png,diffusion,2,glide,train,True
1499,//kaggle/input/datasets/vtphatt2/genimage-glide/glide/imagenet_glide/train/ai/GLIDE_1000_200_05_507_glide_00129.png,diffusion,2,glide,train,True
1500,//kaggle/input/datasets/vtphatt2/genimage-glide/glide/imagenet_glide/train/nature/n01744401_10096.JPEG,real,0,nature,train,True
1501,//kaggle/input/datasets/vtphatt2/genimage-glide/glide/imagenet_glide/train/nature/n04275548_103.JPEG,real,0,nature,train,True
1502,//kaggle/input/datasets/vtphatt2/genimage-glide/glide/imagenet_glide/train/nature/n03775071_15537.JPEG,real,0,nature,train,True
1503,//kaggle/input/datasets/vtphatt2/genimage-glide/glide/imagenet_glide/train/nature/n03425413_21104.JPEG,real,0,nature,train,True
1504,//kaggle/input/datasets/vtphatt2/genimage-glide/glide/imagenet_glide/train/nature/n04325704_7859.JPEG,real,0,nature,train,True
1505,//kaggle/input/datasets/vtphatt2/genimage-glide/glide/imagenet_glide/train/nature/n02110627_8176.JPEG,real,0,nature,train,True
1506,//kaggle/input/datasets/vtphatt2/genimage-glide/glide/imagenet_glide/train/nature/n04554684_12950.JPEG,real,0,nature,train,True
1507,//kaggle/input/datasets/vtphatt2/genimage-glide/glide/imagenet_glide/train/nature/n02408429_6310.JPEG,real,0,nature,train,True
1508,//kaggle/input/datasets/vtphatt2/genimage-glide/glide/imagenet_glide/val/nature/ILSVRC2012_val_00005503.JPEG,real,0,nature,train,True
1509,//kaggle/input/datasets/vtphatt2/genimage-glide/glide/imagenet_glide/train/nature/n02325366_368.JPEG,real,0,nature,train,True
1510,//kaggle/input/datasets/vtphatt2/genimage-glide/glide/imagenet_glide/train/nature/n02484975_8252.JPEG,real,0,nature,train,True
1511,//kaggle/input/datasets/vtphatt2/genimage-glide/glide/imagenet_glide/train/nature/n02690373_5496.JPEG,real,0,nature,train,True
1512,//kaggle/input/datasets/vtphatt2/genimage-glide/glide/imagenet_glide/train/nature/n02364673_3258.JPEG,real,0,nature,train,True
1513,//kaggle/input/datasets/vtphatt2/genimage-glide/glide/imagenet_glide/train/nature/n04336792_9293.JPEG,real,0,nature,train,True
1514,//kaggle/input/datasets/vtphatt2/genimage-glide/glide/imagenet_glide/train/nature/n02096437_2726.JPEG,real,0,nature,train,True
1515,//kaggle/input/datasets/vtphatt2/genimage-glide/glide/imagenet_glide/train/nature/n01833805_13063.JPEG,real,0,nature,train,True
1516,//kaggle/input/datasets/vtphatt2/genimage-glide/glide/imagenet_glide/train/nature/n07718747_9690.JPEG,real,0,nature,train,True
1517,//kaggle/input/datasets/vtphatt2/genimage-glide/glide/imagenet_glide/train/nature/n02509815_2671.JPEG,real,0,nature,train,True
1518,//kaggle/input/datasets/vtphatt2/genimage-glide/glide/imagenet_glide/train/nature/n02102177_2622.JPEG,real,0,nature,train,True
1519,//kaggle/input/datasets/vtphatt2/genimage-glide/glide/imagenet_glide/train/nature/n04310018_428.JPEG,real,0,nature,train,True
1520,//kaggle/input/datasets/vtphatt2/genimage-glide/glide/imagenet_glide/train/nature/n04049303_7431.JPEG,real,0,nature,train,True
1521,//kaggle/input/datasets/vtphatt2/genimage-glide/glide/imagenet_glide/train/nature/n04179913_25315.JPEG,real,0,nature,train,True
1522,//kaggle/input/datasets/vtphatt2/genimage-glide/glide/imagenet_glide/train/nature/n04099969_9194.JPEG,real,0,nature,train,True
1523,//kaggle/input/datasets/vtphatt2/genimage-glide/glide/imagenet_glide/train/nature/n03666591_24105.JPEG,real,0,nature,train,True
1524,//kaggle/input/datasets/vtphatt2/genimage-glide/glide/imagenet_glide/val/nature/ILSVRC2012_val_00009468.JPEG,real,0,nature,train,True
1525,//kaggle/input/datasets/vtphatt2/genimage-glide/glide/imagenet_glide/train/nature/n02013706_3860.JPEG,real,0,nature,train,True
1526,//kaggle/input/datasets/vtphatt2/genimage-glide/glide/imagenet_glide/train/nature/n04243546_2201.JPEG,real,0,nature,train,True
1527,//kaggle/input/datasets/vtphatt2/genimage-glide/glide/imagenet_glide/train/nature/n02487347_12456.JPEG,real,0,nature,train,True
1528,//kaggle/input/datasets/vtphatt2/genimage-glide/glide/imagenet_glide/train/nature/n03884397_23337.JPEG,real,0,nature,train,True
1529,//kaggle/input/datasets/vtphatt2/genimage-glide/glide/imagenet_glide/train/nature/n04584207_11208.JPEG,real,0,nature,train,True
1530,//kaggle/input/datasets/vtphatt2/genimage-glide/glide/imagenet_glide/train/nature/n02930766_5966.JPEG,real,0,nature,train,True
1531,//kaggle/input/datasets/vtphatt2/genimage-glide/glide/imagenet_glide/val/nature/ILSVRC2012_val_00019580.JPEG,real,0,nature,train,True
1532,//kaggle/input/datasets/vtphatt2/genimage-glide/glide/imagenet_glide/train/nature/n02100735_11828.JPEG,real,0,nature,train,True
1533,//kaggle/input/datasets/vtphatt2/genimage-glide/glide/imagenet_glide/train/nature/n03976657_22155.JPEG,real,0,nature,train,True
1534,//kaggle/input/datasets/vtphatt2/genimage-glide/glide/imagenet_glide/train/nature/n02066245_384.JPEG,real,0,nature,train,True
1535,//kaggle/input/datasets/vtphatt2/genimage-glide/glide/imagenet_glide/train/nature/n02089867_7861.JPEG,real,0,nature,train,True
1536,//kaggle/input/datasets/vtphatt2/genimage-glide/glide/imagenet_glide/train/nature/n01687978_746.JPEG,real,0,nature,train,True
1537,//kaggle/input/datasets/vtphatt2/genimage-glide/glide/imagenet_glide/train/nature/n04599235_12390.JPEG,real,0,nature,train,True
1538,//kaggle/input/datasets/vtphatt2/genimage-glide/glide/imagenet_glide/train/nature/n02095889_1718.JPEG,real,0,nature,train,True
1539,//kaggle/input/datasets/vtphatt2/genimage-glide/glide/imagenet_glide/train/nature/n02089973_7275.JPEG,real,0,nature,train,True
1540,//kaggle/input/datasets/vtphatt2/genimage-glide/glide/imagenet_glide/train/nature/n02965783_3144.JPEG,real,0,nature,train,True
1541,//kaggle/input/datasets/vtphatt2/genimage-glide/glide/imagenet_glide/train/nature/n02422106_916.JPEG,real,0,nature,train,True
1542,//kaggle/input/datasets/vtphatt2/genimage-glide/glide/imagenet_glide/train/nature/n02113978_5641.JPEG,real,0,nature,train,True
1543,//kaggle/input/datasets/vtphatt2/genimage-glide/glide/imagenet_glide/train/nature/n02480855_17910.JPEG,real,0,nature,train,True
1544,//kaggle/input/datasets/vtphatt2/genimage-glide/glide/imagenet_glide/train/nature/n02398521_20962.JPEG,real,0,nature,train,True
1545,//kaggle/input/datasets/vtphatt2/genimage-glide/glide/imagenet_glide/train/nature/n02676566_6732.JPEG,real,0,nature,train,True
1546,//kaggle/input/datasets/vtphatt2/genimage-glide/glide/imagenet_glide/train/nature/n03777568_16184.JPEG,real,0,nature,train,True
1547,//kaggle/input/datasets/vtphatt2/genimage-glide/glide/imagenet_glide/train/nature/n01980166_2805.JPEG,real,0,nature,train,True
1548,//kaggle/input/datasets/vtphatt2/genimage-glide/glide/imagenet_glide/train/nature/n03417042_1658.JPEG,real,0,nature,train,True
1549,//kaggle/input/datasets/vtphatt2/genimage-glide/glide/imagenet_glide/train/nature/n02096177_2615.JPEG,real,0,nature,train,True
1550,//kaggle/input/datasets/vtphatt2/genimage-glide/glide/imagenet_glide/train/nature/n03424325_2770.JPEG,real,0,nature,train,True
1551,//kaggle/input/datasets/vtphatt2/genimage-glide/glide/imagenet_glide/train/nature/n04152593_73469.JPEG,real,0,nature,train,True
1552,//kaggle/input/datasets/vtphatt2/genimage-glide/glide/imagenet_glide/train/nature/n02422699_7252.JPEG,real,0,nature,train,True
1553,//kaggle/input/datasets/vtphatt2/genimage-glide/glide/imagenet_glide/train/nature/n01776313_39898.JPEG,real,0,nature,train,True
1554,//kaggle/input/datasets/vtphatt2/genimage-glide/glide/imagenet_glide/train/nature/n15075141_46093.JPEG,real,0,nature,train,True
1555,//kaggle/input/datasets/vtphatt2/genimage-glide/glide/imagenet_glide/train/nature/n02701002_19463.JPEG,real,0,nature,train,True
1556,//kaggle/input/datasets/vtphatt2/genimage-glide/glide/imagenet_glide/train/nature/n02965783_2365.JPEG,real,0,nature,train,True
1557,//kaggle/input/datasets/vtphatt2/genimage-glide/glide/imagenet_glide/train/nature/n01484850_9053.JPEG,real,0,nature,train,True
1558,//kaggle/input/datasets/vtphatt2/genimage-glide/glide/imagenet_glide/val/nature/ILSVRC2012_val_00046329.JPEG,real,0,nature,train,True
1559,//kaggle/input/datasets/vtphatt2/genimage-glide/glide/imagenet_glide/train/nature/n02971356_3727.JPEG,real,0,nature,train,True
1560,//kaggle/input/datasets/vtphatt2/genimage-glide/glide/imagenet_glide/train/nature/n04041544_42749.JPEG,real,0,nature,train,True
1561,//kaggle/input/datasets/vtphatt2/genimage-glide/glide/imagenet_glide/train/nature/n01820546_11998.JPEG,real,0,nature,train,True
1562,//kaggle/input/datasets/vtphatt2/genimage-glide/glide/imagenet_glide/train/nature/n02504013_5996.JPEG,real,0,nature,train,True
1563,//kaggle/input/datasets/vtphatt2/genimage-glide/glide/imagenet_glide/train/nature/n01667114_2598.JPEG,real,0,nature,train,True
1564,//kaggle/input/datasets/vtphatt2/genimage-glide/glide/imagenet_glide/train/nature/n03929855_4137.JPEG,real,0,nature,train,True
1565,//kaggle/input/datasets/vtphatt2/genimage-glide/glide/imagenet_glide/train/nature/n04371430_13726.JPEG,real,0,nature,train,True
1566,//kaggle/input/datasets/vtphatt2/genimage-glide/glide/imagenet_glide/train/nature/n02412080_13675.JPEG,real,0,nature,train,True
1567,//kaggle/input/datasets/vtphatt2/genimage-glide/glide/imagenet_glide/train/nature/n02100877_8177.JPEG,real,0,nature,train,True
1568,//kaggle/input/datasets/vtphatt2/genimage-glide/glide/imagenet_glide/train/nature/n01729977_1048.JPEG,real,0,nature,train,True
1569,//kaggle/input/datasets/vtphatt2/genimage-glide/glide/imagenet_glide/train/nature/n04370456_2130.JPEG,real,0,nature,train,True
1570,//kaggle/input/datasets/vtphatt2/genimage-glide/glide/imagenet_glide/train/nature/n09246464_4177.JPEG,real,0,nature,train,True
1571,//kaggle/input/datasets/vtphatt2/genimage-glide/glide/imagenet_glide/train/nature/n02119789_13201.JPEG,real,0,nature,train,True
1572,//kaggle/input/datasets/vtphatt2/genimage-glide/glide/imagenet_glide/train/nature/n02860847_4559.JPEG,real,0,nature,train,True
1573,//kaggle/input/datasets/vtphatt2/genimage-glide/glide/imagenet_glide/train/nature/n04336792_11641.JPEG,real,0,nature,train,True
1574,//kaggle/input/datasets/vtphatt2/genimage-glide/glide/imagenet_glide/train/nature/n02799071_6925.JPEG,real,0,nature,train,True
1575,//kaggle/input/datasets/vtphatt2/genimage-glide/glide/imagenet_glide/train/nature/n02892201_20190.JPEG,real,0,nature,train,True
1576,//kaggle/input/datasets/vtphatt2/genimage-glide/glide/imagenet_glide/train/nature/n04443257_602.JPEG,real,0,nature,train,True
1577,//kaggle/input/datasets/vtphatt2/genimage-glide/glide/imagenet_glide/train/nature/n03874599_5552.JPEG,real,0,nature,train,True
1578,//kaggle/input/datasets/vtphatt2/genimage-glide/glide/imagenet_glide/train/nature/n04019541_35902.JPEG,real,0,nature,train,True
1579,//kaggle/input/datasets/vtphatt2/genimage-glide/glide/imagenet_glide/val/nature/ILSVRC2012_val_00013825.JPEG,real,0,nature,train,True
1580,//kaggle/input/datasets/vtphatt2/genimage-glide/glide/imagenet_glide/train/nature/n04366367_9898.JPEG,real,0,nature,train,True
1581,//kaggle/input/datasets/vtphatt2/genimage-glide/glide/imagenet_glide/train/nature/n02101388_12111.JPEG,real,0,nature,train,True
1582,//kaggle/input/datasets/vtphatt2/genimage-glide/glide/imagenet_glide/train/nature/n03782006_7852.JPEG,real,0,nature,train,True
1583,//kaggle/input/datasets/vtphatt2/genimage-glide/glide/imagenet_glide/train/nature/n03769881_4405.JPEG,real,0,nature,train,True
1584,//kaggle/input/datasets/vtphatt2/genimage-glide/glide/imagenet_glide/train/nature/n01924916_8764.JPEG,real,0,nature,train,True
1585,//kaggle/input/datasets/vtphatt2/genimage-glide/glide/imagenet_glide/train/nature/n01807496_13962.JPEG,real,0,nature,train,True
1586,//kaggle/input/datasets/vtphatt2/genimage-glide/glide/imagenet_glide/train/nature/n04120489_18200.JPEG,real,0,nature,train,True
1587,//kaggle/input/datasets/vtphatt2/genimage-glide/glide/imagenet_glide/train/nature/n02979186_14440.JPEG,real,0,nature,train,True
1588,//kaggle/input/datasets/vtphatt2/genimage-glide/glide/imagenet_glide/val/nature/ILSVRC2012_val_00023913.JPEG,real,0,nature,train,True
1589,//kaggle/input/datasets/vtphatt2/genimage-glide/glide/imagenet_glide/train/nature/n02089973_2500.JPEG,real,0,nature,train,True
1590,//kaggle/input/datasets/vtphatt2/genimage-glide/glide/imagenet_glide/train/nature/n03841143_16544.JPEG,real,0,nature,train,True
1591,//kaggle/input/datasets/vtphatt2/genimage-glide/glide/imagenet_glide/train/nature/n04209239_8241.JPEG,real,0,nature,train,True
1592,//kaggle/input/datasets/vtphatt2/genimage-glide/glide/imagenet_glide/train/nature/n01580077_5892.JPEG,real,0,nature,train,True
1593,//kaggle/input/datasets/vtphatt2/genimage-glide/glide/imagenet_glide/train/nature/n01930112_10774.JPEG,real,0,nature,train,True
1594,//kaggle/input/datasets/vtphatt2/genimage-glide/glide/imagenet_glide/train/nature/n02279972_16382.JPEG,real,0,nature,train,True
1595,//kaggle/input/datasets/vtphatt2/genimage-glide/glide/imagenet_glide/train/nature/n02894605_88787.JPEG,real,0,nature,train,True
1596,//kaggle/input/datasets/vtphatt2/genimage-glide/glide/imagenet_glide/train/nature/n02120079_15694.JPEG,real,0,nature,train,True
1597,//kaggle/input/datasets/vtphatt2/genimage-glide/glide/imagenet_glide/train/nature/n01773549_5627.JPEG,real,0,nature,train,True
1598,//kaggle/input/datasets/vtphatt2/genimage-glide/glide/imagenet_glide/train/nature/n02493509_15830.JPEG,real,0,nature,train,True
1599,//kaggle/input/datasets/vtphatt2/genimage-glide/glide/imagenet_glide/train/nature/n03000134_2448.JPEG,real,0,nature,train,True
1600,//kaggle/input/datasets/vtphatt2/genimage-glide/glide/imagenet_glide/train/nature/n02111500_5659.JPEG,real,0,nature,train,True
1601,//kaggle/input/datasets/vtphatt2/genimage-glide/glide/imagenet_glide/train/nature/n06794110_3581.JPEG,real,0,nature,train,True
1602,//kaggle/input/datasets/vtphatt2/genimage-glide/glide/imagenet_glide/val/nature/ILSVRC2012_val_00035064.JPEG,real,0,nature,train,True
1603,//kaggle/input/datasets/vtphatt2/genimage-glide/glide/imagenet_glide/train/nature/n04238763_11184.JPEG,real,0,nature,train,True
1604,//kaggle/input/datasets/vtphatt2/genimage-glide/glide/imagenet_glide/train/nature/n02089867_6031.JPEG,real,0,nature,train,True
1605,//kaggle/input/datasets/vtphatt2/genimage-glide/glide/imagenet_glide/train/nature/n03000684_35884.JPEG,real,0,nature,train,True
1606,//kaggle/input/datasets/vtphatt2/genimage-glide/glide/imagenet_glide/train/nature/n04266014_9759.JPEG,real,0,nature,train,True
1607,//kaggle/input/datasets/vtphatt2/genimage-glide/glide/imagenet_glide/train/nature/n07754684_18622.JPEG,real,0,nature,train,True
1608,//kaggle/input/datasets/vtphatt2/genimage-glide/glide/imagenet_glide/train/nature/n02107683_4520.JPEG,real,0,nature,train,True
1609,//kaggle/input/datasets/vtphatt2/genimage-glide/glide/imagenet_glide/train/nature/n03085013_17584.JPEG,real,0,nature,train,True
1610,//kaggle/input/datasets/vtphatt2/genimage-glide/glide/imagenet_glide/train/nature/n01496331_28152.JPEG,real,0,nature,train,True
1611,//kaggle/input/datasets/vtphatt2/genimage-glide/glide/imagenet_glide/train/nature/n02113799_993.JPEG,real,0,nature,train,True
1612,//kaggle/input/datasets/vtphatt2/genimage-glide/glide/imagenet_glide/train/nature/n02097298_12297.JPEG,real,0,nature,train,True
1613,//kaggle/input/datasets/vtphatt2/genimage-glide/glide/imagenet_glide/train/nature/n02066245_16280.JPEG,real,0,nature,train,True
1614,//kaggle/input/datasets/vtphatt2/genimage-glide/glide/imagenet_glide/train/nature/n03127925_8410.JPEG,real,0,nature,train,True
1615,//kaggle/input/datasets/vtphatt2/genimage-glide/glide/imagenet_glide/train/nature/n04389033_9493.JPEG,real,0,nature,train,True
1616,//kaggle/input/datasets/vtphatt2/genimage-glide/glide/imagenet_glide/train/nature/n03661043_7060.JPEG,real,0,nature,train,True
1617,//kaggle/input/datasets/vtphatt2/genimage-glide/glide/imagenet_glide/train/nature/n02086240_6501.JPEG,real,0,nature,train,True
1618,//kaggle/input/datasets/vtphatt2/genimage-glide/glide/imagenet_glide/train/nature/n04273569_51.JPEG,real,0,nature,train,True
1619,//kaggle/input/datasets/vtphatt2/genimage-glide/glide/imagenet_glide/train/nature/n03792972_4514.JPEG,real,0,nature,train,True
1620,//kaggle/input/datasets/vtphatt2/genimage-glide/glide/imagenet_glide/train/nature/n07579787_1228.JPEG,real,0,nature,train,True
1621,//kaggle/input/datasets/vtphatt2/genimage-glide/glide/imagenet_glide/train/nature/n04550184_41204.JPEG,real,0,nature,train,True
1622,//kaggle/input/datasets/vtphatt2/genimage-glide/glide/imagenet_glide/val/nature/ILSVRC2012_val_00010876.JPEG,real,0,nature,train,True
1623,//kaggle/input/datasets/vtphatt2/genimage-glide/glide/imagenet_glide/train/nature/n02113978_8941.JPEG,real,0,nature,train,True
1624,//kaggle/input/datasets/vtphatt2/genimage-glide/glide/imagenet_glide/train/nature/n03196217_3039.JPEG,real,0,nature,train,True
1625,//kaggle/input/datasets/vtphatt2/genimage-glide/glide/imagenet_glide/train/nature/n04146614_7292.JPEG,real,0,nature,train,True
1626,//kaggle/input/datasets/vtphatt2/genimage-glide/glide/imagenet_glide/train/nature/n03733805_8771.JPEG,real,0,nature,train,True
1627,//kaggle/input/datasets/vtphatt2/genimage-glide/glide/imagenet_glide/train/nature/n01981276_20808.JPEG,real,0,nature,train,True
1628,//kaggle/input/datasets/vtphatt2/genimage-glide/glide/imagenet_glide/train/nature/n03929660_13910.JPEG,real,0,nature,train,True
1629,//kaggle/input/datasets/vtphatt2/genimage-glide/glide/imagenet_glide/train/nature/n01675722_306.JPEG,real,0,nature,train,True
1630,//kaggle/input/datasets/vtphatt2/genimage-glide/glide/imagenet_glide/train/nature/n07831146_4130.JPEG,real,0,nature,train,True
1631,//kaggle/input/datasets/vtphatt2/genimage-glide/glide/imagenet_glide/train/nature/n03888257_12094.JPEG,real,0,nature,train,True
1632,//kaggle/input/datasets/vtphatt2/genimage-glide/glide/imagenet_glide/train/nature/n02497673_7463.JPEG,real,0,nature,train,True
1633,//kaggle/input/datasets/vtphatt2/genimage-glide/glide/imagenet_glide/train/nature/n02841315_37373.JPEG,real,0,nature,train,True
1634,//kaggle/input/datasets/vtphatt2/genimage-glide/glide/imagenet_glide/val/nature/ILSVRC2012_val_00045799.JPEG,real,0,nature,train,True
1635,//kaggle/input/datasets/vtphatt2/genimage-glide/glide/imagenet_glide/train/nature/n12057211_4034.JPEG,real,0,nature,train,True
1636,//kaggle/input/datasets/vtphatt2/genimage-glide/glide/imagenet_glide/train/nature/n03337140_29691.JPEG,real,0,nature,train,True
1637,//kaggle/input/datasets/vtphatt2/genimage-glide/glide/imagenet_glide/train/nature/n09193705_357.JPEG,real,0,nature,train,True
1638,//kaggle/input/datasets/vtphatt2/genimage-glide/glide/imagenet_glide/train/nature/n01695060_3851.JPEG,real,0,nature,train,True
1639,//kaggle/input/datasets/vtphatt2/genimage-glide/glide/imagenet_glide/train/nature/n04162706_14340.JPEG,real,0,nature,train,True
1640,//kaggle/input/datasets/vtphatt2/genimage-glide/glide/imagenet_glide/train/nature/n04398044_10559.JPEG,real,0,nature,train,True
1641,//kaggle/input/datasets/vtphatt2/genimage-glide/glide/imagenet_glide/train/nature/n04265275_3048.JPEG,real,0,nature,train,True
1642,//kaggle/input/datasets/vtphatt2/genimage-glide/glide/imagenet_glide/train/nature/n02104029_7909.JPEG,real,0,nature,train,True
1643,//kaggle/input/datasets/vtphatt2/genimage-glide/glide/imagenet_glide/train/nature/n03908618_14932.JPEG,real,0,nature,train,True
1644,//kaggle/input/datasets/vtphatt2/genimage-glide/glide/imagenet_glide/train/nature/n02087046_11216.JPEG,real,0,nature,train,True
1645,//kaggle/input/datasets/vtphatt2/genimage-glide/glide/imagenet_glide/train/nature/n04162706_5361.JPEG,real,0,nature,train,True
1646,//kaggle/input/datasets/vtphatt2/genimage-glide/glide/imagenet_glide/train/nature/n04285008_579.JPEG,real,0,nature,train,True
1647,//kaggle/input/datasets/vtphatt2/genimage-glide/glide/imagenet_glide/train/nature/n02256656_13041.JPEG,real,0,nature,train,True
1648,//kaggle/input/datasets/vtphatt2/genimage-glide/glide/imagenet_glide/train/nature/n07734744_1620.JPEG,real,0,nature,train,True
1649,//kaggle/input/datasets/vtphatt2/genimage-glide/glide/imagenet_glide/train/nature/n12998815_9344.JPEG,real,0,nature,train,True
1650,//kaggle/input/datasets/vtphatt2/genimage-glide/glide/imagenet_glide/train/nature/n02125311_46797.JPEG,real,0,nature,train,True
1651,//kaggle/input/datasets/vtphatt2/genimage-glide/glide/imagenet_glide/train/nature/n04273569_21577.JPEG,real,0,nature,train,True
1652,//kaggle/input/datasets/vtphatt2/genimage-glide/glide/imagenet_glide/train/nature/n04330267_6354.JPEG,real,0,nature,train,True
1653,//kaggle/input/datasets/vtphatt2/genimage-glide/glide/imagenet_glide/train/nature/n04465501_2111.JPEG,real,0,nature,train,True
1654,//kaggle/input/datasets/vtphatt2/genimage-glide/glide/imagenet_glide/train/nature/n04612504_3790.JPEG,real,0,nature,train,True
1655,//kaggle/input/datasets/vtphatt2/genimage-glide/glide/imagenet_glide/train/nature/n01644373_1776.JPEG,real,0,nature,train,True
1656,//kaggle/input/datasets/vtphatt2/genimage-glide/glide/imagenet_glide/train/nature/n02100583_1327.JPEG,real,0,nature,train,True
1657,//kaggle/input/datasets/vtphatt2/genimage-glide/glide/imagenet_glide/train/nature/n02110341_2034.JPEG,real,0,nature,train,True
1658,//kaggle/input/datasets/vtphatt2/genimage-glide/glide/imagenet_glide/train/nature/n04235860_296.JPEG,real,0,nature,train,True
1659,//kaggle/input/datasets/vtphatt2/genimage-glide/glide/imagenet_glide/train/nature/n02319095_3702.JPEG,real,0,nature,train,True
1660,//kaggle/input/datasets/vtphatt2/genimage-glide/glide/imagenet_glide/train/nature/n04550184_61247.JPEG,real,0,nature,train,True
1661,//kaggle/input/datasets/vtphatt2/genimage-glide/glide/imagenet_glide/train/nature/n04606251_2062.JPEG,real,0,nature,train,True
1662,//kaggle/input/datasets/vtphatt2/genimage-glide/glide/imagenet_glide/train/nature/n03710721_1893.JPEG,real,0,nature,train,True
1663,//kaggle/input/datasets/vtphatt2/genimage-glide/glide/imagenet_glide/train/nature/n03445777_6574.JPEG,real,0,nature,train,True
1664,//kaggle/input/datasets/vtphatt2/genimage-glide/glide/imagenet_glide/train/nature/n03109150_721.JPEG,real,0,nature,train,True
1665,//kaggle/input/datasets/vtphatt2/genimage-glide/glide/imagenet_glide/train/nature/n03888605_30733.JPEG,real,0,nature,train,True
1666,//kaggle/input/datasets/vtphatt2/genimage-glide/glide/imagenet_glide/train/nature/n01748264_249.JPEG,real,0,nature,train,True
1667,//kaggle/input/datasets/vtphatt2/genimage-glide/glide/imagenet_glide/train/nature/n03160309_26667.JPEG,real,0,nature,train,True
1668,//kaggle/input/datasets/vtphatt2/genimage-glide/glide/imagenet_glide/train/nature/n03495258_14027.JPEG,real,0,nature,train,True
1669,//kaggle/input/datasets/vtphatt2/genimage-glide/glide/imagenet_glide/train/nature/n02981792_12278.JPEG,real,0,nature,train,True
1670,//kaggle/input/datasets/vtphatt2/genimage-glide/glide/imagenet_glide/train/nature/n04522168_33902.JPEG,real,0,nature,train,True
1671,//kaggle/input/datasets/vtphatt2/genimage-glide/glide/imagenet_glide/train/nature/n02927161_6604.JPEG,real,0,nature,train,True
1672,//kaggle/input/datasets/vtphatt2/genimage-glide/glide/imagenet_glide/train/nature/n02138441_7223.JPEG,real,0,nature,train,True
1673,//kaggle/input/datasets/vtphatt2/genimage-glide/glide/imagenet_glide/train/nature/n03372029_12720.JPEG,real,0,nature,train,True
1674,//kaggle/input/datasets/vtphatt2/genimage-glide/glide/imagenet_glide/train/nature/n02108551_4031.JPEG,real,0,nature,train,True
1675,//kaggle/input/datasets/vtphatt2/genimage-glide/glide/imagenet_glide/train/nature/n04553703_7276.JPEG,real,0,nature,train,True
1676,//kaggle/input/datasets/vtphatt2/genimage-glide/glide/imagenet_glide/train/nature/n02110341_4733.JPEG,real,0,nature,train,True
1677,//kaggle/input/datasets/vtphatt2/genimage-glide/glide/imagenet_glide/train/nature/n04486054_1104.JPEG,real,0,nature,train,True
1678,//kaggle/input/datasets/vtphatt2/genimage-glide/glide/imagenet_glide/train/nature/n02102480_3660.JPEG,real,0,nature,train,True
1679,//kaggle/input/datasets/vtphatt2/genimage-glide/glide/imagenet_glide/train/nature/n09246464_6099.JPEG,real,0,nature,train,True
1680,//kaggle/input/datasets/vtphatt2/genimage-glide/glide/imagenet_glide/train/nature/n04553703_3112.JPEG,real,0,nature,train,True
1681,//kaggle/input/datasets/vtphatt2/genimage-glide/glide/imagenet_glide/train/nature/n04330267_7997.JPEG,real,0,nature,train,True
1682,//kaggle/input/datasets/vtphatt2/genimage-glide/glide/imagenet_glide/train/nature/n03337140_14761.JPEG,real,0,nature,train,True
1683,//kaggle/input/datasets/vtphatt2/genimage-glide/glide/imagenet_glide/train/nature/n01704323_875.JPEG,real,0,nature,train,True
1684,//kaggle/input/datasets/vtphatt2/genimage-glide/glide/imagenet_glide/train/nature/n03814906_32714.JPEG,real,0,nature,train,True
1685,//kaggle/input/datasets/vtphatt2/genimage-glide/glide/imagenet_glide/train/nature/n02130308_3359.JPEG,real,0,nature,train,True
1686,//kaggle/input/datasets/vtphatt2/genimage-glide/glide/imagenet_glide/train/nature/n03787032_5189.JPEG,real,0,nature,train,True
1687,//kaggle/input/datasets/vtphatt2/genimage-glide/glide/imagenet_glide/train/nature/n02231487_1858.JPEG,real,0,nature,train,True
1688,//kaggle/input/datasets/vtphatt2/genimage-glide/glide/imagenet_glide/train/nature/n04347754_63293.JPEG,real,0,nature,train,True
1689,//kaggle/input/datasets/vtphatt2/genimage-glide/glide/imagenet_glide/train/nature/n01986214_22894.JPEG,real,0,nature,train,True
1690,//kaggle/input/datasets/vtphatt2/genimage-glide/glide/imagenet_glide/train/nature/n02447366_10478.JPEG,real,0,nature,train,True
1691,//kaggle/input/datasets/vtphatt2/genimage-glide/glide/imagenet_glide/val/nature/ILSVRC2012_val_00005164.JPEG,real,0,nature,train,True
1692,//kaggle/input/datasets/vtphatt2/genimage-glide/glide/imagenet_glide/train/nature/n04252225_14926.JPEG,real,0,nature,train,True
1693,//kaggle/input/datasets/vtphatt2/genimage-glide/glide/imagenet_glide/train/nature/n04522168_12495.JPEG,real,0,nature,train,True
1694,//kaggle/input/datasets/vtphatt2/genimage-glide/glide/imagenet_glide/train/nature/n02033041_6317.JPEG,real,0,nature,train,True
1695,//kaggle/input/datasets/vtphatt2/genimage-glide/glide/imagenet_glide/train/nature/n02843684_5498.JPEG,real,0,nature,train,True
1696,//kaggle/input/datasets/vtphatt2/genimage-glide/glide/imagenet_glide/train/nature/n02107312_4185.JPEG,real,0,nature,train,True
1697,//kaggle/input/datasets/vtphatt2/genimage-glide/glide/imagenet_glide/train/nature/n01795545_15089.JPEG,real,0,nature,train,True
1698,//kaggle/input/datasets/vtphatt2/genimage-glide/glide/imagenet_glide/train/nature/n04259630_782.JPEG,real,0,nature,train,True
1699,//kaggle/input/datasets/vtphatt2/genimage-glide/glide/imagenet_glide/train/nature/n02690373_6138.JPEG,real,0,nature,train,True
1700,//kaggle/input/datasets/vtphatt2/genimage-glide/glide/imagenet_glide/train/nature/n12768682_15639.JPEG,real,0,nature,train,True
1701,//kaggle/input/datasets/vtphatt2/genimage-glide/glide/imagenet_glide/train/nature/n02100583_2712.JPEG,real,0,nature,train,True
1702,//kaggle/input/datasets/vtphatt2/genimage-glide/glide/imagenet_glide/train/nature/n02667093_924.JPEG,real,0,nature,train,True
1703,//kaggle/input/datasets/vtphatt2/genimage-glide/glide/imagenet_glide/train/nature/n02641379_35358.JPEG,real,0,nature,train,True
1704,//kaggle/input/datasets/vtphatt2/genimage-glide/glide/imagenet_glide/train/nature/n04152593_8282.JPEG,real,0,nature,train,True
1705,//kaggle/input/datasets/vtphatt2/genimage-glide/glide/imagenet_glide/train/nature/n02966193_11375.JPEG,real,0,nature,train,True
1706,//kaggle/input/datasets/vtphatt2/genimage-glide/glide/imagenet_glide/train/nature/n04507155_14860.JPEG,real,0,nature,train,True
1707,//kaggle/input/datasets/vtphatt2/genimage-glide/glide/imagenet_glide/val/nature/ILSVRC2012_val_00040378.JPEG,real,0,nature,train,True
1708,//kaggle/input/datasets/vtphatt2/genimage-glide/glide/imagenet_glide/train/nature/n02106166_5630.JPEG,real,0,nature,train,True
1709,//kaggle/input/datasets/vtphatt2/genimage-glide/glide/imagenet_glide/train/nature/n02865351_26802.JPEG,real,0,nature,train,True
1710,//kaggle/input/datasets/vtphatt2/genimage-glide/glide/imagenet_glide/train/nature/n02114712_9063.JPEG,real,0,nature,train,True
1711,//kaggle/input/datasets/vtphatt2/genimage-glide/glide/imagenet_glide/train/nature/n01756291_12511.JPEG,real,0,nature,train,True
1712,//kaggle/input/datasets/vtphatt2/genimage-glide/glide/imagenet_glide/train/nature/n02112706_4314.JPEG,real,0,nature,train,True
1713,//kaggle/input/datasets/vtphatt2/genimage-glide/glide/imagenet_glide/train/nature/n02488702_5685.JPEG,real,0,nature,train,True
1714,//kaggle/input/datasets/vtphatt2/genimage-glide/glide/imagenet_glide/train/nature/n03775071_14494.JPEG,real,0,nature,train,True
1715,//kaggle/input/datasets/vtphatt2/genimage-glide/glide/imagenet_glide/train/nature/n02988304_4029.JPEG,real,0,nature,train,True
1716,//kaggle/input/datasets/vtphatt2/genimage-glide/glide/imagenet_glide/train/nature/n02112706_1688.JPEG,real,0,nature,train,True
1717,//kaggle/input/datasets/vtphatt2/genimage-glide/glide/imagenet_glide/train/nature/n02281406_9631.JPEG,real,0,nature,train,True
1718,//kaggle/input/datasets/vtphatt2/genimage-glide/glide/imagenet_glide/train/nature/n01582220_6720.JPEG,real,0,nature,train,True
1719,//kaggle/input/datasets/vtphatt2/genimage-glide/glide/imagenet_glide/train/nature/n01860187_26959.JPEG,real,0,nature,train,True
1720,//kaggle/input/datasets/vtphatt2/genimage-glide/glide/imagenet_glide/train/nature/n02412080_6074.JPEG,real,0,nature,train,True
1721,//kaggle/input/datasets/vtphatt2/genimage-glide/glide/imagenet_glide/val/nature/ILSVRC2012_val_00033353.JPEG,real,0,nature,train,True
1722,//kaggle/input/datasets/vtphatt2/genimage-glide/glide/imagenet_glide/train/nature/n03781244_53605.JPEG,real,0,nature,train,True
1723,//kaggle/input/datasets/vtphatt2/genimage-glide/glide/imagenet_glide/train/nature/n01795545_4800.JPEG,real,0,nature,train,True
1724,//kaggle/input/datasets/vtphatt2/genimage-glide/glide/imagenet_glide/train/nature/n04019541_26303.JPEG,real,0,nature,train,True
1725,//kaggle/input/datasets/vtphatt2/genimage-glide/glide/imagenet_glide/train/nature/n04065272_3677.JPEG,real,0,nature,train,True
1726,//kaggle/input/datasets/vtphatt2/genimage-glide/glide/imagenet_glide/train/nature/n02835271_10764.JPEG,real,0,nature,train,True
1727,//kaggle/input/datasets/vtphatt2/genimage-glide/glide/imagenet_glide/train/nature/n03393912_4164.JPEG,real,0,nature,train,True
1728,//kaggle/input/datasets/vtphatt2/genimage-glide/glide/imagenet_glide/train/nature/n02835271_9690.JPEG,real,0,nature,train,True
1729,//kaggle/input/datasets/vtphatt2/genimage-glide/glide/imagenet_glide/train/nature/n04458633_3793.JPEG,real,0,nature,train,True
1730,//kaggle/input/datasets/vtphatt2/genimage-glide/glide/imagenet_glide/train/nature/n02834397_7833.JPEG,real,0,nature,train,True
1731,//kaggle/input/datasets/vtphatt2/genimage-glide/glide/imagenet_glide/train/nature/n03891332_2202.JPEG,real,0,nature,train,True
1732,//kaggle/input/datasets/vtphatt2/genimage-glide/glide/imagenet_glide/train/nature/n01616318_2558.JPEG,real,0,nature,train,True
1733,//kaggle/input/datasets/vtphatt2/genimage-glide/glide/imagenet_glide/train/nature/n01755581_11815.JPEG,real,0,nature,train,True
1734,//kaggle/input/datasets/vtphatt2/genimage-glide/glide/imagenet_glide/train/nature/n02094258_5219.JPEG,real,0,nature,train,True
1735,//kaggle/input/datasets/vtphatt2/genimage-glide/glide/imagenet_glide/train/nature/n01632458_5608.JPEG,real,0,nature,train,True
1736,//kaggle/input/datasets/vtphatt2/genimage-glide/glide/imagenet_glide/train/nature/n03041632_36789.JPEG,real,0,nature,train,True
1737,//kaggle/input/datasets/vtphatt2/genimage-glide/glide/imagenet_glide/train/nature/n01819313_8151.JPEG,real,0,nature,train,True
1738,//kaggle/input/datasets/vtphatt2/genimage-glide/glide/imagenet_glide/train/nature/n03729826_10754.JPEG,real,0,nature,train,True
1739,//kaggle/input/datasets/vtphatt2/genimage-glide/glide/imagenet_glide/train/nature/n03888257_38723.JPEG,real,0,nature,train,True
1740,//kaggle/input/datasets/vtphatt2/genimage-glide/glide/imagenet_glide/train/nature/n07802026_2122.JPEG,real,0,nature,train,True
1741,//kaggle/input/datasets/vtphatt2/genimage-glide/glide/imagenet_glide/train/nature/n02088094_2723.JPEG,real,0,nature,train,True
1742,//kaggle/input/datasets/vtphatt2/genimage-glide/glide/imagenet_glide/train/nature/n04263257_6230.JPEG,real,0,nature,train,True
1743,//kaggle/input/datasets/vtphatt2/genimage-glide/glide/imagenet_glide/train/nature/n02088632_5483.JPEG,real,0,nature,train,True
1744,//kaggle/input/datasets/vtphatt2/genimage-glide/glide/imagenet_glide/train/nature/n03447721_40931.JPEG,real,0,nature,train,True
1745,//kaggle/input/datasets/vtphatt2/genimage-glide/glide/imagenet_glide/train/nature/n02526121_2461.JPEG,real,0,nature,train,True
1746,//kaggle/input/datasets/vtphatt2/genimage-glide/glide/imagenet_glide/train/nature/n02018207_8876.JPEG,real,0,nature,train,True
1747,//kaggle/input/datasets/vtphatt2/genimage-glide/glide/imagenet_glide/train/nature/n01608432_35566.JPEG,real,0,nature,train,True
1748,//kaggle/input/datasets/vtphatt2/genimage-glide/glide/imagenet_glide/train/nature/n01990800_11343.JPEG,real,0,nature,train,True
1749,//kaggle/input/datasets/vtphatt2/genimage-glide/glide/imagenet_glide/train/nature/n13054560_2997.JPEG,real,0,nature,train,True
1750,//kaggle/input/datasets/vtphatt2/genimage-glide/glide/imagenet_glide/train/nature/n02788148_26675.JPEG,real,0,nature,train,True
1751,//kaggle/input/datasets/vtphatt2/genimage-glide/glide/imagenet_glide/train/nature/n03976657_13460.JPEG,real,0,nature,train,True
1752,//kaggle/input/datasets/vtphatt2/genimage-glide/glide/imagenet_glide/train/nature/n02493793_23015.JPEG,real,0,nature,train,True
1753,//kaggle/input/datasets/vtphatt2/genimage-glide/glide/imagenet_glide/train/nature/n03781244_123976.JPEG,real,0,nature,train,True
1754,//kaggle/input/datasets/vtphatt2/genimage-glide/glide/imagenet_glide/train/nature/n02487347_25777.JPEG,real,0,nature,train,True
1755,//kaggle/input/datasets/vtphatt2/genimage-glide/glide/imagenet_glide/train/nature/n04286575_3132.JPEG,real,0,nature,train,True
1756,//kaggle/input/datasets/vtphatt2/genimage-glide/glide/imagenet_glide/train/nature/n03201208_11853.JPEG,real,0,nature,train,True
1757,//kaggle/input/datasets/vtphatt2/genimage-glide/glide/imagenet_glide/val/nature/ILSVRC2012_val_00049587.JPEG,real,0,nature,train,True
1758,//kaggle/input/datasets/vtphatt2/genimage-glide/glide/imagenet_glide/train/nature/n01990800_11871.JPEG,real,0,nature,train,True
1759,//kaggle/input/datasets/vtphatt2/genimage-glide/glide/imagenet_glide/train/nature/n02009229_491.JPEG,real,0,nature,train,True
1760,//kaggle/input/datasets/vtphatt2/genimage-glide/glide/imagenet_glide/train/nature/n02088094_773.JPEG,real,0,nature,train,True
1761,//kaggle/input/datasets/vtphatt2/genimage-glide/glide/imagenet_glide/train/nature/n04332243_25793.JPEG,real,0,nature,train,True
1762,//kaggle/input/datasets/vtphatt2/genimage-glide/glide/imagenet_glide/train/nature/n01664065_25071.JPEG,real,0,nature,train,True
1763,//kaggle/input/datasets/vtphatt2/genimage-glide/glide/imagenet_glide/train/nature/n04483307_10897.JPEG,real,0,nature,train,True
1764,//kaggle/input/datasets/vtphatt2/genimage-glide/glide/imagenet_glide/train/nature/n03888605_3669.JPEG,real,0,nature,train,True
1765,//kaggle/input/datasets/vtphatt2/genimage-glide/glide/imagenet_glide/train/nature/n03207941_8652.JPEG,real,0,nature,train,True
1766,//kaggle/input/datasets/vtphatt2/genimage-glide/glide/imagenet_glide/train/nature/n01742172_1236.JPEG,real,0,nature,train,True
1767,//kaggle/input/datasets/vtphatt2/genimage-glide/glide/imagenet_glide/train/nature/n02125311_34035.JPEG,real,0,nature,train,True
1768,//kaggle/input/datasets/vtphatt2/genimage-glide/glide/imagenet_glide/train/nature/n09256479_9572.JPEG,real,0,nature,train,True
1769,//kaggle/input/datasets/vtphatt2/genimage-glide/glide/imagenet_glide/train/nature/n04277352_268.JPEG,real,0,nature,train,True
1770,//kaggle/input/datasets/vtphatt2/genimage-glide/glide/imagenet_glide/train/nature/n10148035_29117.JPEG,real,0,nature,train,True
1771,//kaggle/input/datasets/vtphatt2/genimage-glide/glide/imagenet_glide/train/nature/n02089078_217.JPEG,real,0,nature,train,True
1772,//kaggle/input/datasets/vtphatt2/genimage-glide/glide/imagenet_glide/train/nature/n01689811_11641.JPEG,real,0,nature,train,True
1773,//kaggle/input/datasets/vtphatt2/genimage-glide/glide/imagenet_glide/val/nature/ILSVRC2012_val_00030975.JPEG,real,0,nature,train,True
1774,//kaggle/input/datasets/vtphatt2/genimage-glide/glide/imagenet_glide/train/nature/n04418357_14477.JPEG,real,0,nature,train,True
1775,//kaggle/input/datasets/vtphatt2/genimage-glide/glide/imagenet_glide/train/nature/n02112706_4092.JPEG,real,0,nature,train,True
1776,//kaggle/input/datasets/vtphatt2/genimage-glide/glide/imagenet_glide/train/nature/n04229816_343.JPEG,real,0,nature,train,True
1777,//kaggle/input/datasets/vtphatt2/genimage-glide/glide/imagenet_glide/train/nature/n04371430_5004.JPEG,real,0,nature,train,True
1778,//kaggle/input/datasets/vtphatt2/genimage-glide/glide/imagenet_glide/train/nature/n04235860_873.JPEG,real,0,nature,train,True
1779,//kaggle/input/datasets/vtphatt2/genimage-glide/glide/imagenet_glide/train/nature/n03871628_12631.JPEG,real,0,nature,train,True
1780,//kaggle/input/datasets/vtphatt2/genimage-glide/glide/imagenet_glide/train/nature/n04589890_330.JPEG,real,0,nature,train,True
1781,//kaggle/input/datasets/vtphatt2/genimage-glide/glide/imagenet_glide/train/nature/n03742115_21302.JPEG,real,0,nature,train,True
1782,//kaggle/input/datasets/vtphatt2/genimage-glide/glide/imagenet_glide/train/nature/n01829413_2285.JPEG,real,0,nature,train,True
1783,//kaggle/input/datasets/vtphatt2/genimage-glide/glide/imagenet_glide/train/nature/n03929855_3283.JPEG,real,0,nature,train,True
1784,//kaggle/input/datasets/vtphatt2/genimage-glide/glide/imagenet_glide/train/nature/n01682714_21515.JPEG,real,0,nature,train,True
1785,//kaggle/input/datasets/vtphatt2/genimage-glide/glide/imagenet_glide/train/nature/n01693334_8135.JPEG,real,0,nature,train,True
1786,//kaggle/input/datasets/vtphatt2/genimage-glide/glide/imagenet_glide/train/nature/n01824575_2241.JPEG,real,0,nature,train,True
1787,//kaggle/input/datasets/vtphatt2/genimage-glide/glide/imagenet_glide/train/nature/n01795545_6773.JPEG,real,0,nature,train,True
1788,//kaggle/input/datasets/vtphatt2/genimage-glide/glide/imagenet_glide/train/nature/n03658185_14047.JPEG,real,0,nature,train,True
1789,//kaggle/input/datasets/vtphatt2/genimage-glide/glide/imagenet_glide/train/nature/n03854065_26174.JPEG,real,0,nature,train,True
1790,//kaggle/input/datasets/vtphatt2/genimage-glide/glide/imagenet_glide/train/nature/n01749939_8843.JPEG,real,0,nature,train,True
1791,//kaggle/input/datasets/vtphatt2/genimage-glide/glide/imagenet_glide/train/nature/n03662601_2956.JPEG,real,0,nature,train,True
1792,//kaggle/input/datasets/vtphatt2/genimage-glide/glide/imagenet_glide/train/nature/n03786901_5316.JPEG,real,0,nature,train,True
1793,//kaggle/input/datasets/vtphatt2/genimage-glide/glide/imagenet_glide/train/nature/n02104365_8920.JPEG,real,0,nature,train,True
1794,//kaggle/input/datasets/vtphatt2/genimage-glide/glide/imagenet_glide/train/nature/n02444819_602.JPEG,real,0,nature,train,True
1795,//kaggle/input/datasets/vtphatt2/genimage-glide/glide/imagenet_glide/train/nature/n04596742_20754.JPEG,real,0,nature,train,True
1796,//kaggle/input/datasets/vtphatt2/genimage-glide/glide/imagenet_glide/train/nature/n02494079_723.JPEG,real,0,nature,train,True
1797,//kaggle/input/datasets/vtphatt2/genimage-glide/glide/imagenet_glide/train/nature/n04536866_39332.JPEG,real,0,nature,train,True
1798,//kaggle/input/datasets/vtphatt2/genimage-glide/glide/imagenet_glide/train/nature/n03781244_113895.JPEG,real,0,nature,train,True
1799,//kaggle/input/datasets/vtphatt2/genimage-glide/glide/imagenet_glide/train/nature/n04311004_4381.JPEG,real,0,nature,train,True
1800,//kaggle/input/datasets/vtphatt2/genimage-glide/glide/imagenet_glide/train/nature/n02090379_2262.JPEG,real,0,nature,train,True
1801,//kaggle/input/datasets/vtphatt2/genimage-glide/glide/imagenet_glide/train/nature/n02006656_593.JPEG,real,0,nature,train,True
1802,//kaggle/input/datasets/vtphatt2/genimage-glide/glide/imagenet_glide/train/nature/n03843555_2899.JPEG,real,0,nature,train,True
1803,//kaggle/input/datasets/vtphatt2/genimage-glide/glide/imagenet_glide/train/nature/n04548280_4747.JPEG,real,0,nature,train,True
1804,//kaggle/input/datasets/vtphatt2/genimage-glide/glide/imagenet_glide/train/nature/n03127925_9232.JPEG,real,0,nature,train,True
1805,//kaggle/input/datasets/vtphatt2/genimage-glide/glide/imagenet_glide/train/nature/n02687172_54083.JPEG,real,0,nature,train,True
1806,//kaggle/input/datasets/vtphatt2/genimage-glide/glide/imagenet_glide/train/nature/n02165105_10846.JPEG,real,0,nature,train,True
1807,//kaggle/input/datasets/vtphatt2/genimage-glide/glide/imagenet_glide/train/nature/n04356056_59894.JPEG,real,0,nature,train,True
1808,//kaggle/input/datasets/vtphatt2/genimage-glide/glide/imagenet_glide/train/nature/n03127925_20951.JPEG,real,0,nature,train,True
1809,//kaggle/input/datasets/vtphatt2/genimage-glide/glide/imagenet_glide/train/nature/n04152593_63480.JPEG,real,0,nature,train,True
1810,//kaggle/input/datasets/vtphatt2/genimage-glide/glide/imagenet_glide/train/nature/n02641379_5766.JPEG,real,0,nature,train,True
1811,//kaggle/input/datasets/vtphatt2/genimage-glide/glide/imagenet_glide/train/nature/n03733281_1900.JPEG,real,0,nature,train,True
1812,//kaggle/input/datasets/vtphatt2/genimage-glide/glide/imagenet_glide/train/nature/n07717410_11395.JPEG,real,0,nature,train,True
1813,//kaggle/input/datasets/vtphatt2/genimage-glide/glide/imagenet_glide/train/nature/n03485407_12928.JPEG,real,0,nature,train,True
1814,//kaggle/input/datasets/vtphatt2/genimage-glide/glide/imagenet_glide/train/nature/n02109047_21077.JPEG,real,0,nature,train,True
1815,//kaggle/input/datasets/vtphatt2/genimage-glide/glide/imagenet_glide/train/nature/n03201208_9370.JPEG,real,0,nature,train,True
1816,//kaggle/input/datasets/vtphatt2/genimage-glide/glide/imagenet_glide/train/nature/n03478589_17203.JPEG,real,0,nature,train,True
1817,//kaggle/input/datasets/vtphatt2/genimage-glide/glide/imagenet_glide/train/nature/n03259280_1549.JPEG,real,0,nature,train,True
1818,//kaggle/input/datasets/vtphatt2/genimage-glide/glide/imagenet_glide/train/nature/n04465501_7315.JPEG,real,0,nature,train,True
1819,//kaggle/input/datasets/vtphatt2/genimage-glide/glide/imagenet_glide/train/nature/n03492542_21325.JPEG,real,0,nature,train,True
1820,//kaggle/input/datasets/vtphatt2/genimage-glide/glide/imagenet_glide/train/nature/n03089624_20039.JPEG,real,0,nature,train,True
1821,//kaggle/input/datasets/vtphatt2/genimage-glide/glide/imagenet_glide/val/nature/ILSVRC2012_val_00025230.JPEG,real,0,nature,train,True
1822,//kaggle/input/datasets/vtphatt2/genimage-glide/glide/imagenet_glide/train/nature/n02480495_6870.JPEG,real,0,nature,train,True
1823,//kaggle/input/datasets/vtphatt2/genimage-glide/glide/imagenet_glide/train/nature/n01664065_23937.JPEG,real,0,nature,train,True
1824,//kaggle/input/datasets/vtphatt2/genimage-glide/glide/imagenet_glide/train/nature/n13052670_1073.JPEG,real,0,nature,train,True
1825,//kaggle/input/datasets/vtphatt2/genimage-glide/glide/imagenet_glide/train/nature/n04517823_3096.JPEG,real,0,nature,train,True
1826,//kaggle/input/datasets/vtphatt2/genimage-glide/glide/imagenet_glide/train/nature/n03792972_1377.JPEG,real,0,nature,train,True
1827,//kaggle/input/datasets/vtphatt2/genimage-glide/glide/imagenet_glide/train/nature/n07768694_1062.JPEG,real,0,nature,train,True
1828,//kaggle/input/datasets/vtphatt2/genimage-glide/glide/imagenet_glide/train/nature/n01773549_3866.JPEG,real,0,nature,train,True
1829,//kaggle/input/datasets/vtphatt2/genimage-glide/glide/imagenet_glide/train/nature/n04070727_36165.JPEG,real,0,nature,train,True
1830,//kaggle/input/datasets/vtphatt2/genimage-glide/glide/imagenet_glide/train/nature/n01843065_1210.JPEG,real,0,nature,train,True
1831,//kaggle/input/datasets/vtphatt2/genimage-glide/glide/imagenet_glide/train/nature/n07613480_23157.JPEG,real,0,nature,train,True
1832,//kaggle/input/datasets/vtphatt2/genimage-glide/glide/imagenet_glide/train/nature/n02167151_6086.JPEG,real,0,nature,train,True
1833,//kaggle/input/datasets/vtphatt2/genimage-glide/glide/imagenet_glide/train/nature/n02877765_1181.JPEG,real,0,nature,train,True
1834,//kaggle/input/datasets/vtphatt2/genimage-glide/glide/imagenet_glide/train/nature/n02437312_7537.JPEG,real,0,nature,train,True
1835,//kaggle/input/datasets/vtphatt2/genimage-glide/glide/imagenet_glide/train/nature/n03950228_3717.JPEG,real,0,nature,train,True
1836,//kaggle/input/datasets/vtphatt2/genimage-glide/glide/imagenet_glide/train/nature/n04417672_4821.JPEG,real,0,nature,train,True
1837,//kaggle/input/datasets/vtphatt2/genimage-glide/glide/imagenet_glide/train/nature/n03445777_14914.JPEG,real,0,nature,train,True
1838,//kaggle/input/datasets/vtphatt2/genimage-glide/glide/imagenet_glide/train/nature/n01751748_2120.JPEG,real,0,nature,train,True
1839,//kaggle/input/datasets/vtphatt2/genimage-glide/glide/imagenet_glide/train/nature/n02408429_5133.JPEG,real,0,nature,train,True
1840,//kaggle/input/datasets/vtphatt2/genimage-glide/glide/imagenet_glide/train/nature/n04235860_9262.JPEG,real,0,nature,train,True
1841,//kaggle/input/datasets/vtphatt2/genimage-glide/glide/imagenet_glide/train/nature/n02107142_2418.JPEG,real,0,nature,train,True
1842,//kaggle/input/datasets/vtphatt2/genimage-glide/glide/imagenet_glide/train/nature/n02105251_6104.JPEG,real,0,nature,train,True
1843,//kaggle/input/datasets/vtphatt2/genimage-glide/glide/imagenet_glide/train/nature/n06785654_15073.JPEG,real,0,nature,train,True
1844,//kaggle/input/datasets/vtphatt2/genimage-glide/glide/imagenet_glide/train/nature/n02817516_52847.JPEG,real,0,nature,train,True
1845,//kaggle/input/datasets/vtphatt2/genimage-glide/glide/imagenet_glide/train/nature/n02027492_10211.JPEG,real,0,nature,train,True
1846,//kaggle/input/datasets/vtphatt2/genimage-glide/glide/imagenet_glide/train/nature/n03947888_44493.JPEG,real,0,nature,train,True
1847,//kaggle/input/datasets/vtphatt2/genimage-glide/glide/imagenet_glide/train/nature/n04522168_9257.JPEG,real,0,nature,train,True
1848,//kaggle/input/datasets/vtphatt2/genimage-glide/glide/imagenet_glide/train/nature/n02279972_2617.JPEG,real,0,nature,train,True
1849,//kaggle/input/datasets/vtphatt2/genimage-glide/glide/imagenet_glide/val/nature/ILSVRC2012_val_00026585.JPEG,real,0,nature,train,True
1850,//kaggle/input/datasets/vtphatt2/genimage-glide/glide/imagenet_glide/train/nature/n03602883_9617.JPEG,real,0,nature,train,True
1851,//kaggle/input/datasets/vtphatt2/genimage-glide/glide/imagenet_glide/train/nature/n03026506_5812.JPEG,real,0,nature,train,True
1852,//kaggle/input/datasets/vtphatt2/genimage-glide/glide/imagenet_glide/train/nature/n03877845_10506.JPEG,real,0,nature,train,True
1853,//kaggle/input/datasets/vtphatt2/genimage-glide/glide/imagenet_glide/train/nature/n02108551_1411.JPEG,real,0,nature,train,True
1854,//kaggle/input/datasets/vtphatt2/genimage-glide/glide/imagenet_glide/train/nature/n03459775_9166.JPEG,real,0,nature,train,True
1855,//kaggle/input/datasets/vtphatt2/genimage-glide/glide/imagenet_glide/train/nature/n03598930_3138.JPEG,real,0,nature,train,True
1856,//kaggle/input/datasets/vtphatt2/genimage-glide/glide/imagenet_glide/train/nature/n04447861_5860.JPEG,real,0,nature,train,True
1857,//kaggle/input/datasets/vtphatt2/genimage-glide/glide/imagenet_glide/train/nature/n03680355_17.JPEG,real,0,nature,train,True
1858,//kaggle/input/datasets/vtphatt2/genimage-glide/glide/imagenet_glide/train/nature/n02088632_3613.JPEG,real,0,nature,train,True
1859,//kaggle/input/datasets/vtphatt2/genimage-glide/glide/imagenet_glide/train/nature/n02794156_6577.JPEG,real,0,nature,train,True
1860,//kaggle/input/datasets/vtphatt2/genimage-glide/glide/imagenet_glide/train/nature/n02787622_8824.JPEG,real,0,nature,train,True
1861,//kaggle/input/datasets/vtphatt2/genimage-glide/glide/imagenet_glide/train/nature/n04070727_39059.JPEG,real,0,nature,train,True
1862,//kaggle/input/datasets/vtphatt2/genimage-glide/glide/imagenet_glide/train/nature/n04584207_17162.JPEG,real,0,nature,train,True
1863,//kaggle/input/datasets/vtphatt2/genimage-glide/glide/imagenet_glide/train/nature/n04461696_23328.JPEG,real,0,nature,train,True
1864,//kaggle/input/datasets/vtphatt2/genimage-glide/glide/imagenet_glide/val/nature/ILSVRC2012_val_00047586.JPEG,real,0,nature,train,True
1865,//kaggle/input/datasets/vtphatt2/genimage-glide/glide/imagenet_glide/train/nature/n04136333_9785.JPEG,real,0,nature,train,True
1866,//kaggle/input/datasets/vtphatt2/genimage-glide/glide/imagenet_glide/train/nature/n02096437_3061.JPEG,real,0,nature,train,True
1867,//kaggle/input/datasets/vtphatt2/genimage-glide/glide/imagenet_glide/train/nature/n01704323_5613.JPEG,real,0,nature,train,True
1868,//kaggle/input/datasets/vtphatt2/genimage-glide/glide/imagenet_glide/train/nature/n04479046_5983.JPEG,real,0,nature,train,True
1869,//kaggle/input/datasets/vtphatt2/genimage-glide/glide/imagenet_glide/train/nature/n07753113_1449.JPEG,real,0,nature,train,True
1870,//kaggle/input/datasets/vtphatt2/genimage-glide/glide/imagenet_glide/train/nature/n03134739_2646.JPEG,real,0,nature,train,True
1871,//kaggle/input/datasets/vtphatt2/genimage-glide/glide/imagenet_glide/train/nature/n02233338_6526.JPEG,real,0,nature,train,True
1872,//kaggle/input/datasets/vtphatt2/genimage-glide/glide/imagenet_glide/train/nature/n02791124_1371.JPEG,real,0,nature,train,True
1873,//kaggle/input/datasets/vtphatt2/genimage-glide/glide/imagenet_glide/train/nature/n07718472_17915.JPEG,real,0,nature,train,True
1874,//kaggle/input/datasets/vtphatt2/genimage-glide/glide/imagenet_glide/train/nature/n03661043_3124.JPEG,real,0,nature,train,True
1875,//kaggle/input/datasets/vtphatt2/genimage-glide/glide/imagenet_glide/train/nature/n02319095_8702.JPEG,real,0,nature,train,True
1876,//kaggle/input/datasets/vtphatt2/genimage-glide/glide/imagenet_glide/train/nature/n12985857_5569.JPEG,real,0,nature,train,True
1877,//kaggle/input/datasets/vtphatt2/genimage-glide/glide/imagenet_glide/train/nature/n03933933_7189.JPEG,real,0,nature,train,True
1878,//kaggle/input/datasets/vtphatt2/genimage-glide/glide/imagenet_glide/train/nature/n03590841_403.JPEG,real,0,nature,train,True
1879,//kaggle/input/datasets/vtphatt2/genimage-glide/glide/imagenet_glide/train/nature/n02790996_11106.JPEG,real,0,nature,train,True
1880,//kaggle/input/datasets/vtphatt2/genimage-glide/glide/imagenet_glide/val/nature/ILSVRC2012_val_00048357.JPEG,real,0,nature,train,True
1881,//kaggle/input/datasets/vtphatt2/genimage-glide/glide/imagenet_glide/train/nature/n03769881_7851.JPEG,real,0,nature,train,True
1882,//kaggle/input/datasets/vtphatt2/genimage-glide/glide/imagenet_glide/train/nature/n03461385_64775.JPEG,real,0,nature,train,True
1883,//kaggle/input/datasets/vtphatt2/genimage-glide/glide/imagenet_glide/train/nature/n04192698_1245.JPEG,real,0,nature,train,True
1884,//kaggle/input/datasets/vtphatt2/genimage-glide/glide/imagenet_glide/train/nature/n03297495_1289.JPEG,real,0,nature,train,True
1885,//kaggle/input/datasets/vtphatt2/genimage-glide/glide/imagenet_glide/train/nature/n04285008_1202.JPEG,real,0,nature,train,True
1886,//kaggle/input/datasets/vtphatt2/genimage-glide/glide/imagenet_glide/train/nature/n01914609_16472.JPEG,real,0,nature,train,True
1887,//kaggle/input/datasets/vtphatt2/genimage-glide/glide/imagenet_glide/train/nature/n03670208_6139.JPEG,real,0,nature,train,True
1888,//kaggle/input/datasets/vtphatt2/genimage-glide/glide/imagenet_glide/train/nature/n03868863_2962.JPEG,real,0,nature,train,True
1889,//kaggle/input/datasets/vtphatt2/genimage-glide/glide/imagenet_glide/train/nature/n03595614_17332.JPEG,real,0,nature,train,True
1890,//kaggle/input/datasets/vtphatt2/genimage-glide/glide/imagenet_glide/train/nature/n02095889_6824.JPEG,real,0,nature,train,True
1891,//kaggle/input/datasets/vtphatt2/genimage-glide/glide/imagenet_glide/train/nature/n03017168_9292.JPEG,real,0,nature,train,True
1892,//kaggle/input/datasets/vtphatt2/genimage-glide/glide/imagenet_glide/train/nature/n03929660_16691.JPEG,real,0,nature,train,True
1893,//kaggle/input/datasets/vtphatt2/genimage-glide/glide/imagenet_glide/train/nature/n03866082_3511.JPEG,real,0,nature,train,True
1894,//kaggle/input/datasets/vtphatt2/genimage-glide/glide/imagenet_glide/train/nature/n01622779_1216.JPEG,real,0,nature,train,True
1895,//kaggle/input/datasets/vtphatt2/genimage-glide/glide/imagenet_glide/train/nature/n04371774_14006.JPEG,real,0,nature,train,True
1896,//kaggle/input/datasets/vtphatt2/genimage-glide/glide/imagenet_glide/train/nature/n07932039_8088.JPEG,real,0,nature,train,True
1897,//kaggle/input/datasets/vtphatt2/genimage-glide/glide/imagenet_glide/train/nature/n01735189_1623.JPEG,real,0,nature,train,True
1898,//kaggle/input/datasets/vtphatt2/genimage-glide/glide/imagenet_glide/train/nature/n02108089_926.JPEG,real,0,nature,train,True
1899,//kaggle/input/datasets/vtphatt2/genimage-glide/glide/imagenet_glide/train/nature/n02119022_13784.JPEG,real,0,nature,train,True
1900,//kaggle/input/datasets/vtphatt2/genimage-glide/glide/imagenet_glide/train/nature/n02259212_4838.JPEG,real,0,nature,train,True
1901,//kaggle/input/datasets/vtphatt2/genimage-glide/glide/imagenet_glide/train/nature/n02094433_10696.JPEG,real,0,nature,train,True
1902,//kaggle/input/datasets/vtphatt2/genimage-glide/glide/imagenet_glide/train/nature/n13133613_27345.JPEG,real,0,nature,train,True
1903,//kaggle/input/datasets/vtphatt2/genimage-glide/glide/imagenet_glide/train/nature/n02692877_11838.JPEG,real,0,nature,train,True
1904,//kaggle/input/datasets/vtphatt2/genimage-glide/glide/imagenet_glide/train/nature/n01629819_11002.JPEG,real,0,nature,train,True
1905,//kaggle/input/datasets/vtphatt2/genimage-glide/glide/imagenet_glide/train/nature/n02226429_873.JPEG,real,0,nature,train,True
1906,//kaggle/input/datasets/vtphatt2/genimage-glide/glide/imagenet_glide/train/nature/n03676483_10139.JPEG,real,0,nature,train,True
1907,//kaggle/input/datasets/vtphatt2/genimage-glide/glide/imagenet_glide/train/nature/n02786058_10960.JPEG,real,0,nature,train,True
1908,//kaggle/input/datasets/vtphatt2/genimage-glide/glide/imagenet_glide/train/nature/n07697313_7543.JPEG,real,0,nature,train,True
1909,//kaggle/input/datasets/vtphatt2/genimage-glide/glide/imagenet_glide/train/nature/n02389026_3390.JPEG,real,0,nature,train,True
1910,//kaggle/input/datasets/vtphatt2/genimage-glide/glide/imagenet_glide/train/nature/n03775546_7876.JPEG,real,0,nature,train,True
1911,//kaggle/input/datasets/vtphatt2/genimage-glide/glide/imagenet_glide/train/nature/n07802026_11816.JPEG,real,0,nature,train,True
1912,//kaggle/input/datasets/vtphatt2/genimage-glide/glide/imagenet_glide/train/nature/n01744401_28924.JPEG,real,0,nature,train,True
1913,//kaggle/input/datasets/vtphatt2/genimage-glide/glide/imagenet_glide/train/nature/n02129604_10634.JPEG,real,0,nature,train,True
1914,//kaggle/input/datasets/vtphatt2/genimage-glide/glide/imagenet_glide/train/nature/n04532106_5318.JPEG,real,0,nature,train,True
1915,//kaggle/input/datasets/vtphatt2/genimage-glide/glide/imagenet_glide/train/nature/n03976467_20308.JPEG,real,0,nature,train,True
1916,//kaggle/input/datasets/vtphatt2/genimage-glide/glide/imagenet_glide/train/nature/n02480855_2724.JPEG,real,0,nature,train,True
1917,//kaggle/input/datasets/vtphatt2/genimage-glide/glide/imagenet_glide/train/nature/n02727426_36287.JPEG,real,0,nature,train,True
1918,//kaggle/input/datasets/vtphatt2/genimage-glide/glide/imagenet_glide/train/nature/n03598930_6509.JPEG,real,0,nature,train,True
1919,//kaggle/input/datasets/vtphatt2/genimage-glide/glide/imagenet_glide/train/nature/n02104029_2817.JPEG,real,0,nature,train,True
1920,//kaggle/input/datasets/vtphatt2/genimage-glide/glide/imagenet_glide/train/nature/n02107908_5780.JPEG,real,0,nature,train,True
1921,//kaggle/input/datasets/vtphatt2/genimage-glide/glide/imagenet_glide/train/nature/n03133878_510.JPEG,real,0,nature,train,True
1922,//kaggle/input/datasets/vtphatt2/genimage-glide/glide/imagenet_glide/train/nature/n04317175_2482.JPEG,real,0,nature,train,True
1923,//kaggle/input/datasets/vtphatt2/genimage-glide/glide/imagenet_glide/train/nature/n04317175_12625.JPEG,real,0,nature,train,True
1924,//kaggle/input/datasets/vtphatt2/genimage-glide/glide/imagenet_glide/train/nature/n02481823_17015.JPEG,real,0,nature,train,True
1925,//kaggle/input/datasets/vtphatt2/genimage-glide/glide/imagenet_glide/train/nature/n02088364_12205.JPEG,real,0,nature,train,True
1926,//kaggle/input/datasets/vtphatt2/genimage-glide/glide/imagenet_glide/train/nature/n02111889_4588.JPEG,real,0,nature,train,True
1927,//kaggle/input/datasets/vtphatt2/genimage-glide/glide/imagenet_glide/train/nature/n09472597_37981.JPEG,real,0,nature,train,True
1928,//kaggle/input/datasets/vtphatt2/genimage-glide/glide/imagenet_glide/train/nature/n03290653_1706.JPEG,real,0,nature,train,True
1929,//kaggle/input/datasets/vtphatt2/genimage-glide/glide/imagenet_glide/train/nature/n01665541_42391.JPEG,real,0,nature,train,True
1930,//kaggle/input/datasets/vtphatt2/genimage-glide/glide/imagenet_glide/train/nature/n03447447_5867.JPEG,real,0,nature,train,True
1931,//kaggle/input/datasets/vtphatt2/genimage-glide/glide/imagenet_glide/train/nature/n04049303_2053.JPEG,real,0,nature,train,True
1932,//kaggle/input/datasets/vtphatt2/genimage-glide/glide/imagenet_glide/train/nature/n02951585_19198.JPEG,real,0,nature,train,True
1933,//kaggle/input/datasets/vtphatt2/genimage-glide/glide/imagenet_glide/train/nature/n04228054_5528.JPEG,real,0,nature,train,True
1934,//kaggle/input/datasets/vtphatt2/genimage-glide/glide/imagenet_glide/train/nature/n02091635_7825.JPEG,real,0,nature,train,True
1935,//kaggle/input/datasets/vtphatt2/genimage-glide/glide/imagenet_glide/train/nature/n07920052_14381.JPEG,real,0,nature,train,True
1936,//kaggle/input/datasets/vtphatt2/genimage-glide/glide/imagenet_glide/train/nature/n02823428_3907.JPEG,real,0,nature,train,True
1937,//kaggle/input/datasets/vtphatt2/genimage-glide/glide/imagenet_glide/train/nature/n03721384_35896.JPEG,real,0,nature,train,True
1938,//kaggle/input/datasets/vtphatt2/genimage-glide/glide/imagenet_glide/train/nature/n04152593_68142.JPEG,real,0,nature,train,True
1939,//kaggle/input/datasets/vtphatt2/genimage-glide/glide/imagenet_glide/train/nature/n03527444_2979.JPEG,real,0,nature,train,True
1940,//kaggle/input/datasets/vtphatt2/genimage-glide/glide/imagenet_glide/train/nature/n04599235_27883.JPEG,real,0,nature,train,True
1941,//kaggle/input/datasets/vtphatt2/genimage-glide/glide/imagenet_glide/train/nature/n02112018_3572.JPEG,real,0,nature,train,True
1942,//kaggle/input/datasets/vtphatt2/genimage-glide/glide/imagenet_glide/train/nature/n03388043_1774.JPEG,real,0,nature,train,True
1943,//kaggle/input/datasets/vtphatt2/genimage-glide/glide/imagenet_glide/train/nature/n06785654_6963.JPEG,real,0,nature,train,True
1944,//kaggle/input/datasets/vtphatt2/genimage-glide/glide/imagenet_glide/train/nature/n02977058_12371.JPEG,real,0,nature,train,True
1945,//kaggle/input/datasets/vtphatt2/genimage-glide/glide/imagenet_glide/train/nature/n03992509_3477.JPEG,real,0,nature,train,True
1946,//kaggle/input/datasets/vtphatt2/genimage-glide/glide/imagenet_glide/train/nature/n03532672_8348.JPEG,real,0,nature,train,True
1947,//kaggle/input/datasets/vtphatt2/genimage-glide/glide/imagenet_glide/train/nature/n01981276_6223.JPEG,real,0,nature,train,True
1948,//kaggle/input/datasets/vtphatt2/genimage-glide/glide/imagenet_glide/train/nature/n04136333_3352.JPEG,real,0,nature,train,True
1949,//kaggle/input/datasets/vtphatt2/genimage-glide/glide/imagenet_glide/train/nature/n03476991_7781.JPEG,real,0,nature,train,True
1950,//kaggle/input/datasets/vtphatt2/genimage-glide/glide/imagenet_glide/train/nature/n03903868_17362.JPEG,real,0,nature,train,True
1951,//kaggle/input/datasets/vtphatt2/genimage-glide/glide/imagenet_glide/train/nature/n03485407_3431.JPEG,real,0,nature,train,True
1952,//kaggle/input/datasets/vtphatt2/genimage-glide/glide/imagenet_glide/train/nature/n02206856_4881.JPEG,real,0,nature,train,True
1953,//kaggle/input/datasets/vtphatt2/genimage-glide/glide/imagenet_glide/train/nature/n04612504_17719.JPEG,real,0,nature,train,True
1954,//kaggle/input/datasets/vtphatt2/genimage-glide/glide/imagenet_glide/train/nature/n01698640_3950.JPEG,real,0,nature,train,True
1955,//kaggle/input/datasets/vtphatt2/genimage-glide/glide/imagenet_glide/train/nature/n02098413_616.JPEG,real,0,nature,train,True
1956,//kaggle/input/datasets/vtphatt2/genimage-glide/glide/imagenet_glide/train/nature/n04179913_14819.JPEG,real,0,nature,train,True
1957,//kaggle/input/datasets/vtphatt2/genimage-glide/glide/imagenet_glide/train/nature/n02676566_7089.JPEG,real,0,nature,train,True
1958,//kaggle/input/datasets/vtphatt2/genimage-glide/glide/imagenet_glide/train/nature/n04523525_7455.JPEG,real,0,nature,train,True
1959,//kaggle/input/datasets/vtphatt2/genimage-glide/glide/imagenet_glide/train/nature/n04550184_17167.JPEG,real,0,nature,train,True
1960,//kaggle/input/datasets/vtphatt2/genimage-glide/glide/imagenet_glide/train/nature/n02113023_3840.JPEG,real,0,nature,train,True
1961,//kaggle/input/datasets/vtphatt2/genimage-glide/glide/imagenet_glide/val/nature/ILSVRC2012_val_00002422.JPEG,real,0,nature,train,True
1962,//kaggle/input/datasets/vtphatt2/genimage-glide/glide/imagenet_glide/train/nature/n02814533_12044.JPEG,real,0,nature,train,True
1963,//kaggle/input/datasets/vtphatt2/genimage-glide/glide/imagenet_glide/train/nature/n01882714_11615.JPEG,real,0,nature,train,True
1964,//kaggle/input/datasets/vtphatt2/genimage-glide/glide/imagenet_glide/train/nature/n02423022_8747.JPEG,real,0,nature,train,True
1965,//kaggle/input/datasets/vtphatt2/genimage-glide/glide/imagenet_glide/train/nature/n04399382_35838.JPEG,real,0,nature,train,True
1966,//kaggle/input/datasets/vtphatt2/genimage-glide/glide/imagenet_glide/train/nature/n02123394_3442.JPEG,real,0,nature,train,True
1967,//kaggle/input/datasets/vtphatt2/genimage-glide/glide/imagenet_glide/train/nature/n01847000_12010.JPEG,real,0,nature,train,True
1968,//kaggle/input/datasets/vtphatt2/genimage-glide/glide/imagenet_glide/train/nature/n02115641_12031.JPEG,real,0,nature,train,True
1969,//kaggle/input/datasets/vtphatt2/genimage-glide/glide/imagenet_glide/train/nature/n02326432_9341.JPEG,real,0,nature,train,True
1970,//kaggle/input/datasets/vtphatt2/genimage-glide/glide/imagenet_glide/train/nature/n02111500_542.JPEG,real,0,nature,train,True
1971,//kaggle/input/datasets/vtphatt2/genimage-glide/glide/imagenet_glide/train/nature/n04428191_23099.JPEG,real,0,nature,train,True
1972,//kaggle/input/datasets/vtphatt2/genimage-glide/glide/imagenet_glide/train/nature/n01773549_2501.JPEG,real,0,nature,train,True
1973,//kaggle/input/datasets/vtphatt2/genimage-glide/glide/imagenet_glide/train/nature/n03743016_13122.JPEG,real,0,nature,train,True
1974,//kaggle/input/datasets/vtphatt2/genimage-glide/glide/imagenet_glide/train/nature/n07716358_30410.JPEG,real,0,nature,train,True
1975,//kaggle/input/datasets/vtphatt2/genimage-glide/glide/imagenet_glide/train/nature/n01924916_2126.JPEG,real,0,nature,train,True
1976,//kaggle/input/datasets/vtphatt2/genimage-glide/glide/imagenet_glide/train/nature/n02268853_6308.JPEG,real,0,nature,train,True
1977,//kaggle/input/datasets/vtphatt2/genimage-glide/glide/imagenet_glide/train/nature/n03250847_5471.JPEG,real,0,nature,train,True
1978,//kaggle/input/datasets/vtphatt2/genimage-glide/glide/imagenet_glide/train/nature/n02105162_7780.JPEG,real,0,nature,train,True
1979,//kaggle/input/datasets/vtphatt2/genimage-glide/glide/imagenet_glide/train/nature/n02395406_11664.JPEG,real,0,nature,train,True
1980,//kaggle/input/datasets/vtphatt2/genimage-glide/glide/imagenet_glide/train/nature/n02514041_8390.JPEG,real,0,nature,train,True
1981,//kaggle/input/datasets/vtphatt2/genimage-glide/glide/imagenet_glide/train/nature/n01494475_7585.JPEG,real,0,nature,train,True
1982,//kaggle/input/datasets/vtphatt2/genimage-glide/glide/imagenet_glide/train/nature/n04209133_10493.JPEG,real,0,nature,train,True
1983,//kaggle/input/datasets/vtphatt2/genimage-glide/glide/imagenet_glide/train/nature/n02114712_19403.JPEG,real,0,nature,train,True
1984,//kaggle/input/datasets/vtphatt2/genimage-glide/glide/imagenet_glide/train/nature/n02111889_4679.JPEG,real,0,nature,train,True
1985,//kaggle/input/datasets/vtphatt2/genimage-glide/glide/imagenet_glide/train/nature/n03127925_16677.JPEG,real,0,nature,train,True
1986,//kaggle/input/datasets/vtphatt2/genimage-glide/glide/imagenet_glide/train/nature/n02109047_34282.JPEG,real,0,nature,train,True
1987,//kaggle/input/datasets/vtphatt2/genimage-glide/glide/imagenet_glide/train/nature/n02804414_5778.JPEG,real,0,nature,train,True
1988,//kaggle/input/datasets/vtphatt2/genimage-glide/glide/imagenet_glide/train/nature/n03535780_12401.JPEG,real,0,nature,train,True
1989,//kaggle/input/datasets/vtphatt2/genimage-glide/glide/imagenet_glide/train/nature/n02391049_10739.JPEG,real,0,nature,train,True
1990,//kaggle/input/datasets/vtphatt2/genimage-glide/glide/imagenet_glide/train/nature/n03196217_3323.JPEG,real,0,nature,train,True
1991,//kaggle/input/datasets/vtphatt2/genimage-glide/glide/imagenet_glide/train/nature/n01530575_10159.JPEG,real,0,nature,train,True
1992,//kaggle/input/datasets/vtphatt2/genimage-glide/glide/imagenet_glide/train/nature/n02097474_1698.JPEG,real,0,nature,train,True
1993,//kaggle/input/datasets/vtphatt2/genimage-glide/glide/imagenet_glide/train/nature/n03125729_5681.JPEG,real,0,nature,train,True
1994,//kaggle/input/datasets/vtphatt2/genimage-glide/glide/imagenet_glide/train/nature/n01740131_10516.JPEG,real,0,nature,train,True
1995,//kaggle/input/datasets/vtphatt2/genimage-glide/glide/imagenet_glide/train/nature/n04376876_8171.JPEG,real,0,nature,train,True
1996,//kaggle/input/datasets/vtphatt2/genimage-glide/glide/imagenet_glide/train/nature/n07831146_2729.JPEG,real,0,nature,train,True
1997,//kaggle/input/datasets/vtphatt2/genimage-glide/glide/imagenet_glide/train/nature/n04372370_22017.JPEG,real,0,nature,train,True
1998,//kaggle/input/datasets/vtphatt2/genimage-glide/glide/imagenet_glide/train/nature/n02486261_2775.JPEG,real,0,nature,train,True
1999,//kaggle/input/datasets/vtphatt2/genimage-glide/glide/imagenet_glide/train/nature/n01819313_1043.JPEG,real,0,nature,train,True
2000,//kaggle/input/datasets/vtphatt2/genimage-glide/glide/imagenet_glide/val/nature/ILSVRC2012_val_00022028.JPEG,real,0,nature,train,True
2001,//kaggle/input/datasets/vtphatt2/genimage-glide/glide/imagenet_glide/train/nature/n02111277_10790.JPEG,real,0,nature,train,True
2002,//kaggle/input/datasets/vtphatt2/genimage-glide/glide/imagenet_glide/train/nature/n04116512_51236.JPEG,real,0,nature,train,True
2003,//kaggle/input/datasets/vtphatt2/genimage-glide/glide/imagenet_glide/train/nature/n02892767_12666.JPEG,real,0,nature,train,True
2004,//kaggle/input/datasets/vtphatt2/genimage-glide/glide/imagenet_glide/train/nature/n04347754_61645.JPEG,real,0,nature,train,True
2005,//kaggle/input/datasets/vtphatt2/genimage-glide/glide/imagenet_glide/train/nature/n02799071_88.JPEG,real,0,nature,train,True
2006,//kaggle/input/datasets/vtphatt2/genimage-glide/glide/imagenet_glide/train/nature/n01704323_6574.JPEG,real,0,nature,train,True
2007,//kaggle/input/datasets/vtphatt2/genimage-glide/glide/imagenet_glide/train/nature/n02814860_21381.JPEG,real,0,nature,train,True
2008,//kaggle/input/datasets/vtphatt2/genimage-glide/glide/imagenet_glide/train/nature/n03884397_7771.JPEG,real,0,nature,train,True
2009,//kaggle/input/datasets/vtphatt2/genimage-glide/glide/imagenet_glide/train/nature/n02504013_10808.JPEG,real,0,nature,train,True
2010,//kaggle/input/datasets/vtphatt2/genimage-glide/glide/imagenet_glide/train/nature/n04505470_4484.JPEG,real,0,nature,train,True
2011,//kaggle/input/datasets/vtphatt2/genimage-glide/glide/imagenet_glide/train/nature/n04133789_14002.JPEG,real,0,nature,train,True
2012,//kaggle/input/datasets/vtphatt2/genimage-glide/glide/imagenet_glide/train/nature/n01744401_6091.JPEG,real,0,nature,train,True
2013,//kaggle/input/datasets/vtphatt2/genimage-glide/glide/imagenet_glide/train/nature/n04153751_14201.JPEG,real,0,nature,train,True
2014,//kaggle/input/datasets/vtphatt2/genimage-glide/glide/imagenet_glide/train/nature/n01986214_16995.JPEG,real,0,nature,train,True
2015,//kaggle/input/datasets/vtphatt2/genimage-glide/glide/imagenet_glide/train/nature/n03832673_4655.JPEG,real,0,nature,train,True
2016,//kaggle/input/datasets/vtphatt2/genimage-glide/glide/imagenet_glide/train/nature/n02279972_2500.JPEG,real,0,nature,train,True
2017,//kaggle/input/datasets/vtphatt2/genimage-glide/glide/imagenet_glide/train/nature/n03014705_23506.JPEG,real,0,nature,train,True
2018,//kaggle/input/datasets/vtphatt2/genimage-glide/glide/imagenet_glide/train/nature/n02799071_19065.JPEG,real,0,nature,train,True
2019,//kaggle/input/datasets/vtphatt2/genimage-glide/glide/imagenet_glide/train/nature/n04086273_812.JPEG,real,0,nature,train,True
2020,//kaggle/input/datasets/vtphatt2/genimage-glide/glide/imagenet_glide/val/nature/ILSVRC2012_val_00037149.JPEG,real,0,nature,train,True
2021,//kaggle/input/datasets/vtphatt2/genimage-glide/glide/imagenet_glide/train/nature/n03355925_2578.JPEG,real,0,nature,train,True
2022,//kaggle/input/datasets/vtphatt2/genimage-glide/glide/imagenet_glide/train/nature/n02106662_16931.JPEG,real,0,nature,train,True
2023,//kaggle/input/datasets/vtphatt2/genimage-glide/glide/imagenet_glide/train/nature/n01930112_4320.JPEG,real,0,nature,train,True
2024,//kaggle/input/datasets/vtphatt2/genimage-glide/glide/imagenet_glide/train/nature/n04328186_3469.JPEG,real,0,nature,train,True
2025,//kaggle/input/datasets/vtphatt2/genimage-glide/glide/imagenet_glide/train/nature/n01580077_1740.JPEG,real,0,nature,train,True
2026,//kaggle/input/datasets/vtphatt2/genimage-glide/glide/imagenet_glide/train/nature/n04590129_5653.JPEG,real,0,nature,train,True
2027,//kaggle/input/datasets/vtphatt2/genimage-glide/glide/imagenet_glide/train/nature/n07248320_34428.JPEG,real,0,nature,train,True
2028,//kaggle/input/datasets/vtphatt2/genimage-glide/glide/imagenet_glide/train/nature/n04423845_49327.JPEG,real,0,nature,train,True
2029,//kaggle/input/datasets/vtphatt2/genimage-glide/glide/imagenet_glide/train/nature/n02098413_14709.JPEG,real,0,nature,train,True
2030,//kaggle/input/datasets/vtphatt2/genimage-glide/glide/imagenet_glide/train/nature/n01873310_3181.JPEG,real,0,nature,train,True
2031,//kaggle/input/datasets/vtphatt2/genimage-glide/glide/imagenet_glide/train/nature/n01751748_9396.JPEG,real,0,nature,train,True
2032,//kaggle/input/datasets/vtphatt2/genimage-glide/glide/imagenet_glide/train/nature/n03498962_18543.JPEG,real,0,nature,train,True
2033,//kaggle/input/datasets/vtphatt2/genimage-glide/glide/imagenet_glide/train/nature/n03127747_9251.JPEG,real,0,nature,train,True
2034,//kaggle/input/datasets/vtphatt2/genimage-glide/glide/imagenet_glide/train/nature/n02165105_3200.JPEG,real,0,nature,train,True
2035,//kaggle/input/datasets/vtphatt2/genimage-glide/glide/imagenet_glide/val/nature/ILSVRC2012_val_00049448.JPEG,real,0,nature,train,True
2036,//kaggle/input/datasets/vtphatt2/genimage-glide/glide/imagenet_glide/train/nature/n02494079_3527.JPEG,real,0,nature,train,True
2037,//kaggle/input/datasets/vtphatt2/genimage-glide/glide/imagenet_glide/train/nature/n02056570_25917.JPEG,real,0,nature,train,True
2038,//kaggle/input/datasets/vtphatt2/genimage-glide/glide/imagenet_glide/train/nature/n03355925_29699.JPEG,real,0,nature,train,True
2039,//kaggle/input/datasets/vtphatt2/genimage-glide/glide/imagenet_glide/train/nature/n04346328_9565.JPEG,real,0,nature,train,True
2040,//kaggle/input/datasets/vtphatt2/genimage-glide/glide/imagenet_glide/train/nature/n02169497_3725.JPEG,real,0,nature,train,True
2041,//kaggle/input/datasets/vtphatt2/genimage-glide/glide/imagenet_glide/train/nature/n01833805_7892.JPEG,real,0,nature,train,True
2042,//kaggle/input/datasets/vtphatt2/genimage-glide/glide/imagenet_glide/train/nature/n01491361_321.JPEG,real,0,nature,train,True
2043,//kaggle/input/datasets/vtphatt2/genimage-glide/glide/imagenet_glide/train/nature/n01797886_23009.JPEG,real,0,nature,train,True
2044,//kaggle/input/datasets/vtphatt2/genimage-glide/glide/imagenet_glide/train/nature/n01616318_6132.JPEG,real,0,nature,train,True
2045,//kaggle/input/datasets/vtphatt2/genimage-glide/glide/imagenet_glide/train/nature/n02687172_36873.JPEG,real,0,nature,train,True
2046,//kaggle/input/datasets/vtphatt2/genimage-glide/glide/imagenet_glide/train/nature/n03937543_594.JPEG,real,0,nature,train,True
2047,//kaggle/input/datasets/vtphatt2/genimage-glide/glide/imagenet_glide/train/nature/n03983396_5611.JPEG,real,0,nature,train,True
2048,//kaggle/input/datasets/vtphatt2/genimage-glide/glide/imagenet_glide/train/nature/n07753113_1449.JPEG,real,0,nature,train,True
2049,//kaggle/input/datasets/vtphatt2/genimage-glide/glide/imagenet_glide/train/nature/n07720875_999.JPEG,real,0,nature,train,True
2050,//kaggle/input/datasets/vtphatt2/genimage-glide/glide/imagenet_glide/val/nature/ILSVRC2012_val_00037960.JPEG,real,0,nature,train,True
2051,//kaggle/input/datasets/vtphatt2/genimage-glide/glide/imagenet_glide/train/nature/n01531178_5130.JPEG,real,0,nature,train,True
2052,//kaggle/input/datasets/vtphatt2/genimage-glide/glide/imagenet_glide/train/nature/n04023962_2753.JPEG,real,0,nature,train,True
2053,//kaggle/input/datasets/vtphatt2/genimage-glide/glide/imagenet_glide/train/nature/n02607072_4593.JPEG,real,0,nature,train,True
2054,//kaggle/input/datasets/vtphatt2/genimage-glide/glide/imagenet_glide/train/nature/n03977966_56036.JPEG,real,0,nature,train,True
2055,//kaggle/input/datasets/vtphatt2/genimage-glide/glide/imagenet_glide/train/nature/n02268853_15832.JPEG,real,0,nature,train,True
2056,//kaggle/input/datasets/vtphatt2/genimage-glide/glide/imagenet_glide/train/nature/n03944341_14140.JPEG,real,0,nature,train,True
2057,//kaggle/input/datasets/vtphatt2/genimage-glide/glide/imagenet_glide/train/nature/n02115913_12908.JPEG,real,0,nature,train,True
2058,//kaggle/input/datasets/vtphatt2/genimage-glide/glide/imagenet_glide/val/nature/ILSVRC2012_val_00006764.JPEG,real,0,nature,train,True
2059,//kaggle/input/datasets/vtphatt2/genimage-glide/glide/imagenet_glide/train/nature/n01774750_11395.JPEG,real,0,nature,train,True
2060,//kaggle/input/datasets/vtphatt2/genimage-glide/glide/imagenet_glide/train/nature/n04149813_36766.JPEG,real,0,nature,train,True
2061,//kaggle/input/datasets/vtphatt2/genimage-glide/glide/imagenet_glide/train/nature/n04389033_30558.JPEG,real,0,nature,train,True
2062,//kaggle/input/datasets/vtphatt2/genimage-glide/glide/imagenet_glide/train/nature/n03761084_17204.JPEG,real,0,nature,train,True
2063,//kaggle/input/datasets/vtphatt2/genimage-glide/glide/imagenet_glide/val/nature/ILSVRC2012_val_00041190.JPEG,real,0,nature,train,True
2064,//kaggle/input/datasets/vtphatt2/genimage-glide/glide/imagenet_glide/train/nature/n04086273_47720.JPEG,real,0,nature,train,True
2065,//kaggle/input/datasets/vtphatt2/genimage-glide/glide/imagenet_glide/train/nature/n01833805_3206.JPEG,real,0,nature,train,True
2066,//kaggle/input/datasets/vtphatt2/genimage-glide/glide/imagenet_glide/train/nature/n02236044_12197.JPEG,real,0,nature,train,True
2067,//kaggle/input/datasets/vtphatt2/genimage-glide/glide/imagenet_glide/train/nature/n02114367_1367.JPEG,real,0,nature,train,True
2068,//kaggle/input/datasets/vtphatt2/genimage-glide/glide/imagenet_glide/train/nature/n04584207_17095.JPEG,real,0,nature,train,True
2069,//kaggle/input/datasets/vtphatt2/genimage-glide/glide/imagenet_glide/train/nature/n04409515_8740.JPEG,real,0,nature,train,True
2070,//kaggle/input/datasets/vtphatt2/genimage-glide/glide/imagenet_glide/train/nature/n04258138_6673.JPEG,real,0,nature,train,True
2071,//kaggle/input/datasets/vtphatt2/genimage-glide/glide/imagenet_glide/train/nature/n01608432_3907.JPEG,real,0,nature,train,True
2072,//kaggle/input/datasets/vtphatt2/genimage-glide/glide/imagenet_glide/train/nature/n03532672_16577.JPEG,real,0,nature,train,True
2073,//kaggle/input/datasets/vtphatt2/genimage-glide/glide/imagenet_glide/train/nature/n07768694_13454.JPEG,real,0,nature,train,True
2074,//kaggle/input/datasets/vtphatt2/genimage-glide/glide/imagenet_glide/train/nature/n02807133_11970.JPEG,real,0,nature,train,True
2075,//kaggle/input/datasets/vtphatt2/genimage-glide/glide/imagenet_glide/train/nature/n02909870_13081.JPEG,real,0,nature,train,True
2076,//kaggle/input/datasets/vtphatt2/genimage-glide/glide/imagenet_glide/train/nature/n01729322_2633.JPEG,real,0,nature,train,True
2077,//kaggle/input/datasets/vtphatt2/genimage-glide/glide/imagenet_glide/train/nature/n02233338_3344.JPEG,real,0,nature,train,True
2078,//kaggle/input/datasets/vtphatt2/genimage-glide/glide/imagenet_glide/train/nature/n02110185_6543.JPEG,real,0,nature,train,True
2079,//kaggle/input/datasets/vtphatt2/genimage-glide/glide/imagenet_glide/train/nature/n02795169_32654.JPEG,real,0,nature,train,True
2080,//kaggle/input/datasets/vtphatt2/genimage-glide/glide/imagenet_glide/train/nature/n02490219_698.JPEG,real,0,nature,train,True
2081,//kaggle/input/datasets/vtphatt2/genimage-glide/glide/imagenet_glide/train/nature/n01537544_3838.JPEG,real,0,nature,train,True
2082,//kaggle/input/datasets/vtphatt2/genimage-glide/glide/imagenet_glide/train/nature/n01775062_1480.JPEG,real,0,nature,train,True
2083,//kaggle/input/datasets/vtphatt2/genimage-glide/glide/imagenet_glide/train/nature/n02480495_868.JPEG,real,0,nature,train,True
2084,//kaggle/input/datasets/vtphatt2/genimage-glide/glide/imagenet_glide/train/nature/n02486410_2932.JPEG,real,0,nature,train,True
2085,//kaggle/input/datasets/vtphatt2/genimage-glide/glide/imagenet_glide/train/nature/n02641379_4356.JPEG,real,0,nature,train,True
2086,//kaggle/input/datasets/vtphatt2/genimage-glide/glide/imagenet_glide/val/nature/ILSVRC2012_val_00027968.JPEG,real,0,nature,train,True
2087,//kaggle/input/datasets/vtphatt2/genimage-glide/glide/imagenet_glide/train/nature/n03291819_9860.JPEG,real,0,nature,train,True
2088,//kaggle/input/datasets/vtphatt2/genimage-glide/glide/imagenet_glide/train/nature/n02012849_5577.JPEG,real,0,nature,train,True
2089,//kaggle/input/datasets/vtphatt2/genimage-glide/glide/imagenet_glide/train/nature/n02108422_8697.JPEG,real,0,nature,train,True
2090,//kaggle/input/datasets/vtphatt2/genimage-glide/glide/imagenet_glide/val/nature/ILSVRC2012_val_00011719.JPEG,real,0,nature,train,True
2091,//kaggle/input/datasets/vtphatt2/genimage-glide/glide/imagenet_glide/train/nature/n01749939_5843.JPEG,real,0,nature,train,True
2092,//kaggle/input/datasets/vtphatt2/genimage-glide/glide/imagenet_glide/train/nature/n04277352_15798.JPEG,real,0,nature,train,True
2093,//kaggle/input/datasets/vtphatt2/genimage-glide/glide/imagenet_glide/train/nature/n07715103_3461.JPEG,real,0,nature,train,True
2094,//kaggle/input/datasets/vtphatt2/genimage-glide/glide/imagenet_glide/train/nature/n03877845_16378.JPEG,real,0,nature,train,True
2095,//kaggle/input/datasets/vtphatt2/genimage-glide/glide/imagenet_glide/train/nature/n02494079_1652.JPEG,real,0,nature,train,True
2096,//kaggle/input/datasets/vtphatt2/genimage-glide/glide/imagenet_glide/train/nature/n03457902_20464.JPEG,real,0,nature,train,True
2097,//kaggle/input/datasets/vtphatt2/genimage-glide/glide/imagenet_glide/train/nature/n02128925_5053.JPEG,real,0,nature,train,True
2098,//kaggle/input/datasets/vtphatt2/genimage-glide/glide/imagenet_glide/train/nature/n03814906_50775.JPEG,real,0,nature,train,True
2099,//kaggle/input/datasets/vtphatt2/genimage-glide/glide/imagenet_glide/train/nature/n03131574_22088.JPEG,real,0,nature,train,True
2100,//kaggle/input/datasets/vtphatt2/genimage-glide/glide/imagenet_glide/train/nature/n02128385_1847.JPEG,real,0,nature,train,True
2101,//kaggle/input/datasets/vtphatt2/genimage-glide/glide/imagenet_glide/train/nature/n13044778_8711.JPEG,real,0,nature,train,True
2102,//kaggle/input/datasets/vtphatt2/genimage-glide/glide/imagenet_glide/train/nature/n02017213_1307.JPEG,real,0,nature,train,True
2103,//kaggle/input/datasets/vtphatt2/genimage-glide/glide/imagenet_glide/train/nature/n04435653_13819.JPEG,real,0,nature,train,True
2104,//kaggle/input/datasets/vtphatt2/genimage-glide/glide/imagenet_glide/train/nature/n03929855_630.JPEG,real,0,nature,train,True
2105,//kaggle/input/datasets/vtphatt2/genimage-glide/glide/imagenet_glide/train/nature/n02951358_35847.JPEG,real,0,nature,train,True
2106,//kaggle/input/datasets/vtphatt2/genimage-glide/glide/imagenet_glide/train/nature/n04458633_6441.JPEG,real,0,nature,train,True
2107,//kaggle/input/datasets/vtphatt2/genimage-glide/glide/imagenet_glide/train/nature/n01829413_10417.JPEG,real,0,nature,train,True
2108,//kaggle/input/datasets/vtphatt2/genimage-glide/glide/imagenet_glide/train/nature/n01755581_11100.JPEG,real,0,nature,train,True
2109,//kaggle/input/datasets/vtphatt2/genimage-glide/glide/imagenet_glide/train/nature/n01739381_4679.JPEG,real,0,nature,train,True
2110,//kaggle/input/datasets/vtphatt2/genimage-glide/glide/imagenet_glide/train/nature/n01514668_20469.JPEG,real,0,nature,train,True
2111,//kaggle/input/datasets/vtphatt2/genimage-glide/glide/imagenet_glide/train/nature/n07718472_34570.JPEG,real,0,nature,train,True
2112,//kaggle/input/datasets/vtphatt2/genimage-glide/glide/imagenet_glide/train/nature/n02480495_5471.JPEG,real,0,nature,train,True
2113,//kaggle/input/datasets/vtphatt2/genimage-glide/glide/imagenet_glide/train/nature/n02814860_5606.JPEG,real,0,nature,train,True
2114,//kaggle/input/datasets/vtphatt2/genimage-glide/glide/imagenet_glide/train/nature/n03379051_909.JPEG,real,0,nature,train,True
2115,//kaggle/input/datasets/vtphatt2/genimage-glide/glide/imagenet_glide/train/nature/n03272562_3879.JPEG,real,0,nature,train,True
2116,//kaggle/input/datasets/vtphatt2/genimage-glide/glide/imagenet_glide/train/nature/n02607072_4637.JPEG,real,0,nature,train,True
2117,//kaggle/input/datasets/vtphatt2/genimage-glide/glide/imagenet_glide/train/nature/n02086910_11383.JPEG,real,0,nature,train,True
2118,//kaggle/input/datasets/vtphatt2/genimage-glide/glide/imagenet_glide/train/nature/n02018207_10685.JPEG,real,0,nature,train,True
2119,//kaggle/input/datasets/vtphatt2/genimage-glide/glide/imagenet_glide/train/nature/n03535780_320.JPEG,real,0,nature,train,True
2120,//kaggle/input/datasets/vtphatt2/genimage-glide/glide/imagenet_glide/train/nature/n02102040_338.JPEG,real,0,nature,train,True
2121,//kaggle/input/datasets/vtphatt2/genimage-glide/glide/imagenet_glide/train/nature/n04442312_15560.JPEG,real,0,nature,train,True
2122,//kaggle/input/datasets/vtphatt2/genimage-glide/glide/imagenet_glide/train/nature/n04487081_10900.JPEG,real,0,nature,train,True
2123,//kaggle/input/datasets/vtphatt2/genimage-glide/glide/imagenet_glide/train/nature/n04254680_5482.JPEG,real,0,nature,train,True
2124,//kaggle/input/datasets/vtphatt2/genimage-glide/glide/imagenet_glide/train/nature/n07716906_5275.JPEG,real,0,nature,train,True
2125,//kaggle/input/datasets/vtphatt2/genimage-glide/glide/imagenet_glide/train/nature/n13037406_116.JPEG,real,0,nature,train,True
2126,//kaggle/input/datasets/vtphatt2/genimage-glide/glide/imagenet_glide/train/nature/n02111129_1014.JPEG,real,0,nature,train,True
2127,//kaggle/input/datasets/vtphatt2/genimage-glide/glide/imagenet_glide/train/nature/n02437616_11423.JPEG,real,0,nature,train,True
2128,//kaggle/input/datasets/vtphatt2/genimage-glide/glide/imagenet_glide/train/nature/n04258138_5672.JPEG,real,0,nature,train,True
2129,//kaggle/input/datasets/vtphatt2/genimage-glide/glide/imagenet_glide/train/nature/n02412080_11662.JPEG,real,0,nature,train,True
2130,//kaggle/input/datasets/vtphatt2/genimage-glide/glide/imagenet_glide/train/nature/n02128757_12316.JPEG,real,0,nature,train,True
2131,//kaggle/input/datasets/vtphatt2/genimage-glide/glide/imagenet_glide/train/nature/n03930313_863.JPEG,real,0,nature,train,True
2132,//kaggle/input/datasets/vtphatt2/genimage-glide/glide/imagenet_glide/train/nature/n02259212_2171.JPEG,real,0,nature,train,True
2133,//kaggle/input/datasets/vtphatt2/genimage-glide/glide/imagenet_glide/train/nature/n02107574_1156.JPEG,real,0,nature,train,True
2134,//kaggle/input/datasets/vtphatt2/genimage-glide/glide/imagenet_glide/train/nature/n01986214_14251.JPEG,real,0,nature,train,True
2135,//kaggle/input/datasets/vtphatt2/genimage-glide/glide/imagenet_glide/train/nature/n02177972_180.JPEG,real,0,nature,train,True
2136,//kaggle/input/datasets/vtphatt2/genimage-glide/glide/imagenet_glide/train/nature/n04146614_5814.JPEG,real,0,nature,train,True
2137,//kaggle/input/datasets/vtphatt2/genimage-glide/glide/imagenet_glide/train/nature/n02825657_11585.JPEG,real,0,nature,train,True
2138,//kaggle/input/datasets/vtphatt2/genimage-glide/glide/imagenet_glide/val/nature/ILSVRC2012_val_00046675.JPEG,real,0,nature,train,True
2139,//kaggle/input/datasets/vtphatt2/genimage-glide/glide/imagenet_glide/train/nature/n10148035_28535.JPEG,real,0,nature,train,True
2140,//kaggle/input/datasets/vtphatt2/genimage-glide/glide/imagenet_glide/train/nature/n04330267_17886.JPEG,real,0,nature,train,True
2141,//kaggle/input/datasets/vtphatt2/genimage-glide/glide/imagenet_glide/train/nature/n12057211_13580.JPEG,real,0,nature,train,True
2142,//kaggle/input/datasets/vtphatt2/genimage-glide/glide/imagenet_glide/train/nature/n01531178_4337.JPEG,real,0,nature,train,True
2143,//kaggle/input/datasets/vtphatt2/genimage-glide/glide/imagenet_glide/train/nature/n02389026_968.JPEG,real,0,nature,train,True
2144,//kaggle/input/datasets/vtphatt2/genimage-glide/glide/imagenet_glide/train/nature/n01682714_4442.JPEG,real,0,nature,train,True
2145,//kaggle/input/datasets/vtphatt2/genimage-glide/glide/imagenet_glide/train/nature/n04252225_562.JPEG,real,0,nature,train,True
2146,//kaggle/input/datasets/vtphatt2/genimage-glide/glide/imagenet_glide/train/nature/n01689811_8658.JPEG,real,0,nature,train,True
2147,//kaggle/input/datasets/vtphatt2/genimage-glide/glide/imagenet_glide/train/nature/n02105056_3594.JPEG,real,0,nature,train,True
2148,//kaggle/input/datasets/vtphatt2/genimage-glide/glide/imagenet_glide/train/nature/n03594734_65315.JPEG,real,0,nature,train,True
2149,//kaggle/input/datasets/vtphatt2/genimage-glide/glide/imagenet_glide/train/nature/n03854065_25869.JPEG,real,0,nature,train,True
2150,//kaggle/input/datasets/vtphatt2/genimage-glide/glide/imagenet_glide/train/nature/n02085782_4927.JPEG,real,0,nature,train,True
2151,//kaggle/input/datasets/vtphatt2/genimage-glide/glide/imagenet_glide/train/nature/n02229544_2647.JPEG,real,0,nature,train,True
2152,//kaggle/input/datasets/vtphatt2/genimage-glide/glide/imagenet_glide/train/nature/n02097209_522.JPEG,real,0,nature,train,True
2153,//kaggle/input/datasets/vtphatt2/genimage-glide/glide/imagenet_glide/val/nature/ILSVRC2012_val_00006715.JPEG,real,0,nature,train,True
2154,//kaggle/input/datasets/vtphatt2/genimage-glide/glide/imagenet_glide/val/nature/ILSVRC2012_val_00018455.JPEG,real,0,nature,train,True
2155,//kaggle/input/datasets/vtphatt2/genimage-glide/glide/imagenet_glide/train/nature/n02483708_5118.JPEG,real,0,nature,train,True
2156,//kaggle/input/datasets/vtphatt2/genimage-glide/glide/imagenet_glide/train/nature/n02276258_673.JPEG,real,0,nature,train,True
2157,//kaggle/input/datasets/vtphatt2/genimage-glide/glide/imagenet_glide/train/nature/n01986214_15869.JPEG,real,0,nature,train,True
2158,//kaggle/input/datasets/vtphatt2/genimage-glide/glide/imagenet_glide/train/nature/n03032252_94551.JPEG,real,0,nature,train,True
2159,//kaggle/input/datasets/vtphatt2/genimage-glide/glide/imagenet_glide/train/nature/n02606052_1030.JPEG,real,0,nature,train,True
2160,//kaggle/input/datasets/vtphatt2/genimage-glide/glide/imagenet_glide/train/nature/n01943899_17618.JPEG,real,0,nature,train,True
2161,//kaggle/input/datasets/vtphatt2/genimage-glide/glide/imagenet_glide/train/nature/n04146614_820.JPEG,real,0,nature,train,True
2162,//kaggle/input/datasets/vtphatt2/genimage-glide/glide/imagenet_glide/train/nature/n07871810_11775.JPEG,real,0,nature,train,True
2163,//kaggle/input/datasets/vtphatt2/genimage-glide/glide/imagenet_glide/train/nature/n01817953_33499.JPEG,real,0,nature,train,True
2164,//kaggle/input/datasets/vtphatt2/genimage-glide/glide/imagenet_glide/train/nature/n02979186_26976.JPEG,real,0,nature,train,True
2165,//kaggle/input/datasets/vtphatt2/genimage-glide/glide/imagenet_glide/train/nature/n03908618_17551.JPEG,real,0,nature,train,True
2166,//kaggle/input/datasets/vtphatt2/genimage-glide/glide/imagenet_glide/train/nature/n03445777_5097.JPEG,real,0,nature,train,True
2167,//kaggle/input/datasets/vtphatt2/genimage-glide/glide/imagenet_glide/train/nature/n01531178_4917.JPEG,real,0,nature,train,True
2168,//kaggle/input/datasets/vtphatt2/genimage-glide/glide/imagenet_glide/train/nature/n03742115_1490.JPEG,real,0,nature,train,True
2169,//kaggle/input/datasets/vtphatt2/genimage-glide/glide/imagenet_glide/train/nature/n01601694_16294.JPEG,real,0,nature,train,True
2170,//kaggle/input/datasets/vtphatt2/genimage-glide/glide/imagenet_glide/train/nature/n03476684_8587.JPEG,real,0,nature,train,True
2171,//kaggle/input/datasets/vtphatt2/genimage-glide/glide/imagenet_glide/train/nature/n02422106_916.JPEG,real,0,nature,train,True
2172,//kaggle/input/datasets/vtphatt2/genimage-glide/glide/imagenet_glide/train/nature/n02791124_7156.JPEG,real,0,nature,train,True
2173,//kaggle/input/datasets/vtphatt2/genimage-glide/glide/imagenet_glide/train/nature/n03763968_484.JPEG,real,0,nature,train,True
2174,//kaggle/input/datasets/vtphatt2/genimage-glide/glide/imagenet_glide/train/nature/n12620546_31265.JPEG,real,0,nature,train,True
2175,//kaggle/input/datasets/vtphatt2/genimage-glide/glide/imagenet_glide/train/nature/n01873310_10590.JPEG,real,0,nature,train,True
2176,//kaggle/input/datasets/vtphatt2/genimage-glide/glide/imagenet_glide/train/nature/n03272010_11341.JPEG,real,0,nature,train,True
2177,//kaggle/input/datasets/vtphatt2/genimage-glide/glide/imagenet_glide/train/nature/n02120505_1903.JPEG,real,0,nature,train,True
2178,//kaggle/input/datasets/vtphatt2/genimage-glide/glide/imagenet_glide/train/nature/n02108915_7062.JPEG,real,0,nature,train,True
2179,//kaggle/input/datasets/vtphatt2/genimage-glide/glide/imagenet_glide/train/nature/n04532106_13506.JPEG,real,0,nature,train,True
2180,//kaggle/input/datasets/vtphatt2/genimage-glide/glide/imagenet_glide/train/nature/n02504013_11144.JPEG,real,0,nature,train,True
2181,//kaggle/input/datasets/vtphatt2/genimage-glide/glide/imagenet_glide/train/nature/n09399592_57579.JPEG,real,0,nature,train,True
2182,//kaggle/input/datasets/vtphatt2/genimage-glide/glide/imagenet_glide/train/nature/n09229709_22203.JPEG,real,0,nature,train,True
2183,//kaggle/input/datasets/vtphatt2/genimage-glide/glide/imagenet_glide/train/nature/n02107683_2600.JPEG,real,0,nature,train,True
2184,//kaggle/input/datasets/vtphatt2/genimage-glide/glide/imagenet_glide/train/nature/n07583066_6801.JPEG,real,0,nature,train,True
2185,//kaggle/input/datasets/vtphatt2/genimage-glide/glide/imagenet_glide/train/nature/n04435653_4802.JPEG,real,0,nature,train,True
2186,//kaggle/input/datasets/vtphatt2/genimage-glide/glide/imagenet_glide/train/nature/n04009552_11462.JPEG,real,0,nature,train,True
2187,//kaggle/input/datasets/vtphatt2/genimage-glide/glide/imagenet_glide/train/nature/n02988304_4246.JPEG,real,0,nature,train,True
2188,//kaggle/input/datasets/vtphatt2/genimage-glide/glide/imagenet_glide/train/nature/n02123394_1924.JPEG,real,0,nature,train,True
2189,//kaggle/input/datasets/vtphatt2/genimage-glide/glide/imagenet_glide/train/nature/n01735189_21370.JPEG,real,0,nature,train,True
2190,//kaggle/input/datasets/vtphatt2/genimage-glide/glide/imagenet_glide/train/nature/n01818515_2035.JPEG,real,0,nature,train,True
2191,//kaggle/input/datasets/vtphatt2/genimage-glide/glide/imagenet_glide/train/nature/n01833805_6544.JPEG,real,0,nature,train,True
2192,//kaggle/input/datasets/vtphatt2/genimage-glide/glide/imagenet_glide/train/nature/n02093754_5012.JPEG,real,0,nature,train,True
2193,//kaggle/input/datasets/vtphatt2/genimage-glide/glide/imagenet_glide/train/nature/n03584254_426.JPEG,real,0,nature,train,True
2194,//kaggle/input/datasets/vtphatt2/genimage-glide/glide/imagenet_glide/train/nature/n03272562_2387.JPEG,real,0,nature,train,True
2195,//kaggle/input/datasets/vtphatt2/genimage-glide/glide/imagenet_glide/train/nature/n03930630_7667.JPEG,real,0,nature,train,True
2196,//kaggle/input/datasets/vtphatt2/genimage-glide/glide/imagenet_glide/train/nature/n01751748_6199.JPEG,real,0,nature,train,True
2197,//kaggle/input/datasets/vtphatt2/genimage-glide/glide/imagenet_glide/train/nature/n02097047_728.JPEG,real,0,nature,train,True
2198,//kaggle/input/datasets/vtphatt2/genimage-glide/glide/imagenet_glide/train/nature/n03673027_25007.JPEG,real,0,nature,train,True
2199,//kaggle/input/datasets/vtphatt2/genimage-glide/glide/imagenet_glide/train/nature/n03944341_10344.JPEG,real,0,nature,train,True
2200,//kaggle/input/datasets/vtphatt2/genimage-glide/glide/imagenet_glide/train/nature/n03763968_2976.JPEG,real,0,nature,train,True
2201,//kaggle/input/datasets/vtphatt2/genimage-glide/glide/imagenet_glide/train/nature/n04311174_7505.JPEG,real,0,nature,train,True
2202,//kaggle/input/datasets/vtphatt2/genimage-glide/glide/imagenet_glide/train/nature/n01855032_6473.JPEG,real,0,nature,train,True
2203,//kaggle/input/datasets/vtphatt2/genimage-glide/glide/imagenet_glide/train/nature/n03188531_11543.JPEG,real,0,nature,train,True
2204,//kaggle/input/datasets/vtphatt2/genimage-glide/glide/imagenet_glide/train/nature/n02815834_11968.JPEG,real,0,nature,train,True
2205,//kaggle/input/datasets/vtphatt2/genimage-glide/glide/imagenet_glide/train/nature/n03196217_11612.JPEG,real,0,nature,train,True
2206,//kaggle/input/datasets/vtphatt2/genimage-glide/glide/imagenet_glide/train/nature/n01728572_7368.JPEG,real,0,nature,train,True
2207,//kaggle/input/datasets/vtphatt2/genimage-glide/glide/imagenet_glide/train/nature/n02607072_129.JPEG,real,0,nature,train,True
2208,//kaggle/input/datasets/vtphatt2/genimage-glide/glide/imagenet_glide/train/nature/n01924916_6410.JPEG,real,0,nature,train,True
2209,//kaggle/input/datasets/vtphatt2/genimage-glide/glide/imagenet_glide/train/nature/n02104029_7912.JPEG,real,0,nature,train,True
2210,//kaggle/input/datasets/vtphatt2/genimage-glide/glide/imagenet_glide/train/nature/n03000684_4545.JPEG,real,0,nature,train,True
2211,//kaggle/input/datasets/vtphatt2/genimage-glide/glide/imagenet_glide/train/nature/n04037443_6538.JPEG,real,0,nature,train,True
2212,//kaggle/input/datasets/vtphatt2/genimage-glide/glide/imagenet_glide/train/nature/n02834397_22874.JPEG,real,0,nature,train,True
2213,//kaggle/input/datasets/vtphatt2/genimage-glide/glide/imagenet_glide/train/nature/n01871265_207.JPEG,real,0,nature,train,True
2214,//kaggle/input/datasets/vtphatt2/genimage-glide/glide/imagenet_glide/train/nature/n02088632_9285.JPEG,real,0,nature,train,True
2215,//kaggle/input/datasets/vtphatt2/genimage-glide/glide/imagenet_glide/train/nature/n03782006_19067.JPEG,real,0,nature,train,True
2216,//kaggle/input/datasets/vtphatt2/genimage-glide/glide/imagenet_glide/train/nature/n02128385_6745.JPEG,real,0,nature,train,True
2217,//kaggle/input/datasets/vtphatt2/genimage-glide/glide/imagenet_glide/train/nature/n03832673_1379.JPEG,real,0,nature,train,True
2218,//kaggle/input/datasets/vtphatt2/genimage-glide/glide/imagenet_glide/train/nature/n02111277_22636.JPEG,real,0,nature,train,True
2219,//kaggle/input/datasets/vtphatt2/genimage-glide/glide/imagenet_glide/train/nature/n02088466_9861.JPEG,real,0,nature,train,True
2220,//kaggle/input/datasets/vtphatt2/genimage-glide/glide/imagenet_glide/train/nature/n04074963_17983.JPEG,real,0,nature,train,True
2221,//kaggle/input/datasets/vtphatt2/genimage-glide/glide/imagenet_glide/train/nature/n02869837_20492.JPEG,real,0,nature,train,True
2222,//kaggle/input/datasets/vtphatt2/genimage-glide/glide/imagenet_glide/train/nature/n02417914_5500.JPEG,real,0,nature,train,True
2223,//kaggle/input/datasets/vtphatt2/genimage-glide/glide/imagenet_glide/train/nature/n02443114_42594.JPEG,real,0,nature,train,True
2224,//kaggle/input/datasets/vtphatt2/genimage-glide/glide/imagenet_glide/train/nature/n04254777_22245.JPEG,real,0,nature,train,True
2225,//kaggle/input/datasets/vtphatt2/genimage-glide/glide/imagenet_glide/train/nature/n02727426_16659.JPEG,real,0,nature,train,True
2226,//kaggle/input/datasets/vtphatt2/genimage-glide/glide/imagenet_glide/train/nature/n02966687_7455.JPEG,real,0,nature,train,True
2227,//kaggle/input/datasets/vtphatt2/genimage-glide/glide/imagenet_glide/train/nature/n04355338_4886.JPEG,real,0,nature,train,True
2228,//kaggle/input/datasets/vtphatt2/genimage-glide/glide/imagenet_glide/train/nature/n02825657_14100.JPEG,real,0,nature,train,True
2229,//kaggle/input/datasets/vtphatt2/genimage-glide/glide/imagenet_glide/train/nature/n02099849_3881.JPEG,real,0,nature,train,True
2230,//kaggle/input/datasets/vtphatt2/genimage-glide/glide/imagenet_glide/train/nature/n04423845_10470.JPEG,real,0,nature,train,True
2231,//kaggle/input/datasets/vtphatt2/genimage-glide/glide/imagenet_glide/val/nature/ILSVRC2012_val_00018124.JPEG,real,0,nature,train,True
2232,//kaggle/input/datasets/vtphatt2/genimage-glide/glide/imagenet_glide/train/nature/n01798484_1919.JPEG,real,0,nature,train,True
2233,//kaggle/input/datasets/vtphatt2/genimage-glide/glide/imagenet_glide/train/nature/n02236044_3967.JPEG,real,0,nature,train,True
2234,//kaggle/input/datasets/vtphatt2/genimage-glide/glide/imagenet_glide/train/nature/n04476259_8606.JPEG,real,0,nature,train,True
2235,//kaggle/input/datasets/vtphatt2/genimage-glide/glide/imagenet_glide/train/nature/n04553703_28891.JPEG,real,0,nature,train,True
2236,//kaggle/input/datasets/vtphatt2/genimage-glide/glide/imagenet_glide/train/nature/n09193705_16903.JPEG,real,0,nature,train,True
2237,//kaggle/input/datasets/vtphatt2/genimage-glide/glide/imagenet_glide/train/nature/n02110958_5658.JPEG,real,0,nature,train,True
2238,//kaggle/input/datasets/vtphatt2/genimage-glide/glide/imagenet_glide/train/nature/n03733281_38165.JPEG,real,0,nature,train,True
2239,//kaggle/input/datasets/vtphatt2/genimage-glide/glide/imagenet_glide/train/nature/n02087394_11069.JPEG,real,0,nature,train,True
2240,//kaggle/input/datasets/vtphatt2/genimage-glide/glide/imagenet_glide/train/nature/n04591157_3930.JPEG,real,0,nature,train,True
2241,//kaggle/input/datasets/vtphatt2/genimage-glide/glide/imagenet_glide/train/nature/n02112137_14801.JPEG,real,0,nature,train,True
2242,//kaggle/input/datasets/vtphatt2/genimage-glide/glide/imagenet_glide/train/nature/n02123045_5556.JPEG,real,0,nature,train,True
2243,//kaggle/input/datasets/vtphatt2/genimage-glide/glide/imagenet_glide/val/nature/ILSVRC2012_val_00014646.JPEG,real,0,nature,train,True
2244,//kaggle/input/datasets/vtphatt2/genimage-glide/glide/imagenet_glide/train/nature/n04019541_23222.JPEG,real,0,nature,train,True
2245,//kaggle/input/datasets/vtphatt2/genimage-glide/glide/imagenet_glide/train/nature/n02134418_13805.JPEG,real,0,nature,train,True
2246,//kaggle/input/datasets/vtphatt2/genimage-glide/glide/imagenet_glide/train/nature/n03792782_7099.JPEG,real,0,nature,train,True
2247,//kaggle/input/datasets/vtphatt2/genimage-glide/glide/imagenet_glide/train/nature/n04336792_7656.JPEG,real,0,nature,train,True
2248,//kaggle/input/datasets/vtphatt2/genimage-glide/glide/imagenet_glide/train/nature/n04118776_1124.JPEG,real,0,nature,train,True
2249,//kaggle/input/datasets/vtphatt2/genimage-glide/glide/imagenet_glide/train/nature/n02097047_2747.JPEG,real,0,nature,train,True
2250,//kaggle/input/datasets/vtphatt2/genimage-glide/glide/imagenet_glide/train/nature/n04266014_4105.JPEG,real,0,nature,train,True
2251,//kaggle/input/datasets/vtphatt2/genimage-glide/glide/imagenet_glide/train/nature/n01828970_6180.JPEG,real,0,nature,train,True
2252,//kaggle/input/datasets/vtphatt2/genimage-glide/glide/imagenet_glide/train/nature/n04486054_1702.JPEG,real,0,nature,train,True
2253,//kaggle/input/datasets/vtphatt2/genimage-glide/glide/imagenet_glide/val/nature/ILSVRC2012_val_00035637.JPEG,real,0,nature,train,True
2254,//kaggle/input/datasets/vtphatt2/genimage-glide/glide/imagenet_glide/train/nature/n03980874_11448.JPEG,real,0,nature,train,True
2255,//kaggle/input/datasets/vtphatt2/genimage-glide/glide/imagenet_glide/train/nature/n04612504_9981.JPEG,real,0,nature,train,True
2256,//kaggle/input/datasets/vtphatt2/genimage-glide/glide/imagenet_glide/train/nature/n01698640_516.JPEG,real,0,nature,train,True
2257,//kaggle/input/datasets/vtphatt2/genimage-glide/glide/imagenet_glide/train/nature/n02169497_4378.JPEG,real,0,nature,train,True
2258,//kaggle/input/datasets/vtphatt2/genimage-glide/glide/imagenet_glide/train/nature/n02097130_3270.JPEG,real,0,nature,train,True
2259,//kaggle/input/datasets/vtphatt2/genimage-glide/glide/imagenet_glide/train/nature/n02422699_12962.JPEG,real,0,nature,train,True
2260,//kaggle/input/datasets/vtphatt2/genimage-glide/glide/imagenet_glide/train/nature/n01558993_19528.JPEG,real,0,nature,train,True
2261,//kaggle/input/datasets/vtphatt2/genimage-glide/glide/imagenet_glide/train/nature/n07717410_1063.JPEG,real,0,nature,train,True
2262,//kaggle/input/datasets/vtphatt2/genimage-glide/glide/imagenet_glide/train/nature/n01824575_4952.JPEG,real,0,nature,train,True
2263,//kaggle/input/datasets/vtphatt2/genimage-glide/glide/imagenet_glide/train/nature/n02484975_5753.JPEG,real,0,nature,train,True
2264,//kaggle/input/datasets/vtphatt2/genimage-glide/glide/imagenet_glide/train/nature/n01491361_10737.JPEG,real,0,nature,train,True
2265,//kaggle/input/datasets/vtphatt2/genimage-glide/glide/imagenet_glide/train/nature/n03041632_1324.JPEG,real,0,nature,train,True
2266,//kaggle/input/datasets/vtphatt2/genimage-glide/glide/imagenet_glide/train/nature/n06596364_1477.JPEG,real,0,nature,train,True
2267,//kaggle/input/datasets/vtphatt2/genimage-glide/glide/imagenet_glide/train/nature/n06359193_33172.JPEG,real,0,nature,train,True
2268,//kaggle/input/datasets/vtphatt2/genimage-glide/glide/imagenet_glide/train/nature/n02951585_7802.JPEG,real,0,nature,train,True
2269,//kaggle/input/datasets/vtphatt2/genimage-glide/glide/imagenet_glide/train/nature/n07584110_832.JPEG,real,0,nature,train,True
2270,//kaggle/input/datasets/vtphatt2/genimage-glide/glide/imagenet_glide/train/nature/n12998815_1884.JPEG,real,0,nature,train,True
2271,//kaggle/input/datasets/vtphatt2/genimage-glide/glide/imagenet_glide/train/nature/n02109047_46633.JPEG,real,0,nature,train,True
2272,//kaggle/input/datasets/vtphatt2/genimage-glide/glide/imagenet_glide/train/nature/n01534433_8006.JPEG,real,0,nature,train,True
2273,//kaggle/input/datasets/vtphatt2/genimage-glide/glide/imagenet_glide/train/nature/n04229816_7628.JPEG,real,0,nature,train,True
2274,//kaggle/input/datasets/vtphatt2/genimage-glide/glide/imagenet_glide/val/nature/ILSVRC2012_val_00005180.JPEG,real,0,nature,train,True
2275,//kaggle/input/datasets/vtphatt2/genimage-glide/glide/imagenet_glide/train/nature/n02488702_1401.JPEG,real,0,nature,train,True
2276,//kaggle/input/datasets/vtphatt2/genimage-glide/glide/imagenet_glide/train/nature/n02089973_3120.JPEG,real,0,nature,train,True
2277,//kaggle/input/datasets/vtphatt2/genimage-glide/glide/imagenet_glide/train/nature/n04479046_25144.JPEG,real,0,nature,train,True
2278,//kaggle/input/datasets/vtphatt2/genimage-glide/glide/imagenet_glide/train/nature/n03089624_2635.JPEG,real,0,nature,train,True
2279,//kaggle/input/datasets/vtphatt2/genimage-glide/glide/imagenet_glide/train/nature/n04482393_2457.JPEG,real,0,nature,train,True
2280,//kaggle/input/datasets/vtphatt2/genimage-glide/glide/imagenet_glide/train/nature/n03223299_10338.JPEG,real,0,nature,train,True
2281,//kaggle/input/datasets/vtphatt2/genimage-glide/glide/imagenet_glide/train/nature/n04557648_2900.JPEG,real,0,nature,train,True
2282,//kaggle/input/datasets/vtphatt2/genimage-glide/glide/imagenet_glide/train/nature/n04536866_27501.JPEG,real,0,nature,train,True
2283,//kaggle/input/datasets/vtphatt2/genimage-glide/glide/imagenet_glide/train/nature/n02786058_9423.JPEG,real,0,nature,train,True
2284,//kaggle/input/datasets/vtphatt2/genimage-glide/glide/imagenet_glide/train/nature/n01819313_6552.JPEG,real,0,nature,train,True
2285,//kaggle/input/datasets/vtphatt2/genimage-glide/glide/imagenet_glide/train/nature/n06596364_8676.JPEG,real,0,nature,train,True
2286,//kaggle/input/datasets/vtphatt2/genimage-glide/glide/imagenet_glide/train/nature/n04209133_12298.JPEG,real,0,nature,train,True
2287,//kaggle/input/datasets/vtphatt2/genimage-glide/glide/imagenet_glide/train/nature/n09193705_12258.JPEG,real,0,nature,train,True
2288,//kaggle/input/datasets/vtphatt2/genimage-glide/glide/imagenet_glide/train/nature/n02088466_11551.JPEG,real,0,nature,train,True
2289,//kaggle/input/datasets/vtphatt2/genimage-glide/glide/imagenet_glide/train/nature/n03272010_4865.JPEG,real,0,nature,train,True
2290,//kaggle/input/datasets/vtphatt2/genimage-glide/glide/imagenet_glide/train/nature/n03623198_1436.JPEG,real,0,nature,train,True
2291,//kaggle/input/datasets/vtphatt2/genimage-glide/glide/imagenet_glide/train/nature/n01860187_6495.JPEG,real,0,nature,train,True
2292,//kaggle/input/datasets/vtphatt2/genimage-glide/glide/imagenet_glide/train/nature/n03792782_72.JPEG,real,0,nature,train,True
2293,//kaggle/input/datasets/vtphatt2/genimage-glide/glide/imagenet_glide/train/nature/n04418357_19852.JPEG,real,0,nature,train,True
2294,//kaggle/input/datasets/vtphatt2/genimage-glide/glide/imagenet_glide/train/nature/n02086910_8529.JPEG,real,0,nature,train,True
2295,//kaggle/input/datasets/vtphatt2/genimage-glide/glide/imagenet_glide/train/nature/n03709823_14382.JPEG,real,0,nature,train,True
2296,//kaggle/input/datasets/vtphatt2/genimage-glide/glide/imagenet_glide/train/nature/n02363005_1751.JPEG,real,0,nature,train,True
2297,//kaggle/input/datasets/vtphatt2/genimage-glide/glide/imagenet_glide/train/nature/n02317335_3211.JPEG,real,0,nature,train,True
2298,//kaggle/input/datasets/vtphatt2/genimage-glide/glide/imagenet_glide/train/nature/n07584110_320.JPEG,real,0,nature,train,True
2299,//kaggle/input/datasets/vtphatt2/genimage-glide/glide/imagenet_glide/train/nature/n01968897_508.JPEG,real,0,nature,train,True
2300,//kaggle/input/datasets/vtphatt2/genimage-glide/glide/imagenet_glide/train/nature/n03208938_15819.JPEG,real,0,nature,train,True
2301,//kaggle/input/datasets/vtphatt2/genimage-glide/glide/imagenet_glide/train/nature/n01978455_7039.JPEG,real,0,nature,train,True
2302,//kaggle/input/datasets/vtphatt2/genimage-glide/glide/imagenet_glide/train/nature/n11939491_32309.JPEG,real,0,nature,train,True
2303,//kaggle/input/datasets/vtphatt2/genimage-glide/glide/imagenet_glide/train/nature/n02504458_3728.JPEG,real,0,nature,train,True
2304,//kaggle/input/datasets/vtphatt2/genimage-glide/glide/imagenet_glide/train/nature/n07714571_2822.JPEG,real,0,nature,train,True
2305,//kaggle/input/datasets/vtphatt2/genimage-glide/glide/imagenet_glide/train/nature/n01693334_24177.JPEG,real,0,nature,train,True
2306,//kaggle/input/datasets/vtphatt2/genimage-glide/glide/imagenet_glide/train/nature/n01784675_18607.JPEG,real,0,nature,train,True
2307,//kaggle/input/datasets/vtphatt2/genimage-glide/glide/imagenet_glide/train/nature/n04525305_12395.JPEG,real,0,nature,train,True
2308,//kaggle/input/datasets/vtphatt2/genimage-glide/glide/imagenet_glide/val/nature/ILSVRC2012_val_00005027.JPEG,real,0,nature,train,True
2309,//kaggle/input/datasets/vtphatt2/genimage-glide/glide/imagenet_glide/train/nature/n01883070_4417.JPEG,real,0,nature,train,True
2310,//kaggle/input/datasets/vtphatt2/genimage-glide/glide/imagenet_glide/train/nature/n04462240_24941.JPEG,real,0,nature,train,True
2311,//kaggle/input/datasets/vtphatt2/genimage-glide/glide/imagenet_glide/train/nature/n03141823_11989.JPEG,real,0,nature,train,True
2312,//kaggle/input/datasets/vtphatt2/genimage-glide/glide/imagenet_glide/train/nature/n03344393_806.JPEG,real,0,nature,train,True
2313,//kaggle/input/datasets/vtphatt2/genimage-glide/glide/imagenet_glide/train/nature/n04204347_42.JPEG,real,0,nature,train,True
2314,//kaggle/input/datasets/vtphatt2/genimage-glide/glide/imagenet_glide/train/nature/n04204238_1284.JPEG,real,0,nature,train,True
2315,//kaggle/input/datasets/vtphatt2/genimage-glide/glide/imagenet_glide/train/nature/n04536866_9856.JPEG,real,0,nature,train,True
2316,//kaggle/input/datasets/vtphatt2/genimage-glide/glide/imagenet_glide/train/nature/n02484975_10703.JPEG,real,0,nature,train,True
2317,//kaggle/input/datasets/vtphatt2/genimage-glide/glide/imagenet_glide/train/nature/n13133613_91263.JPEG,real,0,nature,train,True
2318,//kaggle/input/datasets/vtphatt2/genimage-glide/glide/imagenet_glide/train/nature/n03873416_1935.JPEG,real,0,nature,train,True
2319,//kaggle/input/datasets/vtphatt2/genimage-glide/glide/imagenet_glide/train/nature/n03623198_10943.JPEG,real,0,nature,train,True
2320,//kaggle/input/datasets/vtphatt2/genimage-glide/glide/imagenet_glide/train/nature/n01797886_4169.JPEG,real,0,nature,train,True
2321,//kaggle/input/datasets/vtphatt2/genimage-glide/glide/imagenet_glide/train/nature/n02965783_4963.JPEG,real,0,nature,train,True
2322,//kaggle/input/datasets/vtphatt2/genimage-glide/glide/imagenet_glide/train/nature/n03763968_646.JPEG,real,0,nature,train,True
2323,//kaggle/input/datasets/vtphatt2/genimage-glide/glide/imagenet_glide/train/nature/n02097298_10731.JPEG,real,0,nature,train,True
2324,//kaggle/input/datasets/vtphatt2/genimage-glide/glide/imagenet_glide/train/nature/n03590841_6725.JPEG,real,0,nature,train,True
2325,//kaggle/input/datasets/vtphatt2/genimage-glide/glide/imagenet_glide/train/nature/n03075370_10862.JPEG,real,0,nature,train,True
2326,//kaggle/input/datasets/vtphatt2/genimage-glide/glide/imagenet_glide/train/nature/n04111531_6201.JPEG,real,0,nature,train,True
2327,//kaggle/input/datasets/vtphatt2/genimage-glide/glide/imagenet_glide/train/nature/n02971356_17495.JPEG,real,0,nature,train,True
2328,//kaggle/input/datasets/vtphatt2/genimage-glide/glide/imagenet_glide/train/nature/n04265275_4927.JPEG,real,0,nature,train,True
2329,//kaggle/input/datasets/vtphatt2/genimage-glide/glide/imagenet_glide/train/nature/n01749939_5816.JPEG,real,0,nature,train,True
2330,//kaggle/input/datasets/vtphatt2/genimage-glide/glide/imagenet_glide/train/nature/n04501370_6081.JPEG,real,0,nature,train,True
2331,//kaggle/input/datasets/vtphatt2/genimage-glide/glide/imagenet_glide/train/nature/n01981276_1713.JPEG,real,0,nature,train,True
2332,//kaggle/input/datasets/vtphatt2/genimage-glide/glide/imagenet_glide/train/nature/n02488702_484.JPEG,real,0,nature,train,True
2333,//kaggle/input/datasets/vtphatt2/genimage-glide/glide/imagenet_glide/train/nature/n03417042_1348.JPEG,real,0,nature,train,True
2334,//kaggle/input/datasets/vtphatt2/genimage-glide/glide/imagenet_glide/train/nature/n04479046_53.JPEG,real,0,nature,train,True
2335,//kaggle/input/datasets/vtphatt2/genimage-glide/glide/imagenet_glide/train/nature/n04152593_5249.JPEG,real,0,nature,train,True
2336,//kaggle/input/datasets/vtphatt2/genimage-glide/glide/imagenet_glide/train/nature/n03769881_4669.JPEG,real,0,nature,train,True
2337,//kaggle/input/datasets/vtphatt2/genimage-glide/glide/imagenet_glide/train/nature/n01728920_972.JPEG,real,0,nature,train,True
2338,//kaggle/input/datasets/vtphatt2/genimage-glide/glide/imagenet_glide/train/nature/n04443257_17973.JPEG,real,0,nature,train,True
2339,//kaggle/input/datasets/vtphatt2/genimage-glide/glide/imagenet_glide/train/nature/n03793489_7187.JPEG,real,0,nature,train,True
2340,//kaggle/input/datasets/vtphatt2/genimage-glide/glide/imagenet_glide/train/nature/n03724870_37050.JPEG,real,0,nature,train,True
2341,//kaggle/input/datasets/vtphatt2/genimage-glide/glide/imagenet_glide/train/nature/n02094114_1136.JPEG,real,0,nature,train,True
2342,//kaggle/input/datasets/vtphatt2/genimage-glide/glide/imagenet_glide/train/nature/n04462240_6756.JPEG,real,0,nature,train,True
2343,//kaggle/input/datasets/vtphatt2/genimage-glide/glide/imagenet_glide/train/nature/n02346627_6339.JPEG,real,0,nature,train,True
2344,//kaggle/input/datasets/vtphatt2/genimage-glide/glide/imagenet_glide/train/nature/n02423022_8733.JPEG,real,0,nature,train,True
2345,//kaggle/input/datasets/vtphatt2/genimage-glide/glide/imagenet_glide/train/nature/n04116512_5033.JPEG,real,0,nature,train,True
2346,//kaggle/input/datasets/vtphatt2/genimage-glide/glide/imagenet_glide/train/nature/n02483362_6743.JPEG,real,0,nature,train,True
2347,//kaggle/input/datasets/vtphatt2/genimage-glide/glide/imagenet_glide/train/nature/n03787032_11091.JPEG,real,0,nature,train,True
2348,//kaggle/input/datasets/vtphatt2/genimage-glide/glide/imagenet_glide/train/nature/n01608432_11518.JPEG,real,0,nature,train,True
2349,//kaggle/input/datasets/vtphatt2/genimage-glide/glide/imagenet_glide/train/nature/n02823428_1697.JPEG,real,0,nature,train,True
2350,//kaggle/input/datasets/vtphatt2/genimage-glide/glide/imagenet_glide/train/nature/n04044716_12140.JPEG,real,0,nature,train,True
2351,//kaggle/input/datasets/vtphatt2/genimage-glide/glide/imagenet_glide/train/nature/n02106030_9897.JPEG,real,0,nature,train,True
2352,//kaggle/input/datasets/vtphatt2/genimage-glide/glide/imagenet_glide/train/nature/n04599235_16606.JPEG,real,0,nature,train,True
2353,//kaggle/input/datasets/vtphatt2/genimage-glide/glide/imagenet_glide/train/nature/n01774750_6952.JPEG,real,0,nature,train,True
2354,//kaggle/input/datasets/vtphatt2/genimage-glide/glide/imagenet_glide/train/nature/n02107142_11077.JPEG,real,0,nature,train,True
2355,//kaggle/input/datasets/vtphatt2/genimage-glide/glide/imagenet_glide/train/nature/n03709823_12140.JPEG,real,0,nature,train,True
2356,//kaggle/input/datasets/vtphatt2/genimage-glide/glide/imagenet_glide/train/nature/n01773797_4474.JPEG,real,0,nature,train,True
2357,//kaggle/input/datasets/vtphatt2/genimage-glide/glide/imagenet_glide/train/nature/n02794156_7564.JPEG,real,0,nature,train,True
2358,//kaggle/input/datasets/vtphatt2/genimage-glide/glide/imagenet_glide/train/nature/n03478589_5536.JPEG,real,0,nature,train,True
2359,//kaggle/input/datasets/vtphatt2/genimage-glide/glide/imagenet_glide/train/nature/n04325704_3772.JPEG,real,0,nature,train,True
2360,//kaggle/input/datasets/vtphatt2/genimage-glide/glide/imagenet_glide/train/nature/n03785016_16208.JPEG,real,0,nature,train,True
2361,//kaggle/input/datasets/vtphatt2/genimage-glide/glide/imagenet_glide/train/nature/n02879718_11532.JPEG,real,0,nature,train,True
2362,//kaggle/input/datasets/vtphatt2/genimage-glide/glide/imagenet_glide/train/nature/n01631663_7997.JPEG,real,0,nature,train,True
2363,//kaggle/input/datasets/vtphatt2/genimage-glide/glide/imagenet_glide/train/nature/n04599235_21738.JPEG,real,0,nature,train,True
2364,//kaggle/input/datasets/vtphatt2/genimage-glide/glide/imagenet_glide/train/nature/n03792782_1332.JPEG,real,0,nature,train,True
2365,//kaggle/input/datasets/vtphatt2/genimage-glide/glide/imagenet_glide/train/nature/n07749582_29329.JPEG,real,0,nature,train,True
2366,//kaggle/input/datasets/vtphatt2/genimage-glide/glide/imagenet_glide/train/nature/n03788195_17397.JPEG,real,0,nature,train,True
2367,//kaggle/input/datasets/vtphatt2/genimage-glide/glide/imagenet_glide/train/nature/n01756291_10618.JPEG,real,0,nature,train,True
2368,//kaggle/input/datasets/vtphatt2/genimage-glide/glide/imagenet_glide/train/nature/n03642806_3895.JPEG,real,0,nature,train,True
2369,//kaggle/input/datasets/vtphatt2/genimage-glide/glide/imagenet_glide/train/nature/n02281406_6192.JPEG,real,0,nature,train,True
2370,//kaggle/input/datasets/vtphatt2/genimage-glide/glide/imagenet_glide/train/nature/n04591713_17471.JPEG,real,0,nature,train,True
2371,//kaggle/input/datasets/vtphatt2/genimage-glide/glide/imagenet_glide/train/nature/n01644373_7067.JPEG,real,0,nature,train,True
2372,//kaggle/input/datasets/vtphatt2/genimage-glide/glide/imagenet_glide/val/nature/ILSVRC2012_val_00047541.JPEG,real,0,nature,train,True
2373,//kaggle/input/datasets/vtphatt2/genimage-glide/glide/imagenet_glide/train/nature/n02099601_7124.JPEG,real,0,nature,train,True
2374,//kaggle/input/datasets/vtphatt2/genimage-glide/glide/imagenet_glide/train/nature/n01968897_6650.JPEG,real,0,nature,train,True
2375,//kaggle/input/datasets/vtphatt2/genimage-glide/glide/imagenet_glide/train/nature/n02391049_1188.JPEG,real,0,nature,train,True
2376,//kaggle/input/datasets/vtphatt2/genimage-glide/glide/imagenet_glide/train/nature/n01774750_7875.JPEG,real,0,nature,train,True
2377,//kaggle/input/datasets/vtphatt2/genimage-glide/glide/imagenet_glide/train/nature/n01558993_5762.JPEG,real,0,nature,train,True
2378,//kaggle/input/datasets/vtphatt2/genimage-glide/glide/imagenet_glide/train/nature/n03876231_3690.JPEG,real,0,nature,train,True
2379,//kaggle/input/datasets/vtphatt2/genimage-glide/glide/imagenet_glide/train/nature/n03602883_364.JPEG,real,0,nature,train,True
2380,//kaggle/input/datasets/vtphatt2/genimage-glide/glide/imagenet_glide/train/nature/n03297495_1821.JPEG,real,0,nature,train,True
2381,//kaggle/input/datasets/vtphatt2/genimage-glide/glide/imagenet_glide/train/nature/n02917067_11207.JPEG,real,0,nature,train,True
2382,//kaggle/input/datasets/vtphatt2/genimage-glide/glide/imagenet_glide/train/nature/n04336792_45930.JPEG,real,0,nature,train,True
2383,//kaggle/input/datasets/vtphatt2/genimage-glide/glide/imagenet_glide/train/nature/n04033995_3382.JPEG,real,0,nature,train,True
2384,//kaggle/input/datasets/vtphatt2/genimage-glide/glide/imagenet_glide/train/nature/n02256656_12826.JPEG,real,0,nature,train,True
2385,//kaggle/input/datasets/vtphatt2/genimage-glide/glide/imagenet_glide/train/nature/n02231487_1661.JPEG,real,0,nature,train,True
2386,//kaggle/input/datasets/vtphatt2/genimage-glide/glide/imagenet_glide/train/nature/n04447861_1660.JPEG,real,0,nature,train,True
2387,//kaggle/input/datasets/vtphatt2/genimage-glide/glide/imagenet_glide/train/nature/n02391049_8565.JPEG,real,0,nature,train,True
2388,//kaggle/input/datasets/vtphatt2/genimage-glide/glide/imagenet_glide/val/nature/ILSVRC2012_val_00034429.JPEG,real,0,nature,train,True
2389,//kaggle/input/datasets/vtphatt2/genimage-glide/glide/imagenet_glide/train/nature/n01729322_18275.JPEG,real,0,nature,train,True
2390,//kaggle/input/datasets/vtphatt2/genimage-glide/glide/imagenet_glide/train/nature/n01532829_37089.JPEG,real,0,nature,train,True
2391,//kaggle/input/datasets/vtphatt2/genimage-glide/glide/imagenet_glide/train/nature/n04599235_6550.JPEG,real,0,nature,train,True
2392,//kaggle/input/datasets/vtphatt2/genimage-glide/glide/imagenet_glide/train/nature/n02105505_157.JPEG,real,0,nature,train,True
2393,//kaggle/input/datasets/vtphatt2/genimage-glide/glide/imagenet_glide/train/nature/n02966193_26651.JPEG,real,0,nature,train,True
2394,//kaggle/input/datasets/vtphatt2/genimage-glide/glide/imagenet_glide/train/nature/n02229544_4838.JPEG,real,0,nature,train,True
2395,//kaggle/input/datasets/vtphatt2/genimage-glide/glide/imagenet_glide/train/nature/n02088632_133.JPEG,real,0,nature,train,True
2396,//kaggle/input/datasets/vtphatt2/genimage-glide/glide/imagenet_glide/train/nature/n04065272_34480.JPEG,real,0,nature,train,True
2397,//kaggle/input/datasets/vtphatt2/genimage-glide/glide/imagenet_glide/train/nature/n02980441_630.JPEG,real,0,nature,train,True
2398,//kaggle/input/datasets/vtphatt2/genimage-glide/glide/imagenet_glide/train/nature/n04552348_22529.JPEG,real,0,nature,train,True
2399,//kaggle/input/datasets/vtphatt2/genimage-glide/glide/imagenet_glide/train/nature/n09472597_9842.JPEG,real,0,nature,train,True
2400,//kaggle/input/datasets/vtphatt2/genimage-glide/glide/imagenet_glide/train/nature/n03259280_5399.JPEG,real,0,nature,train,True
2401,//kaggle/input/datasets/vtphatt2/genimage-glide/glide/imagenet_glide/train/nature/n02097209_1042.JPEG,real,0,nature,train,True
2402,//kaggle/input/datasets/vtphatt2/genimage-glide/glide/imagenet_glide/train/nature/n03956157_12645.JPEG,real,0,nature,train,True
2403,//kaggle/input/datasets/vtphatt2/genimage-glide/glide/imagenet_glide/train/nature/n04550184_5161.JPEG,real,0,nature,train,True
2404,//kaggle/input/datasets/vtphatt2/genimage-glide/glide/imagenet_glide/train/nature/n02117135_9067.JPEG,real,0,nature,train,True
2405,//kaggle/input/datasets/vtphatt2/genimage-glide/glide/imagenet_glide/train/nature/n01943899_36664.JPEG,real,0,nature,train,True
2406,//kaggle/input/datasets/vtphatt2/genimage-glide/glide/imagenet_glide/val/nature/ILSVRC2012_val_00017444.JPEG,real,0,nature,train,True
2407,//kaggle/input/datasets/vtphatt2/genimage-glide/glide/imagenet_glide/train/nature/n04371430_7169.JPEG,real,0,nature,train,True
2408,//kaggle/input/datasets/vtphatt2/genimage-glide/glide/imagenet_glide/train/nature/n03710637_4705.JPEG,real,0,nature,train,True
2409,//kaggle/input/datasets/vtphatt2/genimage-glide/glide/imagenet_glide/train/nature/n04507155_17861.JPEG,real,0,nature,train,True
2410,//kaggle/input/datasets/vtphatt2/genimage-glide/glide/imagenet_glide/train/nature/n03787032_3683.JPEG,real,0,nature,train,True
2411,//kaggle/input/datasets/vtphatt2/genimage-glide/glide/imagenet_glide/train/nature/n02130308_4182.JPEG,real,0,nature,train,True
2412,//kaggle/input/datasets/vtphatt2/genimage-glide/glide/imagenet_glide/train/nature/n02105505_4693.JPEG,real,0,nature,train,True
2413,//kaggle/input/datasets/vtphatt2/genimage-glide/glide/imagenet_glide/train/nature/n02950826_31967.JPEG,real,0,nature,train,True
2414,//kaggle/input/datasets/vtphatt2/genimage-glide/glide/imagenet_glide/train/nature/n02098105_5709.JPEG,real,0,nature,train,True
2415,//kaggle/input/datasets/vtphatt2/genimage-glide/glide/imagenet_glide/train/nature/n04296562_52320.JPEG,real,0,nature,train,True
2416,//kaggle/input/datasets/vtphatt2/genimage-glide/glide/imagenet_glide/train/nature/n03598930_2215.JPEG,real,0,nature,train,True
2417,//kaggle/input/datasets/vtphatt2/genimage-glide/glide/imagenet_glide/train/nature/n02443484_9152.JPEG,real,0,nature,train,True
2418,//kaggle/input/datasets/vtphatt2/genimage-glide/glide/imagenet_glide/train/nature/n03355925_21333.JPEG,real,0,nature,train,True
2419,//kaggle/input/datasets/vtphatt2/genimage-glide/glide/imagenet_glide/train/nature/n04542943_366.JPEG,real,0,nature,train,True
2420,//kaggle/input/datasets/vtphatt2/genimage-glide/glide/imagenet_glide/train/nature/n02104365_699.JPEG,real,0,nature,train,True
2421,//kaggle/input/datasets/vtphatt2/genimage-glide/glide/imagenet_glide/train/nature/n03982430_24117.JPEG,real,0,nature,train,True
2422,//kaggle/input/datasets/vtphatt2/genimage-glide/glide/imagenet_glide/train/nature/n02085782_4436.JPEG,real,0,nature,train,True
2423,//kaggle/input/datasets/vtphatt2/genimage-glide/glide/imagenet_glide/train/nature/n01980166_52.JPEG,real,0,nature,train,True
2424,//kaggle/input/datasets/vtphatt2/genimage-glide/glide/imagenet_glide/train/nature/n03697007_14480.JPEG,real,0,nature,train,True
2425,//kaggle/input/datasets/vtphatt2/genimage-glide/glide/imagenet_glide/train/nature/n04483307_4815.JPEG,real,0,nature,train,True
2426,//kaggle/input/datasets/vtphatt2/genimage-glide/glide/imagenet_glide/train/nature/n04141076_37734.JPEG,real,0,nature,train,True
2427,//kaggle/input/datasets/vtphatt2/genimage-glide/glide/imagenet_glide/train/nature/n01592084_5971.JPEG,real,0,nature,train,True
2428,//kaggle/input/datasets/vtphatt2/genimage-glide/glide/imagenet_glide/train/nature/n03903868_59766.JPEG,real,0,nature,train,True
2429,//kaggle/input/datasets/vtphatt2/genimage-glide/glide/imagenet_glide/train/nature/n02033041_2934.JPEG,real,0,nature,train,True
2430,//kaggle/input/datasets/vtphatt2/genimage-glide/glide/imagenet_glide/train/nature/n02091831_8695.JPEG,real,0,nature,train,True
2431,//kaggle/input/datasets/vtphatt2/genimage-glide/glide/imagenet_glide/train/nature/n03291819_2659.JPEG,real,0,nature,train,True
2432,//kaggle/input/datasets/vtphatt2/genimage-glide/glide/imagenet_glide/val/nature/ILSVRC2012_val_00025992.JPEG,real,0,nature,train,True
2433,//kaggle/input/datasets/vtphatt2/genimage-glide/glide/imagenet_glide/train/nature/n04372370_18059.JPEG,real,0,nature,train,True
2434,//kaggle/input/datasets/vtphatt2/genimage-glide/glide/imagenet_glide/train/nature/n04311004_2551.JPEG,real,0,nature,train,True
2435,//kaggle/input/datasets/vtphatt2/genimage-glide/glide/imagenet_glide/train/nature/n03207743_5371.JPEG,real,0,nature,train,True
2436,//kaggle/input/datasets/vtphatt2/genimage-glide/glide/imagenet_glide/train/nature/n01829413_8057.JPEG,real,0,nature,train,True
2437,//kaggle/input/datasets/vtphatt2/genimage-glide/glide/imagenet_glide/train/nature/n03841143_11483.JPEG,real,0,nature,train,True
2438,//kaggle/input/datasets/vtphatt2/genimage-glide/glide/imagenet_glide/train/nature/n07695742_21771.JPEG,real,0,nature,train,True
2439,//kaggle/input/datasets/vtphatt2/genimage-glide/glide/imagenet_glide/train/nature/n04228054_2386.JPEG,real,0,nature,train,True
2440,//kaggle/input/datasets/vtphatt2/genimage-glide/glide/imagenet_glide/train/nature/n01753488_17362.JPEG,real,0,nature,train,True
2441,//kaggle/input/datasets/vtphatt2/genimage-glide/glide/imagenet_glide/train/nature/n02104365_7358.JPEG,real,0,nature,train,True
2442,//kaggle/input/datasets/vtphatt2/genimage-glide/glide/imagenet_glide/train/nature/n06794110_1992.JPEG,real,0,nature,train,True
2443,//kaggle/input/datasets/vtphatt2/genimage-glide/glide/imagenet_glide/train/nature/n02113624_8511.JPEG,real,0,nature,train,True
2444,//kaggle/input/datasets/vtphatt2/genimage-glide/glide/imagenet_glide/train/nature/n02412080_256.JPEG,real,0,nature,train,True
2445,//kaggle/input/datasets/vtphatt2/genimage-glide/glide/imagenet_glide/train/nature/n03384352_5165.JPEG,real,0,nature,train,True
2446,//kaggle/input/datasets/vtphatt2/genimage-glide/glide/imagenet_glide/train/nature/n02892201_492.JPEG,real,0,nature,train,True
2447,//kaggle/input/datasets/vtphatt2/genimage-glide/glide/imagenet_glide/train/nature/n02110806_884.JPEG,real,0,nature,train,True
2448,//kaggle/input/datasets/vtphatt2/genimage-glide/glide/imagenet_glide/train/nature/n03838899_51216.JPEG,real,0,nature,train,True
2449,//kaggle/input/datasets/vtphatt2/genimage-glide/glide/imagenet_glide/train/nature/n02979186_11713.JPEG,real,0,nature,train,True
2450,//kaggle/input/datasets/vtphatt2/genimage-glide/glide/imagenet_glide/train/nature/n03787032_3501.JPEG,real,0,nature,train,True
2451,//kaggle/input/datasets/vtphatt2/genimage-glide/glide/imagenet_glide/train/nature/n03658185_473.JPEG,real,0,nature,train,True
2452,//kaggle/input/datasets/vtphatt2/genimage-glide/glide/imagenet_glide/train/nature/n03590841_5931.JPEG,real,0,nature,train,True
2453,//kaggle/input/datasets/vtphatt2/genimage-glide/glide/imagenet_glide/train/nature/n01986214_637.JPEG,real,0,nature,train,True
2454,//kaggle/input/datasets/vtphatt2/genimage-glide/glide/imagenet_glide/train/nature/n03888605_9398.JPEG,real,0,nature,train,True
2455,//kaggle/input/datasets/vtphatt2/genimage-glide/glide/imagenet_glide/train/nature/n03290653_1077.JPEG,real,0,nature,train,True
2456,//kaggle/input/datasets/vtphatt2/genimage-glide/glide/imagenet_glide/train/nature/n07836838_9182.JPEG,real,0,nature,train,True
2457,//kaggle/input/datasets/vtphatt2/genimage-glide/glide/imagenet_glide/train/nature/n03492542_24237.JPEG,real,0,nature,train,True
2458,//kaggle/input/datasets/vtphatt2/genimage-glide/glide/imagenet_glide/train/nature/n04239074_7907.JPEG,real,0,nature,train,True
2459,//kaggle/input/datasets/vtphatt2/genimage-glide/glide/imagenet_glide/train/nature/n04501370_20660.JPEG,real,0,nature,train,True
2460,//kaggle/input/datasets/vtphatt2/genimage-glide/glide/imagenet_glide/train/nature/n01768244_4581.JPEG,real,0,nature,train,True
2461,//kaggle/input/datasets/vtphatt2/genimage-glide/glide/imagenet_glide/train/nature/n04392985_4382.JPEG,real,0,nature,train,True
2462,//kaggle/input/datasets/vtphatt2/genimage-glide/glide/imagenet_glide/train/nature/n02037110_7007.JPEG,real,0,nature,train,True
2463,//kaggle/input/datasets/vtphatt2/genimage-glide/glide/imagenet_glide/train/nature/n03255030_13034.JPEG,real,0,nature,train,True
2464,//kaggle/input/datasets/vtphatt2/genimage-glide/glide/imagenet_glide/train/nature/n04423845_31023.JPEG,real,0,nature,train,True
2465,//kaggle/input/datasets/vtphatt2/genimage-glide/glide/imagenet_glide/train/nature/n03775071_2854.JPEG,real,0,nature,train,True
2466,//kaggle/input/datasets/vtphatt2/genimage-glide/glide/imagenet_glide/train/nature/n04153751_25712.JPEG,real,0,nature,train,True
2467,//kaggle/input/datasets/vtphatt2/genimage-glide/glide/imagenet_glide/train/nature/n04458633_7310.JPEG,real,0,nature,train,True
2468,//kaggle/input/datasets/vtphatt2/genimage-glide/glide/imagenet_glide/train/nature/n01582220_6831.JPEG,real,0,nature,train,True
2469,//kaggle/input/datasets/vtphatt2/genimage-glide/glide/imagenet_glide/train/nature/n07718747_18980.JPEG,real,0,nature,train,True
2470,//kaggle/input/datasets/vtphatt2/genimage-glide/glide/imagenet_glide/train/nature/n02089867_3562.JPEG,real,0,nature,train,True
2471,//kaggle/input/datasets/vtphatt2/genimage-glide/glide/imagenet_glide/train/nature/n01737021_12389.JPEG,real,0,nature,train,True
2472,//kaggle/input/datasets/vtphatt2/genimage-glide/glide/imagenet_glide/train/nature/n04311174_3095.JPEG,real,0,nature,train,True
2473,//kaggle/input/datasets/vtphatt2/genimage-glide/glide/imagenet_glide/train/nature/n02129604_9700.JPEG,real,0,nature,train,True
2474,//kaggle/input/datasets/vtphatt2/genimage-glide/glide/imagenet_glide/train/nature/n04026417_14057.JPEG,real,0,nature,train,True
2475,//kaggle/input/datasets/vtphatt2/genimage-glide/glide/imagenet_glide/train/nature/n04429376_10922.JPEG,real,0,nature,train,True
2476,//kaggle/input/datasets/vtphatt2/genimage-glide/glide/imagenet_glide/train/nature/n02102177_4657.JPEG,real,0,nature,train,True
2477,//kaggle/input/datasets/vtphatt2/genimage-glide/glide/imagenet_glide/train/nature/n01728920_8922.JPEG,real,0,nature,train,True
2478,//kaggle/input/datasets/vtphatt2/genimage-glide/glide/imagenet_glide/train/nature/n03697007_26942.JPEG,real,0,nature,train,True
2479,//kaggle/input/datasets/vtphatt2/genimage-glide/glide/imagenet_glide/train/nature/n02514041_6522.JPEG,real,0,nature,train,True
2480,//kaggle/input/datasets/vtphatt2/genimage-glide/glide/imagenet_glide/train/nature/n02871525_7843.JPEG,real,0,nature,train,True
2481,//kaggle/input/datasets/vtphatt2/genimage-glide/glide/imagenet_glide/train/nature/n12057211_4869.JPEG,real,0,nature,train,True
2482,//kaggle/input/datasets/vtphatt2/genimage-glide/glide/imagenet_glide/train/nature/n04532106_3248.JPEG,real,0,nature,train,True
2483,//kaggle/input/datasets/vtphatt2/genimage-glide/glide/imagenet_glide/train/nature/n02101006_16947.JPEG,real,0,nature,train,True
2484,//kaggle/input/datasets/vtphatt2/genimage-glide/glide/imagenet_glide/train/nature/n03249569_18297.JPEG,real,0,nature,train,True
2485,//kaggle/input/datasets/vtphatt2/genimage-glide/glide/imagenet_glide/train/nature/n01797886_20638.JPEG,real,0,nature,train,True
2486,//kaggle/input/datasets/vtphatt2/genimage-glide/glide/imagenet_glide/train/nature/n02980441_32687.JPEG,real,0,nature,train,True
2487,//kaggle/input/datasets/vtphatt2/genimage-glide/glide/imagenet_glide/train/nature/n03837869_9243.JPEG,real,0,nature,train,True
2488,//kaggle/input/datasets/vtphatt2/genimage-glide/glide/imagenet_glide/train/nature/n04033995_7479.JPEG,real,0,nature,train,True
2489,//kaggle/input/datasets/vtphatt2/genimage-glide/glide/imagenet_glide/train/nature/n03445777_1953.JPEG,real,0,nature,train,True
2490,//kaggle/input/datasets/vtphatt2/genimage-glide/glide/imagenet_glide/train/nature/n03786901_12897.JPEG,real,0,nature,train,True
2491,//kaggle/input/datasets/vtphatt2/genimage-glide/glide/imagenet_glide/train/nature/n02109961_51004.JPEG,real,0,nature,train,True
2492,//kaggle/input/datasets/vtphatt2/genimage-glide/glide/imagenet_glide/train/nature/n03445924_1860.JPEG,real,0,nature,train,True
2493,//kaggle/input/datasets/vtphatt2/genimage-glide/glide/imagenet_glide/train/nature/n02017213_975.JPEG,real,0,nature,train,True
2494,//kaggle/input/datasets/vtphatt2/genimage-glide/glide/imagenet_glide/train/nature/n02096177_6656.JPEG,real,0,nature,train,True
2495,//kaggle/input/datasets/vtphatt2/genimage-glide/glide/imagenet_glide/train/nature/n04525305_10198.JPEG,real,0,nature,train,True
2496,//kaggle/input/datasets/vtphatt2/genimage-glide/glide/imagenet_glide/train/nature/n02006656_2822.JPEG,real,0,nature,train,True
2497,//kaggle/input/datasets/vtphatt2/genimage-glide/glide/imagenet_glide/train/nature/n01514668_15958.JPEG,real,0,nature,train,True
2498,//kaggle/input/datasets/vtphatt2/genimage-glide/glide/imagenet_glide/train/nature/n02488702_6922.JPEG,real,0,nature,train,True
2499,//kaggle/input/datasets/vtphatt2/genimage-glide/glide/imagenet_glide/train/nature/n04153751_3035.JPEG,real,0,nature,train,True
2500,//kaggle/input/datasets/vtphatt2/genimage-glide/glide/imagenet_glide/train/nature/n04550184_22324.JPEG,real,0,nature,train,True
2501,//kaggle/input/datasets/vtphatt2/genimage-glide/glide/imagenet_glide/train/nature/n02098105_823.JPEG,real,0,nature,train,True
2502,//kaggle/input/datasets/vtphatt2/genimage-glide/glide/imagenet_glide/train/nature/n02219486_2290.JPEG,real,0,nature,train,True
2503,//kaggle/input/datasets/vtphatt2/genimage-glide/glide/imagenet_glide/train/nature/n02091244_8623.JPEG,real,0,nature,train,True
2504,//kaggle/input/datasets/vtphatt2/genimage-glide/glide/imagenet_glide/train/nature/n03837869_6827.JPEG,real,0,nature,train,True
2505,//kaggle/input/datasets/vtphatt2/genimage-glide/glide/imagenet_glide/train/nature/n03065424_33958.JPEG,real,0,nature,train,True
2506,//kaggle/input/datasets/vtphatt2/genimage-glide/glide/imagenet_glide/train/nature/n02091134_2911.JPEG,real,0,nature,train,True
2507,//kaggle/input/datasets/vtphatt2/genimage-glide/glide/imagenet_glide/train/nature/n01629819_3188.JPEG,real,0,nature,train,True
2508,//kaggle/input/datasets/vtphatt2/genimage-glide/glide/imagenet_glide/train/nature/n07697537_14439.JPEG,real,0,nature,train,True
2509,//kaggle/input/datasets/vtphatt2/genimage-glide/glide/imagenet_glide/train/nature/n04141076_39583.JPEG,real,0,nature,train,True
2510,//kaggle/input/datasets/vtphatt2/genimage-glide/glide/imagenet_glide/train/nature/n04275548_571.JPEG,real,0,nature,train,True
2511,//kaggle/input/datasets/vtphatt2/genimage-glide/glide/imagenet_glide/val/nature/ILSVRC2012_val_00030878.JPEG,real,0,nature,train,True
2512,//kaggle/input/datasets/vtphatt2/genimage-glide/glide/imagenet_glide/train/nature/n02095570_315.JPEG,real,0,nature,train,True
2513,//kaggle/input/datasets/vtphatt2/genimage-glide/glide/imagenet_glide/train/nature/n02123045_8595.JPEG,real,0,nature,train,True
2514,//kaggle/input/datasets/vtphatt2/genimage-glide/glide/imagenet_glide/train/nature/n01675722_306.JPEG,real,0,nature,train,True
2515,//kaggle/input/datasets/vtphatt2/genimage-glide/glide/imagenet_glide/train/nature/n04118538_4029.JPEG,real,0,nature,train,True
2516,//kaggle/input/datasets/vtphatt2/genimage-glide/glide/imagenet_glide/train/nature/n04141975_28833.JPEG,real,0,nature,train,True
2517,//kaggle/input/datasets/vtphatt2/genimage-glide/glide/imagenet_glide/train/nature/n03100240_7448.JPEG,real,0,nature,train,True
2518,//kaggle/input/datasets/vtphatt2/genimage-glide/glide/imagenet_glide/train/nature/n04081281_14435.JPEG,real,0,nature,train,True
2519,//kaggle/input/datasets/vtphatt2/genimage-glide/glide/imagenet_glide/train/nature/n03498962_5311.JPEG,real,0,nature,train,True
2520,//kaggle/input/datasets/vtphatt2/genimage-glide/glide/imagenet_glide/train/nature/n03930313_13704.JPEG,real,0,nature,train,True
2521,//kaggle/input/datasets/vtphatt2/genimage-glide/glide/imagenet_glide/train/nature/n01978287_449.JPEG,real,0,nature,train,True
2522,//kaggle/input/datasets/vtphatt2/genimage-glide/glide/imagenet_glide/train/nature/n02124075_10927.JPEG,real,0,nature,train,True
2523,//kaggle/input/datasets/vtphatt2/genimage-glide/glide/imagenet_glide/train/nature/n03063599_4345.JPEG,real,0,nature,train,True
2524,//kaggle/input/datasets/vtphatt2/genimage-glide/glide/imagenet_glide/train/nature/n04485082_40674.JPEG,real,0,nature,train,True
2525,//kaggle/input/datasets/vtphatt2/genimage-glide/glide/imagenet_glide/train/nature/n02106030_11566.JPEG,real,0,nature,train,True
2526,//kaggle/input/datasets/vtphatt2/genimage-glide/glide/imagenet_glide/train/nature/n12057211_777.JPEG,real,0,nature,train,True
2527,//kaggle/input/datasets/vtphatt2/genimage-glide/glide/imagenet_glide/train/nature/n04116512_24187.JPEG,real,0,nature,train,True
2528,//kaggle/input/datasets/vtphatt2/genimage-glide/glide/imagenet_glide/train/nature/n03089624_4087.JPEG,real,0,nature,train,True
2529,//kaggle/input/datasets/vtphatt2/genimage-glide/glide/imagenet_glide/train/nature/n07717556_2897.JPEG,real,0,nature,train,True
2530,//kaggle/input/datasets/vtphatt2/genimage-glide/glide/imagenet_glide/train/nature/n02114548_10505.JPEG,real,0,nature,train,True
2531,//kaggle/input/datasets/vtphatt2/genimage-glide/glide/imagenet_glide/train/nature/n02280649_5854.JPEG,real,0,nature,train,True
2532,//kaggle/input/datasets/vtphatt2/genimage-glide/glide/imagenet_glide/train/nature/n01748264_12292.JPEG,real,0,nature,train,True
2533,//kaggle/input/datasets/vtphatt2/genimage-glide/glide/imagenet_glide/train/nature/n03188531_11543.JPEG,real,0,nature,train,True
2534,//kaggle/input/datasets/vtphatt2/genimage-glide/glide/imagenet_glide/train/nature/n01930112_13219.JPEG,real,0,nature,train,True
2535,//kaggle/input/datasets/vtphatt2/genimage-glide/glide/imagenet_glide/train/nature/n04482393_10791.JPEG,real,0,nature,train,True
2536,//kaggle/input/datasets/vtphatt2/genimage-glide/glide/imagenet_glide/train/nature/n04200800_11703.JPEG,real,0,nature,train,True
2537,//kaggle/input/datasets/vtphatt2/genimage-glide/glide/imagenet_glide/train/nature/n13054560_1424.JPEG,real,0,nature,train,True
2538,//kaggle/input/datasets/vtphatt2/genimage-glide/glide/imagenet_glide/train/nature/n01729977_749.JPEG,real,0,nature,train,True
2539,//kaggle/input/datasets/vtphatt2/genimage-glide/glide/imagenet_glide/train/nature/n03443371_13848.JPEG,real,0,nature,train,True
2540,//kaggle/input/datasets/vtphatt2/genimage-glide/glide/imagenet_glide/train/nature/n04118538_19090.JPEG,real,0,nature,train,True
2541,//kaggle/input/datasets/vtphatt2/genimage-glide/glide/imagenet_glide/train/nature/n12998815_7573.JPEG,real,0,nature,train,True
2542,//kaggle/input/datasets/vtphatt2/genimage-glide/glide/imagenet_glide/train/nature/n03461385_21583.JPEG,real,0,nature,train,True
2543,//kaggle/input/datasets/vtphatt2/genimage-glide/glide/imagenet_glide/train/nature/n03662601_5894.JPEG,real,0,nature,train,True
2544,//kaggle/input/datasets/vtphatt2/genimage-glide/glide/imagenet_glide/train/nature/n01775062_1288.JPEG,real,0,nature,train,True
2545,//kaggle/input/datasets/vtphatt2/genimage-glide/glide/imagenet_glide/train/nature/n02093991_10178.JPEG,real,0,nature,train,True
2546,//kaggle/input/datasets/vtphatt2/genimage-glide/glide/imagenet_glide/train/nature/n02917067_20638.JPEG,real,0,nature,train,True
2547,//kaggle/input/datasets/vtphatt2/genimage-glide/glide/imagenet_glide/train/nature/n03866082_2488.JPEG,real,0,nature,train,True
2548,//kaggle/input/datasets/vtphatt2/genimage-glide/glide/imagenet_glide/train/nature/n04039381_11969.JPEG,real,0,nature,train,True
2549,//kaggle/input/datasets/vtphatt2/genimage-glide/glide/imagenet_glide/train/nature/n02977058_6543.JPEG,real,0,nature,train,True
2550,//kaggle/input/datasets/vtphatt2/genimage-glide/glide/imagenet_glide/train/nature/n02009912_35157.JPEG,real,0,nature,train,True
2551,//kaggle/input/datasets/vtphatt2/genimage-glide/glide/imagenet_glide/train/nature/n02100583_16967.JPEG,real,0,nature,train,True
2552,//kaggle/input/datasets/vtphatt2/genimage-glide/glide/imagenet_glide/train/nature/n04023962_2568.JPEG,real,0,nature,train,True
2553,//kaggle/input/datasets/vtphatt2/genimage-glide/glide/imagenet_glide/train/nature/n02058221_2679.JPEG,real,0,nature,train,True
2554,//kaggle/input/datasets/vtphatt2/genimage-glide/glide/imagenet_glide/train/nature/n02815834_2151.JPEG,real,0,nature,train,True
2555,//kaggle/input/datasets/vtphatt2/genimage-glide/glide/imagenet_glide/train/nature/n03450230_24655.JPEG,real,0,nature,train,True
2556,//kaggle/input/datasets/vtphatt2/genimage-glide/glide/imagenet_glide/train/nature/n02769748_23468.JPEG,real,0,nature,train,True
2557,//kaggle/input/datasets/vtphatt2/genimage-glide/glide/imagenet_glide/train/nature/n02092002_15983.JPEG,real,0,nature,train,True
2558,//kaggle/input/datasets/vtphatt2/genimage-glide/glide/imagenet_glide/val/nature/ILSVRC2012_val_00007539.JPEG,real,0,nature,train,True
2559,//kaggle/input/datasets/vtphatt2/genimage-glide/glide/imagenet_glide/train/nature/n01930112_15577.JPEG,real,0,nature,train,True
2560,//kaggle/input/datasets/vtphatt2/genimage-glide/glide/imagenet_glide/train/nature/n02105505_4928.JPEG,real,0,nature,train,True
2561,//kaggle/input/datasets/vtphatt2/genimage-glide/glide/imagenet_glide/train/nature/n02951585_28312.JPEG,real,0,nature,train,True
2562,//kaggle/input/datasets/vtphatt2/genimage-glide/glide/imagenet_glide/train/nature/n04550184_52384.JPEG,real,0,nature,train,True
2563,//kaggle/input/datasets/vtphatt2/genimage-glide/glide/imagenet_glide/train/nature/n03062245_13464.JPEG,real,0,nature,train,True
2564,//kaggle/input/datasets/vtphatt2/genimage-glide/glide/imagenet_glide/train/nature/n03908714_3046.JPEG,real,0,nature,train,True
2565,//kaggle/input/datasets/vtphatt2/genimage-glide/glide/imagenet_glide/train/nature/n02317335_4442.JPEG,real,0,nature,train,True
2566,//kaggle/input/datasets/vtphatt2/genimage-glide/glide/imagenet_glide/train/nature/n02879718_19292.JPEG,real,0,nature,train,True
2567,//kaggle/input/datasets/vtphatt2/genimage-glide/glide/imagenet_glide/train/nature/n04509417_4301.JPEG,real,0,nature,train,True
2568,//kaggle/input/datasets/vtphatt2/genimage-glide/glide/imagenet_glide/val/nature/ILSVRC2012_val_00039817.JPEG,real,0,nature,train,True
2569,//kaggle/input/datasets/vtphatt2/genimage-glide/glide/imagenet_glide/train/nature/n03657121_13167.JPEG,real,0,nature,train,True
2570,//kaggle/input/datasets/vtphatt2/genimage-glide/glide/imagenet_glide/train/nature/n04330267_2361.JPEG,real,0,nature,train,True
2571,//kaggle/input/datasets/vtphatt2/genimage-glide/glide/imagenet_glide/train/nature/n02361337_9639.JPEG,real,0,nature,train,True
2572,//kaggle/input/datasets/vtphatt2/genimage-glide/glide/imagenet_glide/train/nature/n04347754_17754.JPEG,real,0,nature,train,True
2573,//kaggle/input/datasets/vtphatt2/genimage-glide/glide/imagenet_glide/train/nature/n02110958_6789.JPEG,real,0,nature,train,True
2574,//kaggle/input/datasets/vtphatt2/genimage-glide/glide/imagenet_glide/train/nature/n03770679_13270.JPEG,real,0,nature,train,True
2575,//kaggle/input/datasets/vtphatt2/genimage-glide/glide/imagenet_glide/train/nature/n02782093_1462.JPEG,real,0,nature,train,True
2576,//kaggle/input/datasets/vtphatt2/genimage-glide/glide/imagenet_glide/train/nature/n03991062_9206.JPEG,real,0,nature,train,True
2577,//kaggle/input/datasets/vtphatt2/genimage-glide/glide/imagenet_glide/train/nature/n07614500_42421.JPEG,real,0,nature,train,True
2578,//kaggle/input/datasets/vtphatt2/genimage-glide/glide/imagenet_glide/train/nature/n02877765_8462.JPEG,real,0,nature,train,True
2579,//kaggle/input/datasets/vtphatt2/genimage-glide/glide/imagenet_glide/train/nature/n04120489_5724.JPEG,real,0,nature,train,True
2580,//kaggle/input/datasets/vtphatt2/genimage-glide/glide/imagenet_glide/train/nature/n04355933_2028.JPEG,real,0,nature,train,True
2581,//kaggle/input/datasets/vtphatt2/genimage-glide/glide/imagenet_glide/train/nature/n04392985_2641.JPEG,real,0,nature,train,True
2582,//kaggle/input/datasets/vtphatt2/genimage-glide/glide/imagenet_glide/train/nature/n13052670_2773.JPEG,real,0,nature,train,True
2583,//kaggle/input/datasets/vtphatt2/genimage-glide/glide/imagenet_glide/train/nature/n01768244_5839.JPEG,real,0,nature,train,True
2584,//kaggle/input/datasets/vtphatt2/genimage-glide/glide/imagenet_glide/train/nature/n07742313_20706.JPEG,real,0,nature,train,True
2585,//kaggle/input/datasets/vtphatt2/genimage-glide/glide/imagenet_glide/train/nature/n02013706_22050.JPEG,real,0,nature,train,True
2586,//kaggle/input/datasets/vtphatt2/genimage-glide/glide/imagenet_glide/train/nature/n02834397_4993.JPEG,real,0,nature,train,True
2587,//kaggle/input/datasets/vtphatt2/genimage-glide/glide/imagenet_glide/train/nature/n04476259_240.JPEG,real,0,nature,train,True
2588,//kaggle/input/datasets/vtphatt2/genimage-glide/glide/imagenet_glide/train/nature/n02102973_5811.JPEG,real,0,nature,train,True
2589,//kaggle/input/datasets/vtphatt2/genimage-glide/glide/imagenet_glide/train/nature/n03884397_21298.JPEG,real,0,nature,train,True
2590,//kaggle/input/datasets/vtphatt2/genimage-glide/glide/imagenet_glide/train/nature/n03841143_14368.JPEG,real,0,nature,train,True
2591,//kaggle/input/datasets/vtphatt2/genimage-glide/glide/imagenet_glide/train/nature/n02033041_1359.JPEG,real,0,nature,train,True
2592,//kaggle/input/datasets/vtphatt2/genimage-glide/glide/imagenet_glide/train/nature/n02190166_3369.JPEG,real,0,nature,train,True
2593,//kaggle/input/datasets/vtphatt2/genimage-glide/glide/imagenet_glide/train/nature/n03770679_23381.JPEG,real,0,nature,train,True
2594,//kaggle/input/datasets/vtphatt2/genimage-glide/glide/imagenet_glide/train/nature/n04557648_10744.JPEG,real,0,nature,train,True
2595,//kaggle/input/datasets/vtphatt2/genimage-glide/glide/imagenet_glide/train/nature/n02018795_6389.JPEG,real,0,nature,train,True
2596,//kaggle/input/datasets/vtphatt2/genimage-glide/glide/imagenet_glide/train/nature/n04039381_1596.JPEG,real,0,nature,train,True
2597,//kaggle/input/datasets/vtphatt2/genimage-glide/glide/imagenet_glide/train/nature/n02264363_5712.JPEG,real,0,nature,train,True
2598,//kaggle/input/datasets/vtphatt2/genimage-glide/glide/imagenet_glide/train/nature/n01980166_8363.JPEG,real,0,nature,train,True
2599,//kaggle/input/datasets/vtphatt2/genimage-glide/glide/imagenet_glide/train/nature/n04270147_1890.JPEG,real,0,nature,train,True
2600,//kaggle/input/datasets/vtphatt2/genimage-glide/glide/imagenet_glide/val/nature/ILSVRC2012_val_00039442.JPEG,real,0,nature,train,True
2601,//kaggle/input/datasets/vtphatt2/genimage-glide/glide/imagenet_glide/train/nature/n02096294_5689.JPEG,real,0,nature,train,True
2602,//kaggle/input/datasets/vtphatt2/genimage-glide/glide/imagenet_glide/train/nature/n02259212_2076.JPEG,real,0,nature,train,True
2603,//kaggle/input/datasets/vtphatt2/genimage-glide/glide/imagenet_glide/train/nature/n04429376_6388.JPEG,real,0,nature,train,True
2604,//kaggle/input/datasets/vtphatt2/genimage-glide/glide/imagenet_glide/train/nature/n04376876_8520.JPEG,real,0,nature,train,True
2605,//kaggle/input/datasets/vtphatt2/genimage-glide/glide/imagenet_glide/train/nature/n04118538_1119.JPEG,real,0,nature,train,True
2606,//kaggle/input/datasets/vtphatt2/genimage-glide/glide/imagenet_glide/train/nature/n03814906_90648.JPEG,real,0,nature,train,True
2607,//kaggle/input/datasets/vtphatt2/genimage-glide/glide/imagenet_glide/train/nature/n02669723_4760.JPEG,real,0,nature,train,True
2608,//kaggle/input/datasets/vtphatt2/genimage-glide/glide/imagenet_glide/train/nature/n02443114_26954.JPEG,real,0,nature,train,True
2609,//kaggle/input/datasets/vtphatt2/genimage-glide/glide/imagenet_glide/train/nature/n07717556_9303.JPEG,real,0,nature,train,True
2610,//kaggle/input/datasets/vtphatt2/genimage-glide/glide/imagenet_glide/train/nature/n02640242_30644.JPEG,real,0,nature,train,True
2611,//kaggle/input/datasets/vtphatt2/genimage-glide/glide/imagenet_glide/train/nature/n03676483_44601.JPEG,real,0,nature,train,True
2612,//kaggle/input/datasets/vtphatt2/genimage-glide/glide/imagenet_glide/train/nature/n03000134_4677.JPEG,real,0,nature,train,True
2613,//kaggle/input/datasets/vtphatt2/genimage-glide/glide/imagenet_glide/train/nature/n02165105_8824.JPEG,real,0,nature,train,True
2614,//kaggle/input/datasets/vtphatt2/genimage-glide/glide/imagenet_glide/train/nature/n02093647_2677.JPEG,real,0,nature,train,True
2615,//kaggle/input/datasets/vtphatt2/genimage-glide/glide/imagenet_glide/train/nature/n04154565_18242.JPEG,real,0,nature,train,True
2616,//kaggle/input/datasets/vtphatt2/genimage-glide/glide/imagenet_glide/train/nature/n01755581_1725.JPEG,real,0,nature,train,True
2617,//kaggle/input/datasets/vtphatt2/genimage-glide/glide/imagenet_glide/train/nature/n02096177_2606.JPEG,real,0,nature,train,True
2618,//kaggle/input/datasets/vtphatt2/genimage-glide/glide/imagenet_glide/train/nature/n03980874_22437.JPEG,real,0,nature,train,True
2619,//kaggle/input/datasets/vtphatt2/genimage-glide/glide/imagenet_glide/train/nature/n02125311_8781.JPEG,real,0,nature,train,True
2620,//kaggle/input/datasets/vtphatt2/genimage-glide/glide/imagenet_glide/train/nature/n03733805_4729.JPEG,real,0,nature,train,True
2621,//kaggle/input/datasets/vtphatt2/genimage-glide/glide/imagenet_glide/val/nature/ILSVRC2012_val_00033951.JPEG,real,0,nature,train,True
2622,//kaggle/input/datasets/vtphatt2/genimage-glide/glide/imagenet_glide/train/nature/n04517823_18810.JPEG,real,0,nature,train,True
2623,//kaggle/input/datasets/vtphatt2/genimage-glide/glide/imagenet_glide/train/nature/n11939491_22195.JPEG,real,0,nature,train,True
2624,//kaggle/input/datasets/vtphatt2/genimage-glide/glide/imagenet_glide/train/nature/n02497673_920.JPEG,real,0,nature,train,True
2625,//kaggle/input/datasets/vtphatt2/genimage-glide/glide/imagenet_glide/train/nature/n02487347_11905.JPEG,real,0,nature,train,True
2626,//kaggle/input/datasets/vtphatt2/genimage-glide/glide/imagenet_glide/train/nature/n02095889_3086.JPEG,real,0,nature,train,True
2627,//kaggle/input/datasets/vtphatt2/genimage-glide/glide/imagenet_glide/train/nature/n02128925_3172.JPEG,real,0,nature,train,True
2628,//kaggle/input/datasets/vtphatt2/genimage-glide/glide/imagenet_glide/train/nature/n03404251_11899.JPEG,real,0,nature,train,True
2629,//kaggle/input/datasets/vtphatt2/genimage-glide/glide/imagenet_glide/train/nature/n03461385_27261.JPEG,real,0,nature,train,True
2630,//kaggle/input/datasets/vtphatt2/genimage-glide/glide/imagenet_glide/train/nature/n03063599_5105.JPEG,real,0,nature,train,True
2631,//kaggle/input/datasets/vtphatt2/genimage-glide/glide/imagenet_glide/train/nature/n02397096_1233.JPEG,real,0,nature,train,True
2632,//kaggle/input/datasets/vtphatt2/genimage-glide/glide/imagenet_glide/train/nature/n02504013_6420.JPEG,real,0,nature,train,True
2633,//kaggle/input/datasets/vtphatt2/genimage-glide/glide/imagenet_glide/train/nature/n02097047_2924.JPEG,real,0,nature,train,True
2634,//kaggle/input/datasets/vtphatt2/genimage-glide/glide/imagenet_glide/train/nature/n02879718_15865.JPEG,real,0,nature,train,True
2635,//kaggle/input/datasets/vtphatt2/genimage-glide/glide/imagenet_glide/val/nature/ILSVRC2012_val_00029602.JPEG,real,0,nature,train,True
2636,//kaggle/input/datasets/vtphatt2/genimage-glide/glide/imagenet_glide/train/nature/n01692333_10098.JPEG,real,0,nature,train,True
2637,//kaggle/input/datasets/vtphatt2/genimage-glide/glide/imagenet_glide/train/nature/n02110806_15628.JPEG,real,0,nature,train,True
2638,//kaggle/input/datasets/vtphatt2/genimage-glide/glide/imagenet_glide/train/nature/n02134084_6806.JPEG,real,0,nature,train,True
2639,//kaggle/input/datasets/vtphatt2/genimage-glide/glide/imagenet_glide/train/nature/n04252225_12192.JPEG,real,0,nature,train,True
2640,//kaggle/input/datasets/vtphatt2/genimage-glide/glide/imagenet_glide/train/nature/n01601694_24348.JPEG,real,0,nature,train,True
2641,//kaggle/input/datasets/vtphatt2/genimage-glide/glide/imagenet_glide/train/nature/n02165456_4412.JPEG,real,0,nature,train,True
2642,//kaggle/input/datasets/vtphatt2/genimage-glide/glide/imagenet_glide/train/nature/n04589890_1897.JPEG,real,0,nature,train,True
2643,//kaggle/input/datasets/vtphatt2/genimage-glide/glide/imagenet_glide/train/nature/n07697313_27916.JPEG,real,0,nature,train,True
2644,//kaggle/input/datasets/vtphatt2/genimage-glide/glide/imagenet_glide/train/nature/n02823428_14988.JPEG,real,0,nature,train,True
2645,//kaggle/input/datasets/vtphatt2/genimage-glide/glide/imagenet_glide/train/nature/n03706229_11137.JPEG,real,0,nature,train,True
2646,//kaggle/input/datasets/vtphatt2/genimage-glide/glide/imagenet_glide/train/nature/n02165105_10080.JPEG,real,0,nature,train,True
2647,//kaggle/input/datasets/vtphatt2/genimage-glide/glide/imagenet_glide/train/nature/n01829413_4935.JPEG,real,0,nature,train,True
2648,//kaggle/input/datasets/vtphatt2/genimage-glide/glide/imagenet_glide/val/nature/ILSVRC2012_val_00005874.JPEG,real,0,nature,train,True
2649,//kaggle/input/datasets/vtphatt2/genimage-glide/glide/imagenet_glide/train/nature/n03424325_2942.JPEG,real,0,nature,train,True
2650,//kaggle/input/datasets/vtphatt2/genimage-glide/glide/imagenet_glide/train/nature/n01784675_4190.JPEG,real,0,nature,train,True
2651,//kaggle/input/datasets/vtphatt2/genimage-glide/glide/imagenet_glide/train/nature/n02085936_2167.JPEG,real,0,nature,train,True
2652,//kaggle/input/datasets/vtphatt2/genimage-glide/glide/imagenet_glide/train/nature/n01682714_6426.JPEG,real,0,nature,train,True
2653,//kaggle/input/datasets/vtphatt2/genimage-glide/glide/imagenet_glide/train/nature/n02790996_4359.JPEG,real,0,nature,train,True
2654,//kaggle/input/datasets/vtphatt2/genimage-glide/glide/imagenet_glide/train/nature/n04486054_17822.JPEG,real,0,nature,train,True
2655,//kaggle/input/datasets/vtphatt2/genimage-glide/glide/imagenet_glide/train/nature/n02120505_26164.JPEG,real,0,nature,train,True
2656,//kaggle/input/datasets/vtphatt2/genimage-glide/glide/imagenet_glide/train/nature/n02133161_10659.JPEG,real,0,nature,train,True
2657,//kaggle/input/datasets/vtphatt2/genimage-glide/glide/imagenet_glide/train/nature/n04238763_7260.JPEG,real,0,nature,train,True
2658,//kaggle/input/datasets/vtphatt2/genimage-glide/glide/imagenet_glide/train/nature/n03393912_18165.JPEG,real,0,nature,train,True
2659,//kaggle/input/datasets/vtphatt2/genimage-glide/glide/imagenet_glide/train/nature/n03223299_3439.JPEG,real,0,nature,train,True
2660,//kaggle/input/datasets/vtphatt2/genimage-glide/glide/imagenet_glide/train/nature/n04141327_14855.JPEG,real,0,nature,train,True
2661,//kaggle/input/datasets/vtphatt2/genimage-glide/glide/imagenet_glide/train/nature/n03063689_17137.JPEG,real,0,nature,train,True
2662,//kaggle/input/datasets/vtphatt2/genimage-glide/glide/imagenet_glide/train/nature/n02483362_14037.JPEG,real,0,nature,train,True
2663,//kaggle/input/datasets/vtphatt2/genimage-glide/glide/imagenet_glide/train/nature/n02808304_7395.JPEG,real,0,nature,train,True
2664,//kaggle/input/datasets/vtphatt2/genimage-glide/glide/imagenet_glide/train/nature/n02692877_933.JPEG,real,0,nature,train,True
2665,//kaggle/input/datasets/vtphatt2/genimage-glide/glide/imagenet_glide/train/nature/n02749479_20825.JPEG,real,0,nature,train,True
2666,//kaggle/input/datasets/vtphatt2/genimage-glide/glide/imagenet_glide/train/nature/n02097474_4792.JPEG,real,0,nature,train,True
2667,//kaggle/input/datasets/vtphatt2/genimage-glide/glide/imagenet_glide/train/nature/n03929855_420.JPEG,real,0,nature,train,True
2668,//kaggle/input/datasets/vtphatt2/genimage-glide/glide/imagenet_glide/train/nature/n02788148_32324.JPEG,real,0,nature,train,True
2669,//kaggle/input/datasets/vtphatt2/genimage-glide/glide/imagenet_glide/train/nature/n02704792_13413.JPEG,real,0,nature,train,True
2670,//kaggle/input/datasets/vtphatt2/genimage-glide/glide/imagenet_glide/train/nature/n03977966_34934.JPEG,real,0,nature,train,True
2671,//kaggle/input/datasets/vtphatt2/genimage-glide/glide/imagenet_glide/train/nature/n04483307_11165.JPEG,real,0,nature,train,True
2672,//kaggle/input/datasets/vtphatt2/genimage-glide/glide/imagenet_glide/train/nature/n04259630_22168.JPEG,real,0,nature,train,True
2673,//kaggle/input/datasets/vtphatt2/genimage-glide/glide/imagenet_glide/val/nature/ILSVRC2012_val_00031972.JPEG,real,0,nature,train,True
2674,//kaggle/input/datasets/vtphatt2/genimage-glide/glide/imagenet_glide/train/nature/n03680355_21190.JPEG,real,0,nature,train,True
2675,//kaggle/input/datasets/vtphatt2/genimage-glide/glide/imagenet_glide/train/nature/n03461385_90272.JPEG,real,0,nature,train,True
2676,//kaggle/input/datasets/vtphatt2/genimage-glide/glide/imagenet_glide/train/nature/n04328186_29588.JPEG,real,0,nature,train,True
2677,//kaggle/input/datasets/vtphatt2/genimage-glide/glide/imagenet_glide/train/nature/n03733281_3102.JPEG,real,0,nature,train,True
2678,//kaggle/input/datasets/vtphatt2/genimage-glide/glide/imagenet_glide/train/nature/n03527444_7106.JPEG,real,0,nature,train,True
2679,//kaggle/input/datasets/vtphatt2/genimage-glide/glide/imagenet_glide/train/nature/n02799071_1653.JPEG,real,0,nature,train,True
2680,//kaggle/input/datasets/vtphatt2/genimage-glide/glide/imagenet_glide/train/nature/n02098413_9013.JPEG,real,0,nature,train,True
2681,//kaggle/input/datasets/vtphatt2/genimage-glide/glide/imagenet_glide/train/nature/n03452741_2214.JPEG,real,0,nature,train,True
2682,//kaggle/input/datasets/vtphatt2/genimage-glide/glide/imagenet_glide/train/nature/n03982430_22908.JPEG,real,0,nature,train,True
2683,//kaggle/input/datasets/vtphatt2/genimage-glide/glide/imagenet_glide/train/nature/n03956157_10207.JPEG,real,0,nature,train,True
2684,//kaggle/input/datasets/vtphatt2/genimage-glide/glide/imagenet_glide/train/nature/n02085620_275.JPEG,real,0,nature,train,True
2685,//kaggle/input/datasets/vtphatt2/genimage-glide/glide/imagenet_glide/train/nature/n04371430_10493.JPEG,real,0,nature,train,True
2686,//kaggle/input/datasets/vtphatt2/genimage-glide/glide/imagenet_glide/train/nature/n03584254_6513.JPEG,real,0,nature,train,True
2687,//kaggle/input/datasets/vtphatt2/genimage-glide/glide/imagenet_glide/train/nature/n01580077_11773.JPEG,real,0,nature,train,True
2688,//kaggle/input/datasets/vtphatt2/genimage-glide/glide/imagenet_glide/train/nature/n03527444_10689.JPEG,real,0,nature,train,True
2689,//kaggle/input/datasets/vtphatt2/genimage-glide/glide/imagenet_glide/train/nature/n03947888_28606.JPEG,real,0,nature,train,True
2690,//kaggle/input/datasets/vtphatt2/genimage-glide/glide/imagenet_glide/train/nature/n07860988_13003.JPEG,real,0,nature,train,True
2691,//kaggle/input/datasets/vtphatt2/genimage-glide/glide/imagenet_glide/train/nature/n02094114_7130.JPEG,real,0,nature,train,True
2692,//kaggle/input/datasets/vtphatt2/genimage-glide/glide/imagenet_glide/train/nature/n01873310_26820.JPEG,real,0,nature,train,True
2693,//kaggle/input/datasets/vtphatt2/genimage-glide/glide/imagenet_glide/train/nature/n02437312_9496.JPEG,real,0,nature,train,True
2694,//kaggle/input/datasets/vtphatt2/genimage-glide/glide/imagenet_glide/train/nature/n04355933_2936.JPEG,real,0,nature,train,True
2695,//kaggle/input/datasets/vtphatt2/genimage-glide/glide/imagenet_glide/train/nature/n03032252_11477.JPEG,real,0,nature,train,True
2696,//kaggle/input/datasets/vtphatt2/genimage-glide/glide/imagenet_glide/train/nature/n03207743_18599.JPEG,real,0,nature,train,True
2697,//kaggle/input/datasets/vtphatt2/genimage-glide/glide/imagenet_glide/train/nature/n02104029_7848.JPEG,real,0,nature,train,True
2698,//kaggle/input/datasets/vtphatt2/genimage-glide/glide/imagenet_glide/train/nature/n03594945_9292.JPEG,real,0,nature,train,True
2699,//kaggle/input/datasets/vtphatt2/genimage-glide/glide/imagenet_glide/train/nature/n03345487_3849.JPEG,real,0,nature,train,True
2700,//kaggle/input/datasets/vtphatt2/genimage-glide/glide/imagenet_glide/train/nature/n02206856_6191.JPEG,real,0,nature,train,True
2701,//kaggle/input/datasets/vtphatt2/genimage-glide/glide/imagenet_glide/train/nature/n04557648_30937.JPEG,real,0,nature,train,True
2702,//kaggle/input/datasets/vtphatt2/genimage-glide/glide/imagenet_glide/val/nature/ILSVRC2012_val_00007984.JPEG,real,0,nature,train,True
2703,//kaggle/input/datasets/vtphatt2/genimage-glide/glide/imagenet_glide/train/nature/n07760859_10307.JPEG,real,0,nature,train,True
2704,//kaggle/input/datasets/vtphatt2/genimage-glide/glide/imagenet_glide/train/nature/n02641379_15161.JPEG,real,0,nature,train,True
2705,//kaggle/input/datasets/vtphatt2/genimage-glide/glide/imagenet_glide/train/nature/n02606052_3315.JPEG,real,0,nature,train,True
2706,//kaggle/input/datasets/vtphatt2/genimage-glide/glide/imagenet_glide/train/nature/n02356798_1207.JPEG,real,0,nature,train,True
2707,//kaggle/input/datasets/vtphatt2/genimage-glide/glide/imagenet_glide/train/nature/n04074963_3639.JPEG,real,0,nature,train,True
2708,//kaggle/input/datasets/vtphatt2/genimage-glide/glide/imagenet_glide/train/nature/n09193705_7694.JPEG,real,0,nature,train,True
2709,//kaggle/input/datasets/vtphatt2/genimage-glide/glide/imagenet_glide/train/nature/n04550184_44699.JPEG,real,0,nature,train,True
2710,//kaggle/input/datasets/vtphatt2/genimage-glide/glide/imagenet_glide/train/nature/n02106166_3310.JPEG,real,0,nature,train,True
2711,//kaggle/input/datasets/vtphatt2/genimage-glide/glide/imagenet_glide/train/nature/n11939491_23627.JPEG,real,0,nature,train,True
2712,//kaggle/input/datasets/vtphatt2/genimage-glide/glide/imagenet_glide/train/nature/n02106550_1289.JPEG,real,0,nature,train,True
2713,//kaggle/input/datasets/vtphatt2/genimage-glide/glide/imagenet_glide/train/nature/n02094114_5329.JPEG,real,0,nature,train,True
2714,//kaggle/input/datasets/vtphatt2/genimage-glide/glide/imagenet_glide/train/nature/n03874293_13438.JPEG,real,0,nature,train,True
2715,//kaggle/input/datasets/vtphatt2/genimage-glide/glide/imagenet_glide/train/nature/n04591713_5989.JPEG,real,0,nature,train,True
2716,//kaggle/input/datasets/vtphatt2/genimage-glide/glide/imagenet_glide/train/nature/n04041544_36643.JPEG,real,0,nature,train,True
2717,//kaggle/input/datasets/vtphatt2/genimage-glide/glide/imagenet_glide/train/nature/n02058221_4765.JPEG,real,0,nature,train,True
2718,//kaggle/input/datasets/vtphatt2/genimage-glide/glide/imagenet_glide/train/nature/n04389033_2688.JPEG,real,0,nature,train,True
2719,//kaggle/input/datasets/vtphatt2/genimage-glide/glide/imagenet_glide/train/nature/n03026506_234.JPEG,real,0,nature,train,True
2720,//kaggle/input/datasets/vtphatt2/genimage-glide/glide/imagenet_glide/train/nature/n04081281_43704.JPEG,real,0,nature,train,True
2721,//kaggle/input/datasets/vtphatt2/genimage-glide/glide/imagenet_glide/train/nature/n03146219_9837.JPEG,real,0,nature,train,True
2722,//kaggle/input/datasets/vtphatt2/genimage-glide/glide/imagenet_glide/train/nature/n02978881_20084.JPEG,real,0,nature,train,True
2723,//kaggle/input/datasets/vtphatt2/genimage-glide/glide/imagenet_glide/train/nature/n01773157_1289.JPEG,real,0,nature,train,True
2724,//kaggle/input/datasets/vtphatt2/genimage-glide/glide/imagenet_glide/train/nature/n02127052_17495.JPEG,real,0,nature,train,True
2725,//kaggle/input/datasets/vtphatt2/genimage-glide/glide/imagenet_glide/train/nature/n02110063_2387.JPEG,real,0,nature,train,True
2726,//kaggle/input/datasets/vtphatt2/genimage-glide/glide/imagenet_glide/train/nature/n04599235_1756.JPEG,real,0,nature,train,True
2727,//kaggle/input/datasets/vtphatt2/genimage-glide/glide/imagenet_glide/train/nature/n02655020_6388.JPEG,real,0,nature,train,True
2728,//kaggle/input/datasets/vtphatt2/genimage-glide/glide/imagenet_glide/train/nature/n03692522_4673.JPEG,real,0,nature,train,True
2729,//kaggle/input/datasets/vtphatt2/genimage-glide/glide/imagenet_glide/train/nature/n02104365_893.JPEG,real,0,nature,train,True
2730,//kaggle/input/datasets/vtphatt2/genimage-glide/glide/imagenet_glide/train/nature/n02859443_13463.JPEG,real,0,nature,train,True
2731,//kaggle/input/datasets/vtphatt2/genimage-glide/glide/imagenet_glide/train/nature/n01491361_6270.JPEG,real,0,nature,train,True
2732,//kaggle/input/datasets/vtphatt2/genimage-glide/glide/imagenet_glide/train/nature/n01829413_842.JPEG,real,0,nature,train,True
2733,//kaggle/input/datasets/vtphatt2/genimage-glide/glide/imagenet_glide/train/nature/n03947888_32405.JPEG,real,0,nature,train,True
2734,//kaggle/input/datasets/vtphatt2/genimage-glide/glide/imagenet_glide/train/nature/n02113023_5077.JPEG,real,0,nature,train,True
2735,//kaggle/input/datasets/vtphatt2/genimage-glide/glide/imagenet_glide/train/nature/n02488702_4333.JPEG,real,0,nature,train,True
2736,//kaggle/input/datasets/vtphatt2/genimage-glide/glide/imagenet_glide/train/nature/n02102040_4488.JPEG,real,0,nature,train,True
2737,//kaggle/input/datasets/vtphatt2/genimage-glide/glide/imagenet_glide/train/nature/n02607072_2087.JPEG,real,0,nature,train,True
2738,//kaggle/input/datasets/vtphatt2/genimage-glide/glide/imagenet_glide/train/nature/n02108000_3794.JPEG,real,0,nature,train,True
2739,//kaggle/input/datasets/vtphatt2/genimage-glide/glide/imagenet_glide/train/nature/n02526121_4541.JPEG,real,0,nature,train,True
2740,//kaggle/input/datasets/vtphatt2/genimage-glide/glide/imagenet_glide/train/nature/n02445715_14017.JPEG,real,0,nature,train,True
2741,//kaggle/input/datasets/vtphatt2/genimage-glide/glide/imagenet_glide/train/nature/n03791053_9160.JPEG,real,0,nature,train,True
2742,//kaggle/input/datasets/vtphatt2/genimage-glide/glide/imagenet_glide/train/nature/n03775546_10115.JPEG,real,0,nature,train,True
2743,//kaggle/input/datasets/vtphatt2/genimage-glide/glide/imagenet_glide/train/nature/n03692522_16978.JPEG,real,0,nature,train,True
2744,//kaggle/input/datasets/vtphatt2/genimage-glide/glide/imagenet_glide/train/nature/n02444819_187.JPEG,real,0,nature,train,True
2745,//kaggle/input/datasets/vtphatt2/genimage-glide/glide/imagenet_glide/train/nature/n04285008_12591.JPEG,real,0,nature,train,True
2746,//kaggle/input/datasets/vtphatt2/genimage-glide/glide/imagenet_glide/train/nature/n03770679_2614.JPEG,real,0,nature,train,True
2747,//kaggle/input/datasets/vtphatt2/genimage-glide/glide/imagenet_glide/train/nature/n02927161_20436.JPEG,real,0,nature,train,True
2748,//kaggle/input/datasets/vtphatt2/genimage-glide/glide/imagenet_glide/train/nature/n04074963_20760.JPEG,real,0,nature,train,True
2749,//kaggle/input/datasets/vtphatt2/genimage-glide/glide/imagenet_glide/train/nature/n02966687_9189.JPEG,real,0,nature,train,True
2750,//kaggle/input/datasets/vtphatt2/genimage-glide/glide/imagenet_glide/train/nature/n04540053_16026.JPEG,real,0,nature,train,True
2751,//kaggle/input/datasets/vtphatt2/genimage-glide/glide/imagenet_glide/train/nature/n03792972_8400.JPEG,real,0,nature,train,True
2752,//kaggle/input/datasets/vtphatt2/genimage-glide/glide/imagenet_glide/train/nature/n01740131_6776.JPEG,real,0,nature,train,True
2753,//kaggle/input/datasets/vtphatt2/genimage-glide/glide/imagenet_glide/train/nature/n03933933_18257.JPEG,real,0,nature,train,True
2754,//kaggle/input/datasets/vtphatt2/genimage-glide/glide/imagenet_glide/train/nature/n03759954_21168.JPEG,real,0,nature,train,True
2755,//kaggle/input/datasets/vtphatt2/genimage-glide/glide/imagenet_glide/train/nature/n02123159_2499.JPEG,real,0,nature,train,True
2756,//kaggle/input/datasets/vtphatt2/genimage-glide/glide/imagenet_glide/train/nature/n02510455_4544.JPEG,real,0,nature,train,True
2757,//kaggle/input/datasets/vtphatt2/genimage-glide/glide/imagenet_glide/train/nature/n04141975_38833.JPEG,real,0,nature,train,True
2758,//kaggle/input/datasets/vtphatt2/genimage-glide/glide/imagenet_glide/train/nature/n04326547_5985.JPEG,real,0,nature,train,True
2759,//kaggle/input/datasets/vtphatt2/genimage-glide/glide/imagenet_glide/train/nature/n02138441_6456.JPEG,real,0,nature,train,True
2760,//kaggle/input/datasets/vtphatt2/genimage-glide/glide/imagenet_glide/train/nature/n01930112_10750.JPEG,real,0,nature,train,True
2761,//kaggle/input/datasets/vtphatt2/genimage-glide/glide/imagenet_glide/train/nature/n03938244_8044.JPEG,real,0,nature,train,True
2762,//kaggle/input/datasets/vtphatt2/genimage-glide/glide/imagenet_glide/train/nature/n04370456_7869.JPEG,real,0,nature,train,True
2763,//kaggle/input/datasets/vtphatt2/genimage-glide/glide/imagenet_glide/train/nature/n03598930_428.JPEG,real,0,nature,train,True
2764,//kaggle/input/datasets/vtphatt2/genimage-glide/glide/imagenet_glide/train/nature/n04065272_17945.JPEG,real,0,nature,train,True
2765,//kaggle/input/datasets/vtphatt2/genimage-glide/glide/imagenet_glide/train/nature/n04310018_11688.JPEG,real,0,nature,train,True
2766,//kaggle/input/datasets/vtphatt2/genimage-glide/glide/imagenet_glide/train/nature/n02086240_6434.JPEG,real,0,nature,train,True
2767,//kaggle/input/datasets/vtphatt2/genimage-glide/glide/imagenet_glide/train/nature/n01749939_7966.JPEG,real,0,nature,train,True
2768,//kaggle/input/datasets/vtphatt2/genimage-glide/glide/imagenet_glide/train/nature/n02641379_32916.JPEG,real,0,nature,train,True
2769,//kaggle/input/datasets/vtphatt2/genimage-glide/glide/imagenet_glide/train/nature/n02950826_9509.JPEG,real,0,nature,train,True
2770,//kaggle/input/datasets/vtphatt2/genimage-glide/glide/imagenet_glide/train/nature/n07745940_7781.JPEG,real,0,nature,train,True
2771,//kaggle/input/datasets/vtphatt2/genimage-glide/glide/imagenet_glide/train/nature/n02119022_5350.JPEG,real,0,nature,train,True
2772,//kaggle/input/datasets/vtphatt2/genimage-glide/glide/imagenet_glide/train/nature/n02091134_2476.JPEG,real,0,nature,train,True
2773,//kaggle/input/datasets/vtphatt2/genimage-glide/glide/imagenet_glide/train/nature/n02361337_4072.JPEG,real,0,nature,train,True
2774,//kaggle/input/datasets/vtphatt2/genimage-glide/glide/imagenet_glide/train/nature/n02066245_18307.JPEG,real,0,nature,train,True
2775,//kaggle/input/datasets/vtphatt2/genimage-glide/glide/imagenet_glide/train/nature/n03444034_2159.JPEG,real,0,nature,train,True
2776,//kaggle/input/datasets/vtphatt2/genimage-glide/glide/imagenet_glide/train/nature/n03379051_5812.JPEG,real,0,nature,train,True
2777,//kaggle/input/datasets/vtphatt2/genimage-glide/glide/imagenet_glide/train/nature/n03134739_7566.JPEG,real,0,nature,train,True
2778,//kaggle/input/datasets/vtphatt2/genimage-glide/glide/imagenet_glide/train/nature/n02088632_5298.JPEG,real,0,nature,train,True
2779,//kaggle/input/datasets/vtphatt2/genimage-glide/glide/imagenet_glide/train/nature/n02018795_4369.JPEG,real,0,nature,train,True
2780,//kaggle/input/datasets/vtphatt2/genimage-glide/glide/imagenet_glide/train/nature/n07742313_1117.JPEG,real,0,nature,train,True
2781,//kaggle/input/datasets/vtphatt2/genimage-glide/glide/imagenet_glide/train/nature/n03482405_20315.JPEG,real,0,nature,train,True
2782,//kaggle/input/datasets/vtphatt2/genimage-glide/glide/imagenet_glide/train/nature/n01558993_2385.JPEG,real,0,nature,train,True
2783,//kaggle/input/datasets/vtphatt2/genimage-glide/glide/imagenet_glide/train/nature/n02408429_1593.JPEG,real,0,nature,train,True
2784,//kaggle/input/datasets/vtphatt2/genimage-glide/glide/imagenet_glide/train/nature/n07753592_5964.JPEG,real,0,nature,train,True
2785,//kaggle/input/datasets/vtphatt2/genimage-glide/glide/imagenet_glide/train/nature/n04366367_3461.JPEG,real,0,nature,train,True
2786,//kaggle/input/datasets/vtphatt2/genimage-glide/glide/imagenet_glide/train/nature/n01775062_772.JPEG,real,0,nature,train,True
2787,//kaggle/input/datasets/vtphatt2/genimage-glide/glide/imagenet_glide/train/nature/n01914609_522.JPEG,real,0,nature,train,True
2788,//kaggle/input/datasets/vtphatt2/genimage-glide/glide/imagenet_glide/train/nature/n01784675_5916.JPEG,real,0,nature,train,True
2789,//kaggle/input/datasets/vtphatt2/genimage-glide/glide/imagenet_glide/train/nature/n02107574_2173.JPEG,real,0,nature,train,True
2790,//kaggle/input/datasets/vtphatt2/genimage-glide/glide/imagenet_glide/train/nature/n02099429_158.JPEG,real,0,nature,train,True
2791,//kaggle/input/datasets/vtphatt2/genimage-glide/glide/imagenet_glide/train/nature/n02486261_1258.JPEG,real,0,nature,train,True
2792,//kaggle/input/datasets/vtphatt2/genimage-glide/glide/imagenet_glide/train/nature/n04238763_5515.JPEG,real,0,nature,train,True
2793,//kaggle/input/datasets/vtphatt2/genimage-glide/glide/imagenet_glide/train/nature/n02837789_11397.JPEG,real,0,nature,train,True
2794,//kaggle/input/datasets/vtphatt2/genimage-glide/glide/imagenet_glide/train/nature/n04120489_7222.JPEG,real,0,nature,train,True
2795,//kaggle/input/datasets/vtphatt2/genimage-glide/glide/imagenet_glide/train/nature/n02835271_9531.JPEG,real,0,nature,train,True
2796,//kaggle/input/datasets/vtphatt2/genimage-glide/glide/imagenet_glide/train/nature/n01986214_2489.JPEG,real,0,nature,train,True
2797,//kaggle/input/datasets/vtphatt2/genimage-glide/glide/imagenet_glide/train/nature/n03042490_124.JPEG,real,0,nature,train,True
2798,//kaggle/input/datasets/vtphatt2/genimage-glide/glide/imagenet_glide/train/nature/n03642806_19315.JPEG,real,0,nature,train,True
2799,//kaggle/input/datasets/vtphatt2/genimage-glide/glide/imagenet_glide/val/nature/ILSVRC2012_val_00002551.JPEG,real,0,nature,train,True
2800,//kaggle/input/datasets/vtphatt2/genimage-glide/glide/imagenet_glide/train/nature/n04141076_33912.JPEG,real,0,nature,train,True
2801,//kaggle/input/datasets/vtphatt2/genimage-glide/glide/imagenet_glide/train/nature/n01630670_413.JPEG,real,0,nature,train,True
2802,//kaggle/input/datasets/vtphatt2/genimage-glide/glide/imagenet_glide/train/nature/n02815834_11501.JPEG,real,0,nature,train,True
2803,//kaggle/input/datasets/vtphatt2/genimage-glide/glide/imagenet_glide/val/nature/ILSVRC2012_val_00027010.JPEG,real,0,nature,train,True
2804,//kaggle/input/datasets/vtphatt2/genimage-glide/glide/imagenet_glide/train/nature/n04136333_13253.JPEG,real,0,nature,train,True
2805,//kaggle/input/datasets/vtphatt2/genimage-glide/glide/imagenet_glide/train/nature/n02777292_12629.JPEG,real,0,nature,train,True
2806,//kaggle/input/datasets/vtphatt2/genimage-glide/glide/imagenet_glide/train/nature/n04204238_6968.JPEG,real,0,nature,train,True
2807,//kaggle/input/datasets/vtphatt2/genimage-glide/glide/imagenet_glide/train/nature/n03290653_7848.JPEG,real,0,nature,train,True
2808,//kaggle/input/datasets/vtphatt2/genimage-glide/glide/imagenet_glide/train/nature/n02259212_266.JPEG,real,0,nature,train,True
2809,//kaggle/input/datasets/vtphatt2/genimage-glide/glide/imagenet_glide/train/nature/n03814906_43833.JPEG,real,0,nature,train,True
2810,//kaggle/input/datasets/vtphatt2/genimage-glide/glide/imagenet_glide/train/nature/n01514859_69.JPEG,real,0,nature,train,True
2811,//kaggle/input/datasets/vtphatt2/genimage-glide/glide/imagenet_glide/train/nature/n07715103_3850.JPEG,real,0,nature,train,True
2812,//kaggle/input/datasets/vtphatt2/genimage-glide/glide/imagenet_glide/train/nature/n07583066_9626.JPEG,real,0,nature,train,True
2813,//kaggle/input/datasets/vtphatt2/genimage-glide/glide/imagenet_glide/train/nature/n01616318_6874.JPEG,real,0,nature,train,True
2814,//kaggle/input/datasets/vtphatt2/genimage-glide/glide/imagenet_glide/train/nature/n02109525_5524.JPEG,real,0,nature,train,True
2815,//kaggle/input/datasets/vtphatt2/genimage-glide/glide/imagenet_glide/train/nature/n02099601_3771.JPEG,real,0,nature,train,True
2816,//kaggle/input/datasets/vtphatt2/genimage-glide/glide/imagenet_glide/train/nature/n02097209_6499.JPEG,real,0,nature,train,True
2817,//kaggle/input/datasets/vtphatt2/genimage-glide/glide/imagenet_glide/train/nature/n02096585_1799.JPEG,real,0,nature,train,True
2818,//kaggle/input/datasets/vtphatt2/genimage-glide/glide/imagenet_glide/train/nature/n15075141_16377.JPEG,real,0,nature,train,True
2819,//kaggle/input/datasets/vtphatt2/genimage-glide/glide/imagenet_glide/train/nature/n04310018_3057.JPEG,real,0,nature,train,True
2820,//kaggle/input/datasets/vtphatt2/genimage-glide/glide/imagenet_glide/train/nature/n01630670_736.JPEG,real,0,nature,train,True
2821,//kaggle/input/datasets/vtphatt2/genimage-glide/glide/imagenet_glide/train/nature/n02950826_9239.JPEG,real,0,nature,train,True
2822,//kaggle/input/datasets/vtphatt2/genimage-glide/glide/imagenet_glide/train/nature/n03160309_469.JPEG,real,0,nature,train,True
2823,//kaggle/input/datasets/vtphatt2/genimage-glide/glide/imagenet_glide/train/nature/n02281787_1982.JPEG,real,0,nature,train,True
2824,//kaggle/input/datasets/vtphatt2/genimage-glide/glide/imagenet_glide/train/nature/n02101006_2776.JPEG,real,0,nature,train,True
2825,//kaggle/input/datasets/vtphatt2/genimage-glide/glide/imagenet_glide/train/nature/n02085936_18058.JPEG,real,0,nature,train,True
2826,//kaggle/input/datasets/vtphatt2/genimage-glide/glide/imagenet_glide/train/nature/n12985857_3072.JPEG,real,0,nature,train,True
2827,//kaggle/input/datasets/vtphatt2/genimage-glide/glide/imagenet_glide/train/nature/n02883205_6705.JPEG,real,0,nature,train,True
2828,//kaggle/input/datasets/vtphatt2/genimage-glide/glide/imagenet_glide/train/nature/n02114855_20455.JPEG,real,0,nature,train,True
2829,//kaggle/input/datasets/vtphatt2/genimage-glide/glide/imagenet_glide/train/nature/n03400231_17.JPEG,real,0,nature,train,True
2830,//kaggle/input/datasets/vtphatt2/genimage-glide/glide/imagenet_glide/train/nature/n02317335_16221.JPEG,real,0,nature,train,True
2831,//kaggle/input/datasets/vtphatt2/genimage-glide/glide/imagenet_glide/train/nature/n02130308_3073.JPEG,real,0,nature,train,True
2832,//kaggle/input/datasets/vtphatt2/genimage-glide/glide/imagenet_glide/train/nature/n03447447_7178.JPEG,real,0,nature,train,True
2833,//kaggle/input/datasets/vtphatt2/genimage-glide/glide/imagenet_glide/train/nature/n02484975_7748.JPEG,real,0,nature,train,True
2834,//kaggle/input/datasets/vtphatt2/genimage-glide/glide/imagenet_glide/val/nature/ILSVRC2012_val_00012301.JPEG,real,0,nature,train,True
2835,//kaggle/input/datasets/vtphatt2/genimage-glide/glide/imagenet_glide/val/nature/ILSVRC2012_val_00038860.JPEG,real,0,nature,train,True
2836,//kaggle/input/datasets/vtphatt2/genimage-glide/glide/imagenet_glide/train/nature/n03347037_12912.JPEG,real,0,nature,train,True
2837,//kaggle/input/datasets/vtphatt2/genimage-glide/glide/imagenet_glide/train/nature/n03706229_1708.JPEG,real,0,nature,train,True
2838,//kaggle/input/datasets/vtphatt2/genimage-glide/glide/imagenet_glide/train/nature/n04251144_27497.JPEG,real,0,nature,train,True
2839,//kaggle/input/datasets/vtphatt2/genimage-glide/glide/imagenet_glide/train/nature/n02346627_26423.JPEG,real,0,nature,train,True
2840,//kaggle/input/datasets/vtphatt2/genimage-glide/glide/imagenet_glide/train/nature/n07697313_13724.JPEG,real,0,nature,train,True
2841,//kaggle/input/datasets/vtphatt2/genimage-glide/glide/imagenet_glide/train/nature/n02277742_33657.JPEG,real,0,nature,train,True
2842,//kaggle/input/datasets/vtphatt2/genimage-glide/glide/imagenet_glide/train/nature/n02927161_7121.JPEG,real,0,nature,train,True
2843,//kaggle/input/datasets/vtphatt2/genimage-glide/glide/imagenet_glide/train/nature/n04265275_13504.JPEG,real,0,nature,train,True
2844,//kaggle/input/datasets/vtphatt2/genimage-glide/glide/imagenet_glide/train/nature/n01629819_344.JPEG,real,0,nature,train,True
2845,//kaggle/input/datasets/vtphatt2/genimage-glide/glide/imagenet_glide/train/nature/n02133161_6679.JPEG,real,0,nature,train,True
2846,//kaggle/input/datasets/vtphatt2/genimage-glide/glide/imagenet_glide/val/nature/ILSVRC2012_val_00005852.JPEG,real,0,nature,train,True
2847,//kaggle/input/datasets/vtphatt2/genimage-glide/glide/imagenet_glide/train/nature/n02321529_2603.JPEG,real,0,nature,train,True
2848,//kaggle/input/datasets/vtphatt2/genimage-glide/glide/imagenet_glide/train/nature/n04399382_2084.JPEG,real,0,nature,train,True
2849,//kaggle/input/datasets/vtphatt2/genimage-glide/glide/imagenet_glide/train/nature/n04116512_96361.JPEG,real,0,nature,train,True
2850,//kaggle/input/datasets/vtphatt2/genimage-glide/glide/imagenet_glide/train/nature/n02667093_10233.JPEG,real,0,nature,train,True
2851,//kaggle/input/datasets/vtphatt2/genimage-glide/glide/imagenet_glide/train/nature/n02114367_18759.JPEG,real,0,nature,train,True
2852,//kaggle/input/datasets/vtphatt2/genimage-glide/glide/imagenet_glide/train/nature/n02087046_2107.JPEG,real,0,nature,train,True
2853,//kaggle/input/datasets/vtphatt2/genimage-glide/glide/imagenet_glide/train/nature/n03220513_12429.JPEG,real,0,nature,train,True
2854,//kaggle/input/datasets/vtphatt2/genimage-glide/glide/imagenet_glide/train/nature/n02457408_949.JPEG,real,0,nature,train,True
2855,//kaggle/input/datasets/vtphatt2/genimage-glide/glide/imagenet_glide/train/nature/n03297495_271.JPEG,real,0,nature,train,True
2856,//kaggle/input/datasets/vtphatt2/genimage-glide/glide/imagenet_glide/train/nature/n03929855_998.JPEG,real,0,nature,train,True
2857,//kaggle/input/datasets/vtphatt2/genimage-glide/glide/imagenet_glide/train/nature/n02077923_13504.JPEG,real,0,nature,train,True
2858,//kaggle/input/datasets/vtphatt2/genimage-glide/glide/imagenet_glide/train/nature/n02094258_257.JPEG,real,0,nature,train,True
2859,//kaggle/input/datasets/vtphatt2/genimage-glide/glide/imagenet_glide/train/nature/n03871628_10808.JPEG,real,0,nature,train,True
2860,//kaggle/input/datasets/vtphatt2/genimage-glide/glide/imagenet_glide/train/nature/n02395406_7894.JPEG,real,0,nature,train,True
2861,//kaggle/input/datasets/vtphatt2/genimage-glide/glide/imagenet_glide/val/nature/ILSVRC2012_val_00011113.JPEG,real,0,nature,train,True
2862,//kaggle/input/datasets/vtphatt2/genimage-glide/glide/imagenet_glide/train/nature/n04398044_14864.JPEG,real,0,nature,train,True
2863,//kaggle/input/datasets/vtphatt2/genimage-glide/glide/imagenet_glide/train/nature/n04332243_23601.JPEG,real,0,nature,train,True
2864,//kaggle/input/datasets/vtphatt2/genimage-glide/glide/imagenet_glide/train/nature/n02128757_3393.JPEG,real,0,nature,train,True
2865,//kaggle/input/datasets/vtphatt2/genimage-glide/glide/imagenet_glide/train/nature/n02443484_5584.JPEG,real,0,nature,train,True
2866,//kaggle/input/datasets/vtphatt2/genimage-glide/glide/imagenet_glide/train/nature/n02930766_31505.JPEG,real,0,nature,train,True
2867,//kaggle/input/datasets/vtphatt2/genimage-glide/glide/imagenet_glide/train/nature/n01950731_12223.JPEG,real,0,nature,train,True
2868,//kaggle/input/datasets/vtphatt2/genimage-glide/glide/imagenet_glide/train/nature/n02106550_11728.JPEG,real,0,nature,train,True
2869,//kaggle/input/datasets/vtphatt2/genimage-glide/glide/imagenet_glide/train/nature/n04418357_47553.JPEG,real,0,nature,train,True
2870,//kaggle/input/datasets/vtphatt2/genimage-glide/glide/imagenet_glide/train/nature/n01498041_7945.JPEG,real,0,nature,train,True
2871,//kaggle/input/datasets/vtphatt2/genimage-glide/glide/imagenet_glide/train/nature/n02113624_317.JPEG,real,0,nature,train,True
2872,//kaggle/input/datasets/vtphatt2/genimage-glide/glide/imagenet_glide/train/nature/n02346627_676.JPEG,real,0,nature,train,True
2873,//kaggle/input/datasets/vtphatt2/genimage-glide/glide/imagenet_glide/train/nature/n02666196_15705.JPEG,real,0,nature,train,True
2874,//kaggle/input/datasets/vtphatt2/genimage-glide/glide/imagenet_glide/train/nature/n02107683_3685.JPEG,real,0,nature,train,True
2875,//kaggle/input/datasets/vtphatt2/genimage-glide/glide/imagenet_glide/train/nature/n01728572_11829.JPEG,real,0,nature,train,True
2876,//kaggle/input/datasets/vtphatt2/genimage-glide/glide/imagenet_glide/train/nature/n01582220_5919.JPEG,real,0,nature,train,True
2877,//kaggle/input/datasets/vtphatt2/genimage-glide/glide/imagenet_glide/train/nature/n04120489_4394.JPEG,real,0,nature,train,True
2878,//kaggle/input/datasets/vtphatt2/genimage-glide/glide/imagenet_glide/train/nature/n09468604_71008.JPEG,real,0,nature,train,True
2879,//kaggle/input/datasets/vtphatt2/genimage-glide/glide/imagenet_glide/train/nature/n03476684_16184.JPEG,real,0,nature,train,True
2880,//kaggle/input/datasets/vtphatt2/genimage-glide/glide/imagenet_glide/train/nature/n02412080_58270.JPEG,real,0,nature,train,True
2881,//kaggle/input/datasets/vtphatt2/genimage-glide/glide/imagenet_glide/train/nature/n03110669_112334.JPEG,real,0,nature,train,True
2882,//kaggle/input/datasets/vtphatt2/genimage-glide/glide/imagenet_glide/train/nature/n03476684_11647.JPEG,real,0,nature,train,True
2883,//kaggle/input/datasets/vtphatt2/genimage-glide/glide/imagenet_glide/train/nature/n02843684_19200.JPEG,real,0,nature,train,True
2884,//kaggle/input/datasets/vtphatt2/genimage-glide/glide/imagenet_glide/train/nature/n01494475_2572.JPEG,real,0,nature,train,True
2885,//kaggle/input/datasets/vtphatt2/genimage-glide/glide/imagenet_glide/train/nature/n03888257_9874.JPEG,real,0,nature,train,True
2886,//kaggle/input/datasets/vtphatt2/genimage-glide/glide/imagenet_glide/train/nature/n01833805_2016.JPEG,real,0,nature,train,True
2887,//kaggle/input/datasets/vtphatt2/genimage-glide/glide/imagenet_glide/train/nature/n01986214_8426.JPEG,real,0,nature,train,True
2888,//kaggle/input/datasets/vtphatt2/genimage-glide/glide/imagenet_glide/train/nature/n02105251_5649.JPEG,real,0,nature,train,True
2889,//kaggle/input/datasets/vtphatt2/genimage-glide/glide/imagenet_glide/train/nature/n01818515_5022.JPEG,real,0,nature,train,True
2890,//kaggle/input/datasets/vtphatt2/genimage-glide/glide/imagenet_glide/train/nature/n02437312_6950.JPEG,real,0,nature,train,True
2891,//kaggle/input/datasets/vtphatt2/genimage-glide/glide/imagenet_glide/train/nature/n02037110_29096.JPEG,real,0,nature,train,True
2892,//kaggle/input/datasets/vtphatt2/genimage-glide/glide/imagenet_glide/train/nature/n03874599_10128.JPEG,real,0,nature,train,True
2893,//kaggle/input/datasets/vtphatt2/genimage-glide/glide/imagenet_glide/train/nature/n03950228_39.JPEG,real,0,nature,train,True
2894,//kaggle/input/datasets/vtphatt2/genimage-glide/glide/imagenet_glide/train/nature/n02930766_12634.JPEG,real,0,nature,train,True
2895,//kaggle/input/datasets/vtphatt2/genimage-glide/glide/imagenet_glide/train/nature/n01688243_2802.JPEG,real,0,nature,train,True
2896,//kaggle/input/datasets/vtphatt2/genimage-glide/glide/imagenet_glide/train/nature/n04482393_11531.JPEG,real,0,nature,train,True
2897,//kaggle/input/datasets/vtphatt2/genimage-glide/glide/imagenet_glide/train/nature/n04204347_11480.JPEG,real,0,nature,train,True
2898,//kaggle/input/datasets/vtphatt2/genimage-glide/glide/imagenet_glide/train/nature/n01843065_9272.JPEG,real,0,nature,train,True
2899,//kaggle/input/datasets/vtphatt2/genimage-glide/glide/imagenet_glide/train/nature/n04118776_42997.JPEG,real,0,nature,train,True
2900,//kaggle/input/datasets/vtphatt2/genimage-glide/glide/imagenet_glide/train/nature/n02105162_2569.JPEG,real,0,nature,train,True
2901,//kaggle/input/datasets/vtphatt2/genimage-glide/glide/imagenet_glide/train/nature/n02102040_3699.JPEG,real,0,nature,train,True
2902,//kaggle/input/datasets/vtphatt2/genimage-glide/glide/imagenet_glide/train/nature/n03297495_10358.JPEG,real,0,nature,train,True
2903,//kaggle/input/datasets/vtphatt2/genimage-glide/glide/imagenet_glide/train/nature/n03018349_11384.JPEG,real,0,nature,train,True
2904,//kaggle/input/datasets/vtphatt2/genimage-glide/glide/imagenet_glide/train/nature/n01917289_2033.JPEG,real,0,nature,train,True
2905,//kaggle/input/datasets/vtphatt2/genimage-glide/glide/imagenet_glide/train/nature/n04118776_58509.JPEG,real,0,nature,train,True
2906,//kaggle/input/datasets/vtphatt2/genimage-glide/glide/imagenet_glide/val/nature/ILSVRC2012_val_00045497.JPEG,real,0,nature,train,True
2907,//kaggle/input/datasets/vtphatt2/genimage-glide/glide/imagenet_glide/train/nature/n03424325_3091.JPEG,real,0,nature,train,True
2908,//kaggle/input/datasets/vtphatt2/genimage-glide/glide/imagenet_glide/train/nature/n02356798_6880.JPEG,real,0,nature,train,True
2909,//kaggle/input/datasets/vtphatt2/genimage-glide/glide/imagenet_glide/train/nature/n02096177_9475.JPEG,real,0,nature,train,True
2910,//kaggle/input/datasets/vtphatt2/genimage-glide/glide/imagenet_glide/train/nature/n02168699_7216.JPEG,real,0,nature,train,True
2911,//kaggle/input/datasets/vtphatt2/genimage-glide/glide/imagenet_glide/train/nature/n02509815_2756.JPEG,real,0,nature,train,True
2912,//kaggle/input/datasets/vtphatt2/genimage-glide/glide/imagenet_glide/val/nature/ILSVRC2012_val_00018917.JPEG,real,0,nature,train,True
2913,//kaggle/input/datasets/vtphatt2/genimage-glide/glide/imagenet_glide/train/nature/n04398044_14026.JPEG,real,0,nature,train,True
2914,//kaggle/input/datasets/vtphatt2/genimage-glide/glide/imagenet_glide/train/nature/n02412080_13675.JPEG,real,0,nature,train,True
2915,//kaggle/input/datasets/vtphatt2/genimage-glide/glide/imagenet_glide/train/nature/n02823750_670.JPEG,real,0,nature,train,True
2916,//kaggle/input/datasets/vtphatt2/genimage-glide/glide/imagenet_glide/train/nature/n02088238_10557.JPEG,real,0,nature,train,True
2917,//kaggle/input/datasets/vtphatt2/genimage-glide/glide/imagenet_glide/train/nature/n04344873_15009.JPEG,real,0,nature,train,True
2918,//kaggle/input/datasets/vtphatt2/genimage-glide/glide/imagenet_glide/train/nature/n02481823_15882.JPEG,real,0,nature,train,True
2919,//kaggle/input/datasets/vtphatt2/genimage-glide/glide/imagenet_glide/train/nature/n02804414_8784.JPEG,real,0,nature,train,True
2920,//kaggle/input/datasets/vtphatt2/genimage-glide/glide/imagenet_glide/train/nature/n02105162_17.JPEG,real,0,nature,train,True
2921,//kaggle/input/datasets/vtphatt2/genimage-glide/glide/imagenet_glide/train/nature/n02490219_7180.JPEG,real,0,nature,train,True
2922,//kaggle/input/datasets/vtphatt2/genimage-glide/glide/imagenet_glide/train/nature/n03443371_4060.JPEG,real,0,nature,train,True
2923,//kaggle/input/datasets/vtphatt2/genimage-glide/glide/imagenet_glide/train/nature/n03874599_5690.JPEG,real,0,nature,train,True
2924,//kaggle/input/datasets/vtphatt2/genimage-glide/glide/imagenet_glide/train/nature/n04208210_37646.JPEG,real,0,nature,train,True
2925,//kaggle/input/datasets/vtphatt2/genimage-glide/glide/imagenet_glide/train/nature/n02971356_7758.JPEG,real,0,nature,train,True
2926,//kaggle/input/datasets/vtphatt2/genimage-glide/glide/imagenet_glide/train/nature/n04557648_4375.JPEG,real,0,nature,train,True
2927,//kaggle/input/datasets/vtphatt2/genimage-glide/glide/imagenet_glide/train/nature/n04548280_1248.JPEG,real,0,nature,train,True
2928,//kaggle/input/datasets/vtphatt2/genimage-glide/glide/imagenet_glide/train/nature/n04311004_10683.JPEG,real,0,nature,train,True
2929,//kaggle/input/datasets/vtphatt2/genimage-glide/glide/imagenet_glide/train/nature/n01693334_12138.JPEG,real,0,nature,train,True
2930,//kaggle/input/datasets/vtphatt2/genimage-glide/glide/imagenet_glide/train/nature/n03785016_50100.JPEG,real,0,nature,train,True
2931,//kaggle/input/datasets/vtphatt2/genimage-glide/glide/imagenet_glide/train/nature/n09399592_36437.JPEG,real,0,nature,train,True
2932,//kaggle/input/datasets/vtphatt2/genimage-glide/glide/imagenet_glide/train/nature/n03584254_5463.JPEG,real,0,nature,train,True
2933,//kaggle/input/datasets/vtphatt2/genimage-glide/glide/imagenet_glide/train/nature/n02017213_3626.JPEG,real,0,nature,train,True
2934,//kaggle/input/datasets/vtphatt2/genimage-glide/glide/imagenet_glide/train/nature/n02356798_6003.JPEG,real,0,nature,train,True
2935,//kaggle/input/datasets/vtphatt2/genimage-glide/glide/imagenet_glide/train/nature/n07714571_19862.JPEG,real,0,nature,train,True
2936,//kaggle/input/datasets/vtphatt2/genimage-glide/glide/imagenet_glide/train/nature/n04355933_1080.JPEG,real,0,nature,train,True
2937,//kaggle/input/datasets/vtphatt2/genimage-glide/glide/imagenet_glide/train/nature/n02493793_71.JPEG,real,0,nature,train,True
2938,//kaggle/input/datasets/vtphatt2/genimage-glide/glide/imagenet_glide/train/nature/n03691459_32282.JPEG,real,0,nature,train,True
2939,//kaggle/input/datasets/vtphatt2/genimage-glide/glide/imagenet_glide/train/nature/n02422699_13294.JPEG,real,0,nature,train,True
2940,//kaggle/input/datasets/vtphatt2/genimage-glide/glide/imagenet_glide/train/nature/n01728572_24486.JPEG,real,0,nature,train,True
2941,//kaggle/input/datasets/vtphatt2/genimage-glide/glide/imagenet_glide/train/nature/n02104365_8047.JPEG,real,0,nature,train,True
2942,//kaggle/input/datasets/vtphatt2/genimage-glide/glide/imagenet_glide/train/nature/n02086646_9269.JPEG,real,0,nature,train,True
2943,//kaggle/input/datasets/vtphatt2/genimage-glide/glide/imagenet_glide/train/nature/n04357314_1183.JPEG,real,0,nature,train,True
2944,//kaggle/input/datasets/vtphatt2/genimage-glide/glide/imagenet_glide/train/nature/n02123394_7054.JPEG,real,0,nature,train,True
2945,//kaggle/input/datasets/vtphatt2/genimage-glide/glide/imagenet_glide/train/nature/n04357314_4303.JPEG,real,0,nature,train,True
2946,//kaggle/input/datasets/vtphatt2/genimage-glide/glide/imagenet_glide/train/nature/n04204347_42.JPEG,real,0,nature,train,True
2947,//kaggle/input/datasets/vtphatt2/genimage-glide/glide/imagenet_glide/train/nature/n03325584_212.JPEG,real,0,nature,train,True
2948,//kaggle/input/datasets/vtphatt2/genimage-glide/glide/imagenet_glide/train/nature/n04517823_21250.JPEG,real,0,nature,train,True
2949,//kaggle/input/datasets/vtphatt2/genimage-glide/glide/imagenet_glide/train/nature/n03803284_13301.JPEG,real,0,nature,train,True
2950,//kaggle/input/datasets/vtphatt2/genimage-glide/glide/imagenet_glide/train/nature/n04285008_2041.JPEG,real,0,nature,train,True
2951,//kaggle/input/datasets/vtphatt2/genimage-glide/glide/imagenet_glide/train/nature/n01775062_4054.JPEG,real,0,nature,train,True
2952,//kaggle/input/datasets/vtphatt2/genimage-glide/glide/imagenet_glide/train/nature/n02843684_18442.JPEG,real,0,nature,train,True
2953,//kaggle/input/datasets/vtphatt2/genimage-glide/glide/imagenet_glide/train/nature/n03777754_2644.JPEG,real,0,nature,train,True
2954,//kaggle/input/datasets/vtphatt2/genimage-glide/glide/imagenet_glide/train/nature/n03837869_6746.JPEG,real,0,nature,train,True
2955,//kaggle/input/datasets/vtphatt2/genimage-glide/glide/imagenet_glide/train/nature/n04344873_6346.JPEG,real,0,nature,train,True
2956,//kaggle/input/datasets/vtphatt2/genimage-glide/glide/imagenet_glide/val/nature/ILSVRC2012_val_00040573.JPEG,real,0,nature,train,True
2957,//kaggle/input/datasets/vtphatt2/genimage-glide/glide/imagenet_glide/val/nature/ILSVRC2012_val_00000699.JPEG,real,0,nature,train,True
2958,//kaggle/input/datasets/vtphatt2/genimage-glide/glide/imagenet_glide/train/nature/n03443371_9142.JPEG,real,0,nature,train,True
2959,//kaggle/input/datasets/vtphatt2/genimage-glide/glide/imagenet_glide/train/nature/n03662601_33184.JPEG,real,0,nature,train,True
2960,//kaggle/input/datasets/vtphatt2/genimage-glide/glide/imagenet_glide/train/nature/n03759954_4178.JPEG,real,0,nature,train,True
2961,//kaggle/input/datasets/vtphatt2/genimage-glide/glide/imagenet_glide/train/nature/n04591157_6142.JPEG,real,0,nature,train,True
2962,//kaggle/input/datasets/vtphatt2/genimage-glide/glide/imagenet_glide/train/nature/n02092002_7744.JPEG,real,0,nature,train,True
2963,//kaggle/input/datasets/vtphatt2/genimage-glide/glide/imagenet_glide/train/nature/n02783161_14772.JPEG,real,0,nature,train,True
2964,//kaggle/input/datasets/vtphatt2/genimage-glide/glide/imagenet_glide/train/nature/n01688243_3586.JPEG,real,0,nature,train,True
2965,//kaggle/input/datasets/vtphatt2/genimage-glide/glide/imagenet_glide/train/nature/n01518878_6437.JPEG,real,0,nature,train,True
2966,//kaggle/input/datasets/vtphatt2/genimage-glide/glide/imagenet_glide/train/nature/n02101556_7544.JPEG,real,0,nature,train,True
2967,//kaggle/input/datasets/vtphatt2/genimage-glide/glide/imagenet_glide/train/nature/n02835271_554.JPEG,real,0,nature,train,True
2968,//kaggle/input/datasets/vtphatt2/genimage-glide/glide/imagenet_glide/train/nature/n04008634_4244.JPEG,real,0,nature,train,True
2969,//kaggle/input/datasets/vtphatt2/genimage-glide/glide/imagenet_glide/train/nature/n03947888_2557.JPEG,real,0,nature,train,True
2970,//kaggle/input/datasets/vtphatt2/genimage-glide/glide/imagenet_glide/train/nature/n02939185_6758.JPEG,real,0,nature,train,True
2971,//kaggle/input/datasets/vtphatt2/genimage-glide/glide/imagenet_glide/train/nature/n03207743_1135.JPEG,real,0,nature,train,True
2972,//kaggle/input/datasets/vtphatt2/genimage-glide/glide/imagenet_glide/train/nature/n02256656_10674.JPEG,real,0,nature,train,True
2973,//kaggle/input/datasets/vtphatt2/genimage-glide/glide/imagenet_glide/train/nature/n03384352_19361.JPEG,real,0,nature,train,True
2974,//kaggle/input/datasets/vtphatt2/genimage-glide/glide/imagenet_glide/train/nature/n01693334_10597.JPEG,real,0,nature,train,True
2975,//kaggle/input/datasets/vtphatt2/genimage-glide/glide/imagenet_glide/train/nature/n01872401_4208.JPEG,real,0,nature,train,True
2976,//kaggle/input/datasets/vtphatt2/genimage-glide/glide/imagenet_glide/train/nature/n02980441_22662.JPEG,real,0,nature,train,True
2977,//kaggle/input/datasets/vtphatt2/genimage-glide/glide/imagenet_glide/train/nature/n02017213_13033.JPEG,real,0,nature,train,True
2978,//kaggle/input/datasets/vtphatt2/genimage-glide/glide/imagenet_glide/train/nature/n02120079_9873.JPEG,real,0,nature,train,True
2979,//kaggle/input/datasets/vtphatt2/genimage-glide/glide/imagenet_glide/train/nature/n03814639_1446.JPEG,real,0,nature,train,True
2980,//kaggle/input/datasets/vtphatt2/genimage-glide/glide/imagenet_glide/train/nature/n02110806_10502.JPEG,real,0,nature,train,True
2981,//kaggle/input/datasets/vtphatt2/genimage-glide/glide/imagenet_glide/train/nature/n03710721_25714.JPEG,real,0,nature,train,True
2982,//kaggle/input/datasets/vtphatt2/genimage-glide/glide/imagenet_glide/train/nature/n01773549_2647.JPEG,real,0,nature,train,True
2983,//kaggle/input/datasets/vtphatt2/genimage-glide/glide/imagenet_glide/train/nature/n09835506_5455.JPEG,real,0,nature,train,True
2984,//kaggle/input/datasets/vtphatt2/genimage-glide/glide/imagenet_glide/train/nature/n01872401_7787.JPEG,real,0,nature,train,True
2985,//kaggle/input/datasets/vtphatt2/genimage-glide/glide/imagenet_glide/val/nature/ILSVRC2012_val_00013885.JPEG,real,0,nature,train,True
2986,//kaggle/input/datasets/vtphatt2/genimage-glide/glide/imagenet_glide/train/nature/n03888605_15055.JPEG,real,0,nature,train,True
2987,//kaggle/input/datasets/vtphatt2/genimage-glide/glide/imagenet_glide/train/nature/n03697007_10170.JPEG,real,0,nature,train,True
2988,//kaggle/input/datasets/vtphatt2/genimage-glide/glide/imagenet_glide/train/nature/n02097130_1261.JPEG,real,0,nature,train,True
2989,//kaggle/input/datasets/vtphatt2/genimage-glide/glide/imagenet_glide/train/nature/n03063599_3757.JPEG,real,0,nature,train,True
2990,//kaggle/input/datasets/vtphatt2/genimage-glide/glide/imagenet_glide/train/nature/n03633091_20662.JPEG,real,0,nature,train,True
2991,//kaggle/input/datasets/vtphatt2/genimage-glide/glide/imagenet_glide/train/nature/n04317175_1201.JPEG,real,0,nature,train,True
2992,//kaggle/input/datasets/vtphatt2/genimage-glide/glide/imagenet_glide/train/nature/n07768694_25811.JPEG,real,0,nature,train,True
2993,//kaggle/input/datasets/vtphatt2/genimage-glide/glide/imagenet_glide/train/nature/n04467665_23715.JPEG,real,0,nature,train,True
2994,//kaggle/input/datasets/vtphatt2/genimage-glide/glide/imagenet_glide/train/nature/n02100735_5649.JPEG,real,0,nature,train,True
2995,//kaggle/input/datasets/vtphatt2/genimage-glide/glide/imagenet_glide/train/nature/n01883070_6608.JPEG,real,0,nature,train,True
2996,//kaggle/input/datasets/vtphatt2/genimage-glide/glide/imagenet_glide/train/nature/n03584829_23319.JPEG,real,0,nature,train,True
2997,//kaggle/input/datasets/vtphatt2/genimage-glide/glide/imagenet_glide/train/nature/n01440764_12502.JPEG,real,0,nature,train,True
2998,//kaggle/input/datasets/vtphatt2/genimage-glide/glide/imagenet_glide/train/nature/n03584829_11907.JPEG,real,0,nature,train,True
2999,//kaggle/input/datasets/vtphatt2/genimage-glide/glide/imagenet_glide/train/nature/n03179701_34648.JPEG,real,0,nature,train,True
